cell_id,cycle,impedance_ohm,impedance_growth_pct
cell_001,1,0.04893,0.37
cell_001,2,0.04852,-0.46
cell_001,3,0.04918,0.88
cell_001,4,0.0489,0.31
cell_001,5,0.04879,0.08
cell_001,6,0.0491,0.73
cell_001,7,0.04907,0.66
cell_001,8,0.04912,0.75
cell_001,9,0.0484,-0.71
cell_001,10,0.0489,0.31
cell_001,11,0.04864,-0.23
cell_001,12,0.04895,0.41
cell_001,13,0.04851,-0.5
cell_001,14,0.04884,0.18
cell_001,15,0.04908,0.68
cell_001,16,0.04918,0.89
cell_001,17,0.0488,0.1
cell_001,18,0.04903,0.58
cell_001,19,0.04916,0.85
cell_001,20,0.04881,0.13
cell_001,21,0.04851,-0.5
cell_001,22,0.04899,0.49
cell_001,23,0.04924,1.01
cell_001,24,0.04922,0.97
cell_001,25,0.04851,-0.5
cell_001,26,0.04869,-0.12
cell_001,27,0.04868,-0.14
cell_001,28,0.04852,-0.48
cell_001,29,0.04908,0.68
cell_001,30,0.04917,0.87
cell_001,31,0.04882,0.15
cell_001,32,0.04877,0.05
cell_001,33,0.04864,-0.23
cell_001,34,0.04904,0.59
cell_001,35,0.04907,0.65
cell_001,36,0.04923,0.97
cell_001,37,0.04885,0.2
cell_001,38,0.04895,0.41
cell_001,39,0.04873,-0.03
cell_001,40,0.0489,0.32
cell_001,41,0.049,0.51
cell_001,42,0.04889,0.28
cell_001,43,0.04895,0.41
cell_001,44,0.04957,1.69
cell_001,45,0.04921,0.93
cell_001,46,0.04957,1.67
cell_001,47,0.04961,1.76
cell_001,48,0.04872,-0.06
cell_001,49,0.04952,1.58
cell_001,50,0.04893,0.37
cell_001,51,0.0494,1.32
cell_001,52,0.04929,1.1
cell_001,53,0.04915,0.82
cell_001,54,0.04907,0.66
cell_001,55,0.04889,0.29
cell_001,56,0.04968,1.91
cell_001,57,0.04953,1.61
cell_001,58,0.04907,0.66
cell_001,59,0.04887,0.25
cell_001,60,0.0497,1.95
cell_001,61,0.04918,0.87
cell_001,62,0.04885,0.2
cell_001,63,0.04932,1.16
cell_001,64,0.04895,0.41
cell_001,65,0.049,0.52
cell_001,66,0.04979,2.14
cell_001,67,0.04901,0.54
cell_001,68,0.04903,0.57
cell_001,69,0.04954,1.62
cell_001,70,0.04923,0.99
cell_001,71,0.04929,1.11
cell_001,72,0.04953,1.59
cell_001,73,0.0493,1.13
cell_001,74,0.04908,0.67
cell_001,75,0.04923,0.97
cell_001,76,0.04902,0.54
cell_001,77,0.04962,1.79
cell_001,78,0.0498,2.15
cell_001,79,0.04922,0.97
cell_001,80,0.04914,0.8
cell_001,81,0.04948,1.49
cell_001,82,0.04906,0.63
cell_001,83,0.04905,0.61
cell_001,84,0.04919,0.91
cell_001,85,0.05,2.57
cell_001,86,0.04951,1.56
cell_001,87,0.04945,1.44
cell_001,88,0.0494,1.33
cell_001,89,0.04927,1.06
cell_001,90,0.04925,1.02
cell_001,91,0.04967,1.89
cell_001,92,0.04981,2.17
cell_001,93,0.04922,0.96
cell_001,94,0.04947,1.48
cell_001,95,0.0498,2.16
cell_001,96,0.04993,2.42
cell_001,97,0.04916,0.84
cell_001,98,0.05002,2.61
cell_001,99,0.04924,1.01
cell_001,100,0.05003,2.64
cell_001,101,0.05004,2.65
cell_001,102,0.04957,1.67
cell_001,103,0.04973,2.02
cell_001,104,0.04966,1.86
cell_001,105,0.04995,2.46
cell_001,106,0.04934,1.21
cell_001,107,0.05001,2.59
cell_001,108,0.04934,1.22
cell_001,109,0.05009,2.74
cell_001,110,0.04949,1.52
cell_001,111,0.05014,2.85
cell_001,112,0.04967,1.89
cell_001,113,0.04967,1.88
cell_001,114,0.04981,2.16
cell_001,115,0.04984,2.23
cell_001,116,0.04993,2.42
cell_001,117,0.05032,3.22
cell_001,118,0.0497,1.94
cell_001,119,0.05007,2.72
cell_001,120,0.04967,1.89
cell_001,121,0.05023,3.03
cell_001,122,0.0495,1.54
cell_001,123,0.05001,2.58
cell_001,124,0.04993,2.42
cell_001,125,0.05007,2.7
cell_001,126,0.04991,2.37
cell_001,127,0.04968,1.91
cell_001,128,0.04977,2.1
cell_001,129,0.0502,2.97
cell_001,130,0.04993,2.42
cell_001,131,0.04999,2.54
cell_001,132,0.04971,1.97
cell_001,133,0.04971,1.98
cell_001,134,0.04983,2.21
cell_001,135,0.05014,2.86
cell_001,136,0.0499,2.37
cell_001,137,0.04956,1.66
cell_001,138,0.04979,2.13
cell_001,139,0.05028,3.15
cell_001,140,0.0504,3.38
cell_001,141,0.04975,2.06
cell_001,142,0.05052,3.64
cell_001,143,0.04992,2.41
cell_001,144,0.04975,2.05
cell_001,145,0.04984,2.23
cell_001,146,0.05035,3.28
cell_001,147,0.05007,2.7
cell_001,148,0.05023,3.04
cell_001,149,0.05004,2.65
cell_001,150,0.05032,3.22
cell_001,151,0.04972,1.99
cell_001,152,0.05064,3.89
cell_001,153,0.04999,2.53
cell_001,154,0.0504,3.39
cell_001,155,0.0505,3.59
cell_001,156,0.05005,2.66
cell_001,157,0.05059,3.77
cell_001,158,0.04986,2.27
cell_001,159,0.05064,3.87
cell_001,160,0.05027,3.13
cell_001,161,0.05025,3.07
cell_001,162,0.05003,2.64
cell_001,163,0.04988,2.32
cell_001,164,0.05022,3.02
cell_001,165,0.05056,3.72
cell_001,166,0.05078,4.16
cell_001,167,0.05037,3.32
cell_001,168,0.04989,2.33
cell_001,169,0.04989,2.33
cell_001,170,0.05032,3.22
cell_001,171,0.05059,3.77
cell_001,172,0.05065,3.89
cell_001,173,0.0503,3.17
cell_001,174,0.0508,4.21
cell_001,175,0.05063,3.86
cell_001,176,0.05077,4.14
cell_001,177,0.0504,3.39
cell_001,178,0.0504,3.38
cell_001,179,0.05029,3.16
cell_001,180,0.05034,3.27
cell_001,181,0.05006,2.7
cell_001,182,0.05035,3.29
cell_001,183,0.05081,4.22
cell_001,184,0.05011,2.8
cell_001,185,0.05022,3.01
cell_001,186,0.0502,2.98
cell_001,187,0.05009,2.75
cell_001,188,0.05025,3.07
cell_001,189,0.05039,3.36
cell_001,190,0.05067,3.95
cell_001,191,0.05011,2.8
cell_001,192,0.05032,3.22
cell_001,193,0.05012,2.81
cell_001,194,0.05024,3.05
cell_001,195,0.05035,3.27
cell_001,196,0.05031,3.2
cell_001,197,0.05096,4.54
cell_001,198,0.05015,2.88
cell_001,199,0.05113,4.88
cell_001,200,0.05103,4.69
cell_001,201,0.05034,3.26
cell_001,202,0.05099,4.59
cell_001,203,0.0509,4.42
cell_001,204,0.05117,4.96
cell_001,205,0.05115,4.91
cell_001,206,0.05049,3.58
cell_001,207,0.05065,3.91
cell_001,208,0.05067,3.94
cell_001,209,0.05097,4.56
cell_001,210,0.05115,4.92
cell_001,211,0.05076,4.11
cell_001,212,0.0506,3.79
cell_001,213,0.05092,4.45
cell_001,214,0.0508,4.21
cell_001,215,0.05111,4.84
cell_001,216,0.05106,4.73
cell_001,217,0.05059,3.78
cell_001,218,0.05128,5.19
cell_001,219,0.05053,3.64
cell_001,220,0.05106,4.74
cell_001,221,0.05074,4.08
cell_001,222,0.05048,3.55
cell_001,223,0.05116,4.94
cell_001,224,0.05081,4.23
cell_001,225,0.05061,3.81
cell_001,226,0.05076,4.13
cell_001,227,0.05139,5.41
cell_001,228,0.05068,3.95
cell_001,229,0.05047,3.53
cell_001,230,0.05112,4.87
cell_001,231,0.05077,4.14
cell_001,232,0.05099,4.59
cell_001,233,0.05064,3.87
cell_001,234,0.05087,4.35
cell_001,235,0.05127,5.16
cell_001,236,0.05088,4.36
cell_001,237,0.05058,3.75
cell_001,238,0.05095,4.52
cell_001,239,0.05113,4.87
cell_001,240,0.05124,5.11
cell_001,241,0.05099,4.59
cell_001,242,0.05071,4.02
cell_001,243,0.05128,5.18
cell_001,244,0.05139,5.41
cell_001,245,0.05062,3.84
cell_001,246,0.051,4.61
cell_001,247,0.05149,5.63
cell_001,248,0.05088,4.36
cell_001,249,0.05146,5.56
cell_001,250,0.05117,4.97
cell_001,251,0.05156,5.76
cell_001,252,0.05157,5.78
cell_001,253,0.05148,5.59
cell_001,254,0.05083,4.27
cell_001,255,0.05159,5.83
cell_001,256,0.05083,4.26
cell_001,257,0.05083,4.27
cell_001,258,0.05078,4.16
cell_001,259,0.05172,6.08
cell_001,260,0.05078,4.16
cell_001,261,0.05153,5.7
cell_001,262,0.05082,4.24
cell_001,263,0.05112,4.86
cell_001,264,0.05147,5.59
cell_001,265,0.05141,5.45
cell_001,266,0.05128,5.19
cell_001,267,0.05159,5.83
cell_001,268,0.05097,4.55
cell_001,269,0.05161,5.87
cell_001,270,0.05175,6.16
cell_001,271,0.05094,4.5
cell_001,272,0.05124,5.11
cell_001,273,0.05174,6.14
cell_001,274,0.05122,5.08
cell_001,275,0.05118,4.99
cell_001,276,0.05163,5.92
cell_001,277,0.051,4.61
cell_001,278,0.05185,6.36
cell_001,279,0.05157,5.79
cell_001,280,0.05165,5.96
cell_001,281,0.05167,6.0
cell_001,282,0.05125,5.12
cell_001,283,0.05178,6.22
cell_001,284,0.05111,4.84
cell_001,285,0.05157,5.79
cell_001,286,0.05188,6.42
cell_001,287,0.05125,5.12
cell_001,288,0.05109,4.81
cell_001,289,0.05177,6.19
cell_001,290,0.05202,6.72
cell_001,291,0.05114,4.91
cell_001,292,0.05151,5.67
cell_001,293,0.0513,5.23
cell_001,294,0.05117,4.97
cell_001,295,0.05199,6.65
cell_001,296,0.05168,6.01
cell_001,297,0.05186,6.38
cell_001,298,0.05124,5.11
cell_001,299,0.05207,6.82
cell_001,300,0.05214,6.95
cell_001,301,0.05184,6.34
cell_001,302,0.05139,5.41
cell_001,303,0.05188,6.41
cell_001,304,0.05217,7.02
cell_001,305,0.05178,6.21
cell_001,306,0.05205,6.76
cell_001,307,0.05185,6.37
cell_001,308,0.0514,5.44
cell_001,309,0.05153,5.71
cell_001,310,0.05148,5.61
cell_001,311,0.05207,6.82
cell_001,312,0.05148,5.59
cell_001,313,0.05188,6.42
cell_001,314,0.052,6.67
cell_001,315,0.0522,7.08
cell_001,316,0.05191,6.49
cell_001,317,0.05154,5.73
cell_001,318,0.05151,5.66
cell_001,319,0.05219,7.06
cell_001,320,0.05194,6.54
cell_001,321,0.0518,6.25
cell_001,322,0.05231,7.31
cell_001,323,0.05217,7.02
cell_001,324,0.05153,5.71
cell_001,325,0.05194,6.54
cell_001,326,0.05157,5.78
cell_001,327,0.05191,6.49
cell_001,328,0.05237,7.42
cell_001,329,0.05233,7.34
cell_001,330,0.05173,6.12
cell_001,331,0.05196,6.58
cell_001,332,0.05207,6.81
cell_001,333,0.05218,7.04
cell_001,334,0.05239,7.47
cell_001,335,0.05198,6.63
cell_001,336,0.05239,7.47
cell_001,337,0.05178,6.22
cell_001,338,0.05248,7.65
cell_001,339,0.05225,7.17
cell_001,340,0.05186,6.39
cell_001,341,0.05227,7.23
cell_001,342,0.05238,7.45
cell_001,343,0.05253,7.76
cell_001,344,0.05191,6.47
cell_001,345,0.05209,6.86
cell_001,346,0.05248,7.65
cell_001,347,0.05252,7.74
cell_001,348,0.05217,7.01
cell_001,349,0.05228,7.24
cell_001,350,0.05238,7.44
cell_001,351,0.05227,7.21
cell_001,352,0.05217,7.02
cell_001,353,0.0518,6.25
cell_001,354,0.05216,6.99
cell_001,355,0.05248,7.65
cell_001,356,0.05187,6.4
cell_001,357,0.05177,6.19
cell_001,358,0.05245,7.58
cell_001,359,0.05255,7.8
cell_001,360,0.052,6.67
cell_001,361,0.05246,7.62
cell_001,362,0.05239,7.47
cell_001,363,0.05227,7.22
cell_001,364,0.05247,7.64
cell_001,365,0.05211,6.89
cell_001,366,0.05282,8.35
cell_001,367,0.05206,6.79
cell_001,368,0.05257,7.84
cell_001,369,0.05222,7.11
cell_001,370,0.05226,7.2
cell_001,371,0.05282,8.35
cell_001,372,0.05264,7.99
cell_001,373,0.05213,6.93
cell_001,374,0.05274,8.19
cell_001,375,0.05281,8.32
cell_001,376,0.05239,7.46
cell_001,377,0.05202,6.7
cell_001,378,0.05236,7.41
cell_001,379,0.05237,7.43
cell_001,380,0.05228,7.24
cell_001,381,0.05286,8.43
cell_001,382,0.05236,7.41
cell_001,383,0.05247,7.64
cell_001,384,0.05242,7.52
cell_001,385,0.05281,8.34
cell_001,386,0.05222,7.12
cell_001,387,0.05266,8.02
cell_001,388,0.05249,7.67
cell_001,389,0.05216,7.0
cell_001,390,0.05217,7.02
cell_001,391,0.05234,7.36
cell_001,392,0.053,8.72
cell_001,393,0.05291,8.53
cell_001,394,0.05279,8.3
cell_001,395,0.05282,8.34
cell_001,396,0.05245,7.59
cell_001,397,0.05255,7.79
cell_001,398,0.05251,7.71
cell_001,399,0.05307,8.87
cell_001,400,0.05229,7.26
cell_001,401,0.05293,8.58
cell_001,402,0.05314,9.01
cell_001,403,0.05301,8.74
cell_001,404,0.05279,8.28
cell_001,405,0.05267,8.04
cell_001,406,0.05285,8.41
cell_001,407,0.0529,8.51
cell_001,408,0.05324,9.21
cell_001,409,0.05323,9.19
cell_001,410,0.05251,7.72
cell_001,411,0.05316,9.05
cell_001,412,0.053,8.73
cell_001,413,0.05285,8.41
cell_001,414,0.05306,8.83
cell_001,415,0.05291,8.53
cell_001,416,0.05278,8.27
cell_001,417,0.05324,9.21
cell_001,418,0.05256,7.81
cell_001,419,0.05274,8.19
cell_001,420,0.05251,7.71
cell_001,421,0.05253,7.75
cell_001,422,0.05255,7.8
cell_001,423,0.05279,8.29
cell_001,424,0.05258,7.86
cell_001,425,0.05293,8.57
cell_001,426,0.0527,8.11
cell_001,427,0.05281,8.32
cell_001,428,0.05289,8.48
cell_001,429,0.05281,8.32
cell_001,430,0.05291,8.53
cell_001,431,0.05271,8.12
cell_001,432,0.05293,8.57
cell_001,433,0.05325,9.23
cell_001,434,0.05272,8.14
cell_001,435,0.05293,8.58
cell_001,436,0.05297,8.66
cell_001,437,0.05266,8.03
cell_001,438,0.05315,9.02
cell_001,439,0.05315,9.02
cell_001,440,0.05269,8.07
cell_001,441,0.05265,8.0
cell_001,442,0.05293,8.57
cell_001,443,0.05281,8.33
cell_001,444,0.05337,9.48
cell_001,445,0.05309,8.91
cell_001,446,0.05341,9.56
cell_001,447,0.0534,9.53
cell_001,448,0.05367,10.09
cell_001,449,0.05328,9.29
cell_001,450,0.05335,9.43
cell_001,451,0.05358,9.9
cell_001,452,0.05367,10.09
cell_001,453,0.05369,10.12
cell_001,454,0.05295,8.61
cell_001,455,0.05322,9.17
cell_001,456,0.0529,8.51
cell_001,457,0.0532,9.13
cell_001,458,0.05292,8.56
cell_001,459,0.0529,8.51
cell_001,460,0.05311,8.94
cell_001,461,0.05371,10.16
cell_001,462,0.05291,8.53
cell_001,463,0.05302,8.76
cell_001,464,0.05353,9.8
cell_001,465,0.05327,9.27
cell_001,466,0.05345,9.65
cell_001,467,0.05352,9.79
cell_001,468,0.05293,8.58
cell_001,469,0.05313,8.98
cell_001,470,0.05346,9.66
cell_001,471,0.05333,9.4
cell_001,472,0.05305,8.83
cell_001,473,0.05367,10.1
cell_001,474,0.05301,8.74
cell_001,475,0.05396,10.7
cell_001,476,0.05344,9.62
cell_001,477,0.05316,9.05
cell_001,478,0.05329,9.31
cell_001,479,0.05331,9.36
cell_001,480,0.05319,9.1
cell_001,481,0.05349,9.72
cell_001,482,0.05323,9.18
cell_001,483,0.05392,10.6
cell_001,484,0.05386,10.48
cell_001,485,0.05384,10.45
cell_001,486,0.05391,10.58
cell_001,487,0.05402,10.8
cell_001,488,0.05388,10.53
cell_001,489,0.05337,9.48
cell_001,490,0.05376,10.28
cell_001,491,0.05338,9.5
cell_001,492,0.05331,9.36
cell_001,493,0.05405,10.87
cell_001,494,0.05392,10.61
cell_001,495,0.05331,9.36
cell_001,496,0.05376,10.28
cell_001,497,0.0536,9.95
cell_001,498,0.05379,10.33
cell_001,499,0.05327,9.27
cell_001,500,0.05402,10.82
cell_001,501,0.05421,11.21
cell_001,502,0.05329,9.32
cell_001,503,0.05413,11.04
cell_001,504,0.05373,10.21
cell_001,505,0.05335,9.44
cell_001,506,0.05362,9.99
cell_001,507,0.0536,9.95
cell_001,508,0.05404,10.84
cell_001,509,0.05337,9.49
cell_001,510,0.05399,10.74
cell_001,511,0.05356,9.88
cell_001,512,0.05415,11.07
cell_001,513,0.05394,10.64
cell_001,514,0.05343,9.6
cell_001,515,0.05427,11.31
cell_001,516,0.05416,11.09
cell_001,517,0.0536,9.96
cell_001,518,0.05393,10.63
cell_001,519,0.0535,9.74
cell_001,520,0.05355,9.85
cell_001,521,0.05367,10.09
cell_001,522,0.05375,10.25
cell_001,523,0.0536,9.96
cell_001,524,0.05441,11.62
cell_001,525,0.05416,11.1
cell_001,526,0.05418,11.13
cell_001,527,0.05449,11.78
cell_001,528,0.05418,11.15
cell_001,529,0.05361,9.97
cell_001,530,0.05364,10.04
cell_001,531,0.0537,10.16
cell_001,532,0.0536,9.96
cell_001,533,0.05381,10.37
cell_001,534,0.05439,11.57
cell_001,535,0.05445,11.7
cell_001,536,0.05406,10.89
cell_001,537,0.05458,11.97
cell_001,538,0.05381,10.39
cell_001,539,0.05436,11.5
cell_001,540,0.05416,11.1
cell_001,541,0.05407,10.92
cell_001,542,0.05402,10.81
cell_001,543,0.05399,10.75
cell_001,544,0.05437,11.53
cell_001,545,0.05401,10.79
cell_001,546,0.0539,10.56
cell_001,547,0.05466,12.13
cell_001,548,0.05464,12.09
cell_001,549,0.05453,11.85
cell_001,550,0.05434,11.46
cell_001,551,0.05413,11.04
cell_001,552,0.05421,11.2
cell_001,553,0.05396,10.69
cell_001,554,0.05439,11.57
cell_001,555,0.05421,11.19
cell_001,556,0.05423,11.24
cell_001,557,0.05477,12.35
cell_001,558,0.05389,10.53
cell_001,559,0.05393,10.63
cell_001,560,0.05411,11.0
cell_001,561,0.05428,11.34
cell_001,562,0.05474,12.28
cell_001,563,0.05452,11.84
cell_001,564,0.05479,12.39
cell_001,565,0.05428,11.33
cell_001,566,0.05475,12.31
cell_001,567,0.05457,11.94
cell_001,568,0.05426,11.3
cell_001,569,0.05442,11.64
cell_001,570,0.05401,10.79
cell_001,571,0.05431,11.41
cell_001,572,0.05419,11.17
cell_001,573,0.05405,10.88
cell_001,574,0.05422,11.23
cell_001,575,0.05485,12.52
cell_001,576,0.05452,11.84
cell_001,577,0.05417,11.11
cell_001,578,0.05493,12.67
cell_001,579,0.05408,10.94
cell_001,580,0.05421,11.21
cell_001,581,0.05456,11.91
cell_001,582,0.05481,12.42
cell_001,583,0.05432,11.43
cell_001,584,0.05423,11.25
cell_001,585,0.05487,12.55
cell_001,586,0.0548,12.41
cell_001,587,0.05507,12.96
cell_001,588,0.05508,12.99
cell_001,589,0.05477,12.35
cell_001,590,0.0549,12.62
cell_001,591,0.05478,12.37
cell_001,592,0.05514,13.1
cell_001,593,0.05504,12.91
cell_001,594,0.05424,11.26
cell_001,595,0.05514,13.12
cell_001,596,0.05483,12.47
cell_001,597,0.05442,11.63
cell_001,598,0.05436,11.51
cell_001,599,0.05517,13.18
cell_001,600,0.05479,12.38
cell_001,601,0.05488,12.57
cell_001,602,0.05433,11.44
cell_001,603,0.05441,11.6
cell_001,604,0.05487,12.56
cell_001,605,0.0544,11.6
cell_001,606,0.0552,13.24
cell_001,607,0.05491,12.64
cell_001,608,0.05523,13.29
cell_001,609,0.0547,12.2
cell_001,610,0.05504,12.91
cell_001,611,0.05529,13.42
cell_001,612,0.05508,12.99
cell_001,613,0.05533,13.51
cell_001,614,0.05497,12.75
cell_001,615,0.05475,12.3
cell_001,616,0.05509,13.0
cell_001,617,0.05485,12.51
cell_001,618,0.05472,12.26
cell_001,619,0.055,12.82
cell_001,620,0.05508,12.98
cell_001,621,0.0553,13.43
cell_001,622,0.05535,13.55
cell_001,623,0.05549,13.84
cell_001,624,0.0548,12.41
cell_001,625,0.05544,13.73
cell_001,626,0.05477,12.35
cell_001,627,0.0553,13.43
cell_001,628,0.05466,12.13
cell_001,629,0.05477,12.36
cell_001,630,0.05557,13.99
cell_001,631,0.05466,12.13
cell_001,632,0.05475,12.3
cell_001,633,0.0547,12.2
cell_001,634,0.05532,13.48
cell_001,635,0.05501,12.85
cell_001,636,0.05546,13.77
cell_001,637,0.0547,12.2
cell_001,638,0.0554,13.65
cell_001,639,0.05481,12.43
cell_001,640,0.05549,13.82
cell_001,641,0.05518,13.18
cell_001,642,0.05535,13.54
cell_001,643,0.05489,12.58
cell_001,644,0.05489,12.6
cell_001,645,0.05553,13.9
cell_001,646,0.05512,13.06
cell_001,647,0.05505,12.92
cell_001,648,0.05571,14.28
cell_001,649,0.05506,12.95
cell_001,650,0.05516,13.16
cell_001,651,0.05491,12.64
cell_001,652,0.0556,14.04
cell_001,653,0.05513,13.1
cell_001,654,0.05555,13.95
cell_001,655,0.0556,14.05
cell_001,656,0.05511,13.06
cell_001,657,0.05558,14.02
cell_001,658,0.05516,13.14
cell_001,659,0.05512,13.06
cell_001,660,0.05531,13.46
cell_001,661,0.05504,12.9
cell_001,662,0.05524,13.31
cell_001,663,0.05536,13.56
cell_001,664,0.0558,14.46
cell_001,665,0.05507,12.97
cell_001,666,0.0555,13.86
cell_001,667,0.05509,13.0
cell_001,668,0.05593,14.74
cell_001,669,0.05514,13.1
cell_001,670,0.0554,13.63
cell_001,671,0.05598,14.84
cell_001,672,0.05578,14.41
cell_001,673,0.05596,14.79
cell_001,674,0.05602,14.91
cell_001,675,0.05523,13.28
cell_001,676,0.05579,14.43
cell_001,677,0.05559,14.03
cell_001,678,0.05569,14.24
cell_001,679,0.05533,13.5
cell_001,680,0.05592,14.7
cell_001,681,0.05584,14.55
cell_001,682,0.05551,13.87
cell_001,683,0.05608,15.04
cell_001,684,0.05592,14.7
cell_001,685,0.05525,13.34
cell_001,686,0.05615,15.18
cell_001,687,0.05563,14.11
cell_001,688,0.0557,14.26
cell_001,689,0.0561,15.07
cell_001,690,0.05584,14.55
cell_001,691,0.05529,13.41
cell_001,692,0.05603,14.94
cell_001,693,0.05575,14.36
cell_001,694,0.05584,14.54
cell_001,695,0.05544,13.73
cell_001,696,0.05563,14.11
cell_001,697,0.05604,14.95
cell_001,698,0.05614,15.16
cell_001,699,0.05594,14.76
cell_001,700,0.05599,14.84
cell_001,701,0.0554,13.65
cell_001,702,0.0554,13.64
cell_001,703,0.05589,14.65
cell_001,704,0.05626,15.41
cell_001,705,0.0559,14.67
cell_001,706,0.05546,13.77
cell_001,707,0.0563,15.49
cell_001,708,0.05602,14.92
cell_001,709,0.05625,15.39
cell_001,710,0.05561,14.07
cell_001,711,0.05615,15.19
cell_001,712,0.05612,15.11
cell_001,713,0.05604,14.95
cell_001,714,0.05632,15.53
cell_001,715,0.05633,15.54
cell_001,716,0.05571,14.27
cell_001,717,0.05645,15.8
cell_001,718,0.05651,15.92
cell_001,719,0.05648,15.86
cell_001,720,0.0562,15.29
cell_001,721,0.05608,15.03
cell_001,722,0.05653,15.95
cell_001,723,0.05565,14.15
cell_001,724,0.05612,15.11
cell_001,725,0.05644,15.78
cell_001,726,0.05636,15.61
cell_001,727,0.0564,15.69
cell_001,728,0.05592,14.7
cell_001,729,0.0559,14.67
cell_001,730,0.05646,15.81
cell_001,731,0.05619,15.26
cell_001,732,0.05575,14.35
cell_001,733,0.05609,15.05
cell_001,734,0.05588,14.62
cell_001,735,0.05642,15.73
cell_001,736,0.05584,14.55
cell_001,737,0.05605,14.97
cell_001,738,0.05627,15.42
cell_001,739,0.05637,15.63
cell_001,740,0.05648,15.85
cell_001,741,0.05598,14.84
cell_001,742,0.05604,14.96
cell_001,743,0.05649,15.88
cell_001,744,0.05643,15.75
cell_001,745,0.05657,16.04
cell_001,746,0.05663,16.17
cell_001,747,0.05618,15.24
cell_001,748,0.05668,16.27
cell_001,749,0.05672,16.36
cell_001,750,0.05592,14.71
cell_001,751,0.05593,14.74
cell_001,752,0.05666,16.23
cell_001,753,0.05612,15.11
cell_001,754,0.05652,15.94
cell_001,755,0.05608,15.04
cell_001,756,0.0565,15.9
cell_001,757,0.05606,14.99
cell_001,758,0.05601,14.9
cell_001,759,0.05602,14.91
cell_001,760,0.05684,16.6
cell_001,761,0.05688,16.68
cell_001,762,0.05628,15.44
cell_001,763,0.05676,16.43
cell_001,764,0.05693,16.78
cell_001,765,0.05611,15.09
cell_001,766,0.05697,16.85
cell_001,767,0.05673,16.37
cell_001,768,0.05687,16.66
cell_001,769,0.05694,16.8
cell_001,770,0.05634,15.56
cell_001,771,0.05656,16.02
cell_001,772,0.05645,15.8
cell_001,773,0.057,16.92
cell_001,774,0.05655,15.99
cell_001,775,0.0562,15.28
cell_001,776,0.05639,15.67
cell_001,777,0.05685,16.61
cell_001,778,0.05682,16.54
cell_001,779,0.05653,15.96
cell_001,780,0.05681,16.54
cell_001,781,0.05662,16.14
cell_001,782,0.05719,17.31
cell_001,783,0.05707,17.07
cell_001,784,0.05713,17.19
cell_001,785,0.05658,16.05
cell_001,786,0.05716,17.24
cell_001,787,0.05706,17.04
cell_001,788,0.05648,15.87
cell_001,789,0.05635,15.59
cell_001,790,0.05657,16.04
cell_001,791,0.05646,15.82
cell_001,792,0.05706,17.05
cell_001,793,0.05707,17.07
cell_001,794,0.0573,17.54
cell_001,795,0.05671,16.32
cell_001,796,0.0568,16.51
cell_001,797,0.05723,17.4
cell_001,798,0.05734,17.63
cell_001,799,0.05737,17.68
cell_001,800,0.05686,16.64
cell_002,1,0.04892,0.42
cell_002,2,0.04919,0.97
cell_002,3,0.04837,-0.71
cell_002,4,0.04848,-0.47
cell_002,5,0.04881,0.19
cell_002,6,0.0483,-0.85
cell_002,7,0.04882,0.23
cell_002,8,0.04887,0.32
cell_002,9,0.04848,-0.49
cell_002,10,0.04846,-0.52
cell_002,11,0.04925,1.11
cell_002,12,0.0489,0.39
cell_002,13,0.04921,1.02
cell_002,14,0.04843,-0.58
cell_002,15,0.04903,0.66
cell_002,16,0.04915,0.89
cell_002,17,0.04929,1.19
cell_002,18,0.04889,0.36
cell_002,19,0.04902,0.63
cell_002,20,0.04904,0.68
cell_002,21,0.04857,-0.3
cell_002,22,0.04858,-0.26
cell_002,23,0.04935,1.3
cell_002,24,0.04872,0.01
cell_002,25,0.04936,1.33
cell_002,26,0.04911,0.82
cell_002,27,0.04914,0.87
cell_002,28,0.0494,1.42
cell_002,29,0.04882,0.23
cell_002,30,0.04888,0.35
cell_002,31,0.04936,1.32
cell_002,32,0.04888,0.34
cell_002,33,0.0494,1.42
cell_002,34,0.04864,-0.15
cell_002,35,0.04867,-0.09
cell_002,36,0.04936,1.32
cell_002,37,0.04899,0.56
cell_002,38,0.04918,0.96
cell_002,39,0.04917,0.93
cell_002,40,0.04923,1.07
cell_002,41,0.04939,1.38
cell_002,42,0.04933,1.27
cell_002,43,0.0491,0.79
cell_002,44,0.04875,0.08
cell_002,45,0.04958,1.78
cell_002,46,0.04877,0.12
cell_002,47,0.04869,-0.04
cell_002,48,0.0489,0.39
cell_002,49,0.04931,1.22
cell_002,50,0.04914,0.88
cell_002,51,0.04909,0.77
cell_002,52,0.04877,0.13
cell_002,53,0.04966,1.94
cell_002,54,0.04961,1.84
cell_002,55,0.04915,0.89
cell_002,56,0.04901,0.61
cell_002,57,0.04963,1.88
cell_002,58,0.04909,0.77
cell_002,59,0.04906,0.71
cell_002,60,0.04937,1.34
cell_002,61,0.04972,2.07
cell_002,62,0.04972,2.06
cell_002,63,0.04937,1.35
cell_002,64,0.0494,1.41
cell_002,65,0.04926,1.13
cell_002,66,0.04886,0.29
cell_002,67,0.04925,1.1
cell_002,68,0.04932,1.25
cell_002,69,0.04889,0.36
cell_002,70,0.04943,1.47
cell_002,71,0.04908,0.76
cell_002,72,0.04933,1.26
cell_002,73,0.04939,1.39
cell_002,74,0.04963,1.88
cell_002,75,0.04962,1.87
cell_002,76,0.04917,0.94
cell_002,77,0.04929,1.19
cell_002,78,0.04924,1.09
cell_002,79,0.04929,1.19
cell_002,80,0.04975,2.14
cell_002,81,0.04971,2.05
cell_002,82,0.04916,0.92
cell_002,83,0.04942,1.45
cell_002,84,0.04982,2.27
cell_002,85,0.04906,0.72
cell_002,86,0.04997,2.58
cell_002,87,0.0498,2.23
cell_002,88,0.04975,2.13
cell_002,89,0.04992,2.49
cell_002,90,0.04966,1.95
cell_002,91,0.04961,1.85
cell_002,92,0.04989,2.41
cell_002,93,0.04993,2.5
cell_002,94,0.05,2.65
cell_002,95,0.04986,2.36
cell_002,96,0.04913,0.86
cell_002,97,0.04953,1.69
cell_002,98,0.04996,2.57
cell_002,99,0.04918,0.95
cell_002,100,0.05,2.63
cell_002,101,0.04923,1.06
cell_002,102,0.04948,1.58
cell_002,103,0.04918,0.95
cell_002,104,0.04979,2.2
cell_002,105,0.05006,2.77
cell_002,106,0.04947,1.55
cell_002,107,0.05002,2.69
cell_002,108,0.04944,1.49
cell_002,109,0.04995,2.53
cell_002,110,0.04978,2.2
cell_002,111,0.0495,1.62
cell_002,112,0.04956,1.74
cell_002,113,0.04968,1.99
cell_002,114,0.05017,2.99
cell_002,115,0.04944,1.5
cell_002,116,0.04956,1.73
cell_002,117,0.04951,1.65
cell_002,118,0.05004,2.73
cell_002,119,0.04997,2.57
cell_002,120,0.04991,2.46
cell_002,121,0.05017,2.99
cell_002,122,0.04943,1.47
cell_002,123,0.04992,2.48
cell_002,124,0.0494,1.4
cell_002,125,0.05003,2.7
cell_002,126,0.05004,2.73
cell_002,127,0.04946,1.53
cell_002,128,0.04955,1.72
cell_002,129,0.04958,1.79
cell_002,130,0.04974,2.11
cell_002,131,0.05017,2.99
cell_002,132,0.05019,3.03
cell_002,133,0.04984,2.32
cell_002,134,0.05002,2.68
cell_002,135,0.05001,2.66
cell_002,136,0.04974,2.12
cell_002,137,0.0499,2.44
cell_002,138,0.04997,2.57
cell_002,139,0.04971,2.04
cell_002,140,0.05044,3.55
cell_002,141,0.04966,1.95
cell_002,142,0.05011,2.87
cell_002,143,0.05008,2.81
cell_002,144,0.04985,2.33
cell_002,145,0.04964,1.9
cell_002,146,0.05051,3.69
cell_002,147,0.05007,2.8
cell_002,148,0.05003,2.7
cell_002,149,0.0505,3.66
cell_002,150,0.04964,1.91
cell_002,151,0.04995,2.54
cell_002,152,0.05002,2.69
cell_002,153,0.04984,2.31
cell_002,154,0.05013,2.91
cell_002,155,0.05002,2.68
cell_002,156,0.05027,3.19
cell_002,157,0.04976,2.15
cell_002,158,0.05049,3.66
cell_002,159,0.05018,3.01
cell_002,160,0.05032,3.29
cell_002,161,0.05004,2.73
cell_002,162,0.05048,3.62
cell_002,163,0.0507,4.07
cell_002,164,0.04994,2.52
cell_002,165,0.05014,2.93
cell_002,166,0.0506,3.86
cell_002,167,0.05064,3.97
cell_002,168,0.05005,2.75
cell_002,169,0.0499,2.43
cell_002,170,0.05032,3.29
cell_002,171,0.05029,3.23
cell_002,172,0.05039,3.45
cell_002,173,0.04997,2.58
cell_002,174,0.05083,4.34
cell_002,175,0.0508,4.28
cell_002,176,0.05076,4.21
cell_002,177,0.05,2.65
cell_002,178,0.05054,3.75
cell_002,179,0.05066,4.0
cell_002,180,0.05034,3.34
cell_002,181,0.05034,3.34
cell_002,182,0.05049,3.64
cell_002,183,0.05036,3.39
cell_002,184,0.05025,3.16
cell_002,185,0.05046,3.59
cell_002,186,0.05017,3.0
cell_002,187,0.05007,2.79
cell_002,188,0.05064,3.95
cell_002,189,0.05068,4.05
cell_002,190,0.05057,3.81
cell_002,191,0.05071,4.1
cell_002,192,0.05014,2.93
cell_002,193,0.05102,4.74
cell_002,194,0.05054,3.75
cell_002,195,0.05094,4.58
cell_002,196,0.05014,2.94
cell_002,197,0.05086,4.42
cell_002,198,0.05082,4.34
cell_002,199,0.05088,4.45
cell_002,200,0.05053,3.74
cell_002,201,0.05092,4.52
cell_002,202,0.05071,4.1
cell_002,203,0.05109,4.88
cell_002,204,0.05024,3.13
cell_002,205,0.05054,3.76
cell_002,206,0.05113,4.97
cell_002,207,0.05051,3.68
cell_002,208,0.05111,4.91
cell_002,209,0.05028,3.22
cell_002,210,0.05084,4.36
cell_002,211,0.05031,3.27
cell_002,212,0.05074,4.16
cell_002,213,0.05066,4.01
cell_002,214,0.05076,4.21
cell_002,215,0.05097,4.63
cell_002,216,0.05096,4.61
cell_002,217,0.05107,4.84
cell_002,218,0.05078,4.24
cell_002,219,0.05034,3.33
cell_002,220,0.05121,5.12
cell_002,221,0.05127,5.24
cell_002,222,0.05125,5.21
cell_002,223,0.05085,4.4
cell_002,224,0.05092,4.53
cell_002,225,0.05115,5.0
cell_002,226,0.0507,4.07
cell_002,227,0.05084,4.37
cell_002,228,0.05044,3.55
cell_002,229,0.05094,4.56
cell_002,230,0.05101,4.72
cell_002,231,0.05113,4.95
cell_002,232,0.05093,4.55
cell_002,233,0.05122,5.14
cell_002,234,0.05092,4.52
cell_002,235,0.05069,4.05
cell_002,236,0.05095,4.6
cell_002,237,0.05064,3.95
cell_002,238,0.05124,5.19
cell_002,239,0.05098,4.66
cell_002,240,0.05134,5.38
cell_002,241,0.0515,5.72
cell_002,242,0.05078,4.25
cell_002,243,0.0509,4.49
cell_002,244,0.0509,4.48
cell_002,245,0.05084,4.37
cell_002,246,0.05123,5.17
cell_002,247,0.05073,4.14
cell_002,248,0.05158,5.89
cell_002,249,0.05095,4.6
cell_002,250,0.05075,4.18
cell_002,251,0.05142,5.57
cell_002,252,0.051,4.69
cell_002,253,0.05107,4.84
cell_002,254,0.05083,4.34
cell_002,255,0.05071,4.1
cell_002,256,0.05095,4.6
cell_002,257,0.05087,4.42
cell_002,258,0.05153,5.77
cell_002,259,0.05106,4.82
cell_002,260,0.05114,4.97
cell_002,261,0.0514,5.51
cell_002,262,0.05147,5.67
cell_002,263,0.05115,5.0
cell_002,264,0.05079,4.27
cell_002,265,0.05125,5.22
cell_002,266,0.05103,4.76
cell_002,267,0.05159,5.9
cell_002,268,0.05164,6.0
cell_002,269,0.05122,5.14
cell_002,270,0.05088,4.45
cell_002,271,0.05152,5.76
cell_002,272,0.05145,5.61
cell_002,273,0.05097,4.63
cell_002,274,0.05148,5.69
cell_002,275,0.05134,5.38
cell_002,276,0.051,4.69
cell_002,277,0.05179,6.32
cell_002,278,0.0518,6.34
cell_002,279,0.05109,4.89
cell_002,280,0.05115,5.0
cell_002,281,0.0518,6.33
cell_002,282,0.0517,6.14
cell_002,283,0.05172,6.16
cell_002,284,0.05102,4.73
cell_002,285,0.05185,6.43
cell_002,286,0.05184,6.41
cell_002,287,0.05137,5.45
cell_002,288,0.05172,6.17
cell_002,289,0.05155,5.83
cell_002,290,0.05163,5.99
cell_002,291,0.05126,5.24
cell_002,292,0.05153,5.79
cell_002,293,0.05165,6.02
cell_002,294,0.05175,6.23
cell_002,295,0.05148,5.68
cell_002,296,0.05189,6.52
cell_002,297,0.05141,5.54
cell_002,298,0.05193,6.6
cell_002,299,0.05146,5.64
cell_002,300,0.05177,6.28
cell_002,301,0.05124,5.19
cell_002,302,0.05186,6.45
cell_002,303,0.0517,6.13
cell_002,304,0.05211,6.98
cell_002,305,0.05149,5.7
cell_002,306,0.05179,6.32
cell_002,307,0.05208,6.91
cell_002,308,0.05186,6.45
cell_002,309,0.05137,5.46
cell_002,310,0.05134,5.39
cell_002,311,0.05131,5.33
cell_002,312,0.05138,5.48
cell_002,313,0.05217,7.1
cell_002,314,0.05201,6.77
cell_002,315,0.05212,7.0
cell_002,316,0.05151,5.75
cell_002,317,0.05186,6.46
cell_002,318,0.05176,6.25
cell_002,319,0.0519,6.54
cell_002,320,0.05154,5.8
cell_002,321,0.05152,5.76
cell_002,322,0.05163,5.98
cell_002,323,0.05181,6.35
cell_002,324,0.05141,5.53
cell_002,325,0.05183,6.39
cell_002,326,0.05225,7.26
cell_002,327,0.05235,7.47
cell_002,328,0.05199,6.72
cell_002,329,0.05197,6.68
cell_002,330,0.05147,5.67
cell_002,331,0.05228,7.32
cell_002,332,0.05239,7.54
cell_002,333,0.05222,7.21
cell_002,334,0.05186,6.46
cell_002,335,0.05186,6.46
cell_002,336,0.05175,6.23
cell_002,337,0.05224,7.23
cell_002,338,0.05169,6.1
cell_002,339,0.05218,7.11
cell_002,340,0.05206,6.87
cell_002,341,0.05209,6.92
cell_002,342,0.05182,6.38
cell_002,343,0.05189,6.51
cell_002,344,0.05195,6.65
cell_002,345,0.05255,7.88
cell_002,346,0.05229,7.34
cell_002,347,0.05184,6.43
cell_002,348,0.05238,7.53
cell_002,349,0.05195,6.64
cell_002,350,0.05176,6.25
cell_002,351,0.05222,7.19
cell_002,352,0.05216,7.07
cell_002,353,0.05259,7.96
cell_002,354,0.05225,7.26
cell_002,355,0.05239,7.54
cell_002,356,0.05217,7.1
cell_002,357,0.05244,7.65
cell_002,358,0.05259,7.97
cell_002,359,0.05176,6.25
cell_002,360,0.05211,6.97
cell_002,361,0.05182,6.37
cell_002,362,0.0523,7.37
cell_002,363,0.05237,7.52
cell_002,364,0.05216,7.08
cell_002,365,0.05217,7.09
cell_002,366,0.05259,7.95
cell_002,367,0.05193,6.61
cell_002,368,0.05213,7.02
cell_002,369,0.05189,6.53
cell_002,370,0.05265,8.07
cell_002,371,0.0523,7.35
cell_002,372,0.05208,6.9
cell_002,373,0.05199,6.73
cell_002,374,0.05228,7.33
cell_002,375,0.05238,7.52
cell_002,376,0.05242,7.6
cell_002,377,0.05266,8.09
cell_002,378,0.05284,8.47
cell_002,379,0.05247,7.72
cell_002,380,0.05204,6.82
cell_002,381,0.0528,8.39
cell_002,382,0.05281,8.42
cell_002,383,0.05237,7.52
cell_002,384,0.05228,7.32
cell_002,385,0.05267,8.12
cell_002,386,0.05221,7.18
cell_002,387,0.05243,7.63
cell_002,388,0.05212,6.98
cell_002,389,0.0522,7.16
cell_002,390,0.05291,8.62
cell_002,391,0.05278,8.34
cell_002,392,0.05252,7.81
cell_002,393,0.05274,8.27
cell_002,394,0.05303,8.85
cell_002,395,0.05284,8.47
cell_002,396,0.05255,7.87
cell_002,397,0.05308,8.97
cell_002,398,0.05227,7.3
cell_002,399,0.05221,7.17
cell_002,400,0.05271,8.2
cell_002,401,0.05246,7.68
cell_002,402,0.05282,8.44
cell_002,403,0.05277,8.34
cell_002,404,0.05236,7.48
cell_002,405,0.0531,9.0
cell_002,406,0.05225,7.25
cell_002,407,0.05241,7.6
cell_002,408,0.05248,7.73
cell_002,409,0.05316,9.14
cell_002,410,0.05295,8.69
cell_002,411,0.05307,8.94
cell_002,412,0.05315,9.11
cell_002,413,0.05276,8.31
cell_002,414,0.05293,8.66
cell_002,415,0.05281,8.42
cell_002,416,0.05326,9.34
cell_002,417,0.05237,7.52
cell_002,418,0.05288,8.56
cell_002,419,0.05286,8.5
cell_002,420,0.05265,8.07
cell_002,421,0.05268,8.15
cell_002,422,0.05266,8.11
cell_002,423,0.05275,8.3
cell_002,424,0.05256,7.9
cell_002,425,0.05308,8.96
cell_002,426,0.0534,9.62
cell_002,427,0.05309,8.99
cell_002,428,0.05326,9.34
cell_002,429,0.05334,9.49
cell_002,430,0.05334,9.5
cell_002,431,0.05325,9.31
cell_002,432,0.05295,8.7
cell_002,433,0.05261,8.0
cell_002,434,0.05283,8.45
cell_002,435,0.05299,8.78
cell_002,436,0.0528,8.39
cell_002,437,0.0527,8.18
cell_002,438,0.05306,8.93
cell_002,439,0.05267,8.13
cell_002,440,0.05264,8.05
cell_002,441,0.05306,8.92
cell_002,442,0.05284,8.47
cell_002,443,0.0535,9.84
cell_002,444,0.05349,9.81
cell_002,445,0.05335,9.52
cell_002,446,0.05359,10.02
cell_002,447,0.05338,9.58
cell_002,448,0.0533,9.42
cell_002,449,0.05355,9.93
cell_002,450,0.05301,8.81
cell_002,451,0.05351,9.84
cell_002,452,0.05284,8.47
cell_002,453,0.05278,8.35
cell_002,454,0.05302,8.85
cell_002,455,0.05343,9.68
cell_002,456,0.05321,9.23
cell_002,457,0.05314,9.09
cell_002,458,0.05354,9.9
cell_002,459,0.05281,8.41
cell_002,460,0.0532,9.21
cell_002,461,0.05346,9.75
cell_002,462,0.0537,10.23
cell_002,463,0.05298,8.77
cell_002,464,0.053,8.79
cell_002,465,0.05361,10.05
cell_002,466,0.0529,8.6
cell_002,467,0.05308,8.97
cell_002,468,0.05291,8.61
cell_002,469,0.0533,9.41
cell_002,470,0.05349,9.82
cell_002,471,0.05373,10.31
cell_002,472,0.0534,9.61
cell_002,473,0.05385,10.55
cell_002,474,0.05303,8.87
cell_002,475,0.05301,8.82
cell_002,476,0.05309,8.98
cell_002,477,0.05335,9.51
cell_002,478,0.05304,8.89
cell_002,479,0.053,8.8
cell_002,480,0.05332,9.46
cell_002,481,0.05384,10.53
cell_002,482,0.05355,9.93
cell_002,483,0.05321,9.24
cell_002,484,0.05331,9.44
cell_002,485,0.05397,10.79
cell_002,486,0.05384,10.53
cell_002,487,0.05374,10.32
cell_002,488,0.05403,10.91
cell_002,489,0.05398,10.81
cell_002,490,0.05349,9.8
cell_002,491,0.05408,11.02
cell_002,492,0.05342,9.67
cell_002,493,0.05383,10.5
cell_002,494,0.05338,9.59
cell_002,495,0.05322,9.25
cell_002,496,0.05352,9.88
cell_002,497,0.05344,9.71
cell_002,498,0.05398,10.81
cell_002,499,0.0541,11.05
cell_002,500,0.05362,10.08
cell_002,501,0.05361,10.06
cell_002,502,0.05404,10.93
cell_002,503,0.05386,10.57
cell_002,504,0.05383,10.5
cell_002,505,0.05413,11.12
cell_002,506,0.05393,10.71
cell_002,507,0.05364,10.12
cell_002,508,0.05362,10.08
cell_002,509,0.05348,9.79
cell_002,510,0.05409,11.03
cell_002,511,0.0536,10.03
cell_002,512,0.05369,10.22
cell_002,513,0.05406,10.98
cell_002,514,0.0539,10.64
cell_002,515,0.05429,11.45
cell_002,516,0.05434,11.55
cell_002,517,0.05363,10.1
cell_002,518,0.05407,10.99
cell_002,519,0.05363,10.08
cell_002,520,0.054,10.86
cell_002,521,0.05411,11.09
cell_002,522,0.05386,10.57
cell_002,523,0.05412,11.1
cell_002,524,0.05393,10.71
cell_002,525,0.05374,10.32
cell_002,526,0.05399,10.82
cell_002,527,0.05435,11.58
cell_002,528,0.05423,11.32
cell_002,529,0.05416,11.19
cell_002,530,0.05432,11.5
cell_002,531,0.05371,10.25
cell_002,532,0.05429,11.45
cell_002,533,0.0543,11.47
cell_002,534,0.05453,11.94
cell_002,535,0.05368,10.2
cell_002,536,0.05413,11.12
cell_002,537,0.05395,10.75
cell_002,538,0.05449,11.87
cell_002,539,0.0542,11.27
cell_002,540,0.05416,11.18
cell_002,541,0.0544,11.67
cell_002,542,0.05377,10.37
cell_002,543,0.05429,11.45
cell_002,544,0.05451,11.89
cell_002,545,0.05381,10.47
cell_002,546,0.05462,12.12
cell_002,547,0.0544,11.67
cell_002,548,0.05467,12.24
cell_002,549,0.05387,10.59
cell_002,550,0.05406,10.97
cell_002,551,0.05431,11.5
cell_002,552,0.05387,10.59
cell_002,553,0.05454,11.96
cell_002,554,0.05445,11.77
cell_002,555,0.05447,11.82
cell_002,556,0.05408,11.02
cell_002,557,0.05415,11.16
cell_002,558,0.05416,11.18
cell_002,559,0.05458,12.05
cell_002,560,0.05448,11.84
cell_002,561,0.05476,12.41
cell_002,562,0.05478,12.46
cell_002,563,0.05433,11.54
cell_002,564,0.05471,12.3
cell_002,565,0.0539,10.65
cell_002,566,0.05481,12.51
cell_002,567,0.0547,12.29
cell_002,568,0.05461,12.11
cell_002,569,0.0548,12.49
cell_002,570,0.0544,11.68
cell_002,571,0.05449,11.86
cell_002,572,0.05487,12.64
cell_002,573,0.05476,12.41
cell_002,574,0.05425,11.37
cell_002,575,0.05476,12.41
cell_002,576,0.05407,10.99
cell_002,577,0.0542,11.27
cell_002,578,0.05481,12.52
cell_002,579,0.05441,11.7
cell_002,580,0.05444,11.77
cell_002,581,0.05437,11.61
cell_002,582,0.05502,12.95
cell_002,583,0.05428,11.44
cell_002,584,0.05497,12.85
cell_002,585,0.05417,11.21
cell_002,586,0.05448,11.84
cell_002,587,0.05483,12.57
cell_002,588,0.0548,12.49
cell_002,589,0.0549,12.71
cell_002,590,0.05471,12.31
cell_002,591,0.05508,13.07
cell_002,592,0.05448,11.84
cell_002,593,0.05463,12.15
cell_002,594,0.05464,12.17
cell_002,595,0.05507,13.06
cell_002,596,0.05468,12.24
cell_002,597,0.05518,13.27
cell_002,598,0.0548,12.5
cell_002,599,0.05462,12.12
cell_002,600,0.05436,11.59
cell_002,601,0.05457,12.03
cell_002,602,0.05441,11.69
cell_002,603,0.05466,12.2
cell_002,604,0.05478,12.46
cell_002,605,0.05474,12.38
cell_002,606,0.05438,11.63
cell_002,607,0.05506,13.03
cell_002,608,0.05441,11.69
cell_002,609,0.0547,12.28
cell_002,610,0.05527,13.46
cell_002,611,0.05494,12.78
cell_002,612,0.05507,13.05
cell_002,613,0.05491,12.73
cell_002,614,0.05451,11.91
cell_002,615,0.05524,13.39
cell_002,616,0.05454,11.95
cell_002,617,0.05461,12.1
cell_002,618,0.05449,11.87
cell_002,619,0.05481,12.51
cell_002,620,0.05521,13.33
cell_002,621,0.05481,12.52
cell_002,622,0.05491,12.71
cell_002,623,0.05517,13.25
cell_002,624,0.05473,12.35
cell_002,625,0.05473,12.34
cell_002,626,0.05535,13.62
cell_002,627,0.05474,12.38
cell_002,628,0.05476,12.41
cell_002,629,0.05472,12.32
cell_002,630,0.05518,13.28
cell_002,631,0.05484,12.59
cell_002,632,0.0551,13.11
cell_002,633,0.05521,13.34
cell_002,634,0.05463,12.15
cell_002,635,0.05476,12.42
cell_002,636,0.05466,12.22
cell_002,637,0.05523,13.37
cell_002,638,0.05474,12.37
cell_002,639,0.05562,14.18
cell_002,640,0.0555,13.93
cell_002,641,0.05474,12.37
cell_002,642,0.05537,13.67
cell_002,643,0.05551,13.95
cell_002,644,0.05535,13.63
cell_002,645,0.0552,13.31
cell_002,646,0.0554,13.73
cell_002,647,0.05531,13.54
cell_002,648,0.05573,14.4
cell_002,649,0.05505,13.02
cell_002,650,0.05547,13.87
cell_002,651,0.05522,13.36
cell_002,652,0.05525,13.42
cell_002,653,0.05548,13.9
cell_002,654,0.05494,12.79
cell_002,655,0.05545,13.82
cell_002,656,0.05546,13.86
cell_002,657,0.05533,13.58
cell_002,658,0.05524,13.39
cell_002,659,0.0549,12.69
cell_002,660,0.05534,13.6
cell_002,661,0.05529,13.5
cell_002,662,0.05554,14.02
cell_002,663,0.05552,13.97
cell_002,664,0.05519,13.29
cell_002,665,0.05553,13.99
cell_002,666,0.05565,14.23
cell_002,667,0.05528,13.49
cell_002,668,0.05562,14.19
cell_002,669,0.05518,13.27
cell_002,670,0.0558,14.55
cell_002,671,0.05567,14.29
cell_002,672,0.05564,14.21
cell_002,673,0.05528,13.48
cell_002,674,0.05594,14.84
cell_002,675,0.05525,13.42
cell_002,676,0.05518,13.28
cell_002,677,0.05558,14.1
cell_002,678,0.0558,14.55
cell_002,679,0.05537,13.67
cell_002,680,0.05585,14.66
cell_002,681,0.05601,14.99
cell_002,682,0.0559,14.76
cell_002,683,0.05551,13.96
cell_002,684,0.05586,14.68
cell_002,685,0.05614,15.24
cell_002,686,0.05607,15.11
cell_002,687,0.05532,13.56
cell_002,688,0.05557,14.07
cell_002,689,0.05606,15.09
cell_002,690,0.05531,13.55
cell_002,691,0.05557,14.07
cell_002,692,0.05612,15.2
cell_002,693,0.05589,14.73
cell_002,694,0.05547,13.87
cell_002,695,0.05594,14.84
cell_002,696,0.05535,13.62
cell_002,697,0.05612,15.21
cell_002,698,0.05598,14.92
cell_002,699,0.05597,14.89
cell_002,700,0.0562,15.37
cell_002,701,0.05596,14.89
cell_002,702,0.05577,14.49
cell_002,703,0.05583,14.61
cell_002,704,0.05584,14.63
cell_002,705,0.05564,14.23
cell_002,706,0.05611,15.19
cell_002,707,0.05548,13.89
cell_002,708,0.05627,15.51
cell_002,709,0.05581,14.58
cell_002,710,0.05557,14.07
cell_002,711,0.05561,14.16
cell_002,712,0.05585,14.65
cell_002,713,0.0556,14.13
cell_002,714,0.05578,14.51
cell_002,715,0.05631,15.6
cell_002,716,0.05617,15.3
cell_002,717,0.05627,15.52
cell_002,718,0.0564,15.78
cell_002,719,0.05642,15.81
cell_002,720,0.05616,15.3
cell_002,721,0.0564,15.77
cell_002,722,0.05564,14.21
cell_002,723,0.05585,14.65
cell_002,724,0.05599,14.94
cell_002,725,0.05607,15.11
cell_002,726,0.05637,15.72
cell_002,727,0.05657,16.13
cell_002,728,0.05611,15.19
cell_002,729,0.05653,16.04
cell_002,730,0.05565,14.23
cell_002,731,0.05592,14.8
cell_002,732,0.05603,15.01
cell_002,733,0.05662,16.23
cell_002,734,0.05574,14.43
cell_002,735,0.0561,15.16
cell_002,736,0.05658,16.14
cell_002,737,0.05606,15.08
cell_002,738,0.05573,14.4
cell_002,739,0.05656,16.11
cell_002,740,0.05607,15.1
cell_002,741,0.05604,15.05
cell_002,742,0.05662,16.22
cell_002,743,0.05663,16.26
cell_002,744,0.05582,14.58
cell_002,745,0.05652,16.02
cell_002,746,0.05612,15.21
cell_002,747,0.05641,15.81
cell_002,748,0.05628,15.53
cell_002,749,0.05621,15.38
cell_002,750,0.05654,16.06
cell_002,751,0.0567,16.39
cell_002,752,0.05681,16.62
cell_002,753,0.05667,16.34
cell_002,754,0.05656,16.1
cell_002,755,0.05625,15.48
cell_002,756,0.05657,16.14
cell_002,757,0.05653,16.04
cell_002,758,0.05626,15.49
cell_002,759,0.0567,16.4
cell_002,760,0.05674,16.48
cell_002,761,0.0561,15.16
cell_002,762,0.05606,15.09
cell_002,763,0.05677,16.54
cell_002,764,0.05635,15.68
cell_002,765,0.0563,15.58
cell_002,766,0.05604,15.04
cell_002,767,0.0561,15.15
cell_002,768,0.0566,16.19
cell_002,769,0.05616,15.28
cell_002,770,0.05664,16.28
cell_002,771,0.05693,16.88
cell_002,772,0.05647,15.93
cell_002,773,0.05706,17.14
cell_002,774,0.0563,15.58
cell_002,775,0.05707,17.17
cell_002,776,0.05701,17.03
cell_002,777,0.05688,16.76
cell_002,778,0.05653,16.05
cell_002,779,0.05619,15.36
cell_002,780,0.05709,17.2
cell_002,781,0.05679,16.59
cell_002,782,0.05627,15.52
cell_002,783,0.05685,16.71
cell_002,784,0.0566,16.19
cell_002,785,0.05679,16.57
cell_002,786,0.05695,16.9
cell_002,787,0.05673,16.47
cell_002,788,0.05665,16.3
cell_002,789,0.05719,17.39
cell_002,790,0.05711,17.23
cell_002,791,0.05698,16.98
cell_002,792,0.05648,15.95
cell_002,793,0.05666,16.31
cell_002,794,0.05729,17.61
cell_002,795,0.0572,17.42
cell_002,796,0.0569,16.82
cell_002,797,0.05677,16.54
cell_002,798,0.05658,16.15
cell_002,799,0.0572,17.43
cell_002,800,0.05656,16.11
cell_003,1,0.0494,0.02
cell_003,2,0.04902,-0.75
cell_003,3,0.04971,0.66
cell_003,4,0.04895,-0.89
cell_003,5,0.04968,0.59
cell_003,6,0.04941,0.06
cell_003,7,0.04955,0.33
cell_003,8,0.04939,0.0
cell_003,9,0.04934,-0.1
cell_003,10,0.04898,-0.83
cell_003,11,0.0495,0.23
cell_003,12,0.04972,0.67
cell_003,13,0.04944,0.1
cell_003,14,0.04977,0.78
cell_003,15,0.04964,0.5
cell_003,16,0.04913,-0.51
cell_003,17,0.05001,1.25
cell_003,18,0.04998,1.19
cell_003,19,0.04917,-0.45
cell_003,20,0.04982,0.88
cell_003,21,0.04991,1.07
cell_003,22,0.04949,0.22
cell_003,23,0.04977,0.79
cell_003,24,0.0498,0.85
cell_003,25,0.04942,0.08
cell_003,26,0.04988,0.99
cell_003,27,0.04971,0.65
cell_003,28,0.05001,1.26
cell_003,29,0.05009,1.42
cell_003,30,0.04987,0.97
cell_003,31,0.04969,0.61
cell_003,32,0.04921,-0.35
cell_003,33,0.04957,0.38
cell_003,34,0.04977,0.79
cell_003,35,0.04977,0.78
cell_003,36,0.05011,1.46
cell_003,37,0.04963,0.49
cell_003,38,0.04997,1.17
cell_003,39,0.04958,0.4
cell_003,40,0.04945,0.13
cell_003,41,0.04934,-0.1
cell_003,42,0.04977,0.78
cell_003,43,0.05018,1.61
cell_003,44,0.04961,0.46
cell_003,45,0.0496,0.44
cell_003,46,0.04991,1.05
cell_003,47,0.05022,1.68
cell_003,48,0.04962,0.47
cell_003,49,0.04974,0.72
cell_003,50,0.04983,0.9
cell_003,51,0.0501,1.44
cell_003,52,0.04956,0.35
cell_003,53,0.04991,1.05
cell_003,54,0.04954,0.31
cell_003,55,0.05036,1.98
cell_003,56,0.04965,0.53
cell_003,57,0.0502,1.65
cell_003,58,0.04961,0.46
cell_003,59,0.0499,1.04
cell_003,60,0.05041,2.06
cell_003,61,0.04985,0.94
cell_003,62,0.04986,0.97
cell_003,63,0.0495,0.22
cell_003,64,0.04965,0.54
cell_003,65,0.0502,1.64
cell_003,66,0.04953,0.3
cell_003,67,0.04975,0.74
cell_003,68,0.04965,0.54
cell_003,69,0.05011,1.46
cell_003,70,0.04964,0.5
cell_003,71,0.05019,1.62
cell_003,72,0.05005,1.35
cell_003,73,0.05046,2.17
cell_003,74,0.05054,2.34
cell_003,75,0.04997,1.18
cell_003,76,0.05058,2.41
cell_003,77,0.05055,2.36
cell_003,78,0.05014,1.52
cell_003,79,0.05041,2.08
cell_003,80,0.05035,1.95
cell_003,81,0.05052,2.3
cell_003,82,0.05003,1.3
cell_003,83,0.04982,0.88
cell_003,84,0.0501,1.44
cell_003,85,0.05035,1.95
cell_003,86,0.05014,1.53
cell_003,87,0.05011,1.47
cell_003,88,0.0505,2.26
cell_003,89,0.0499,1.04
cell_003,90,0.04976,0.75
cell_003,91,0.0502,1.64
cell_003,92,0.05033,1.9
cell_003,93,0.05021,1.67
cell_003,94,0.0504,2.05
cell_003,95,0.05064,2.53
cell_003,96,0.05051,2.27
cell_003,97,0.05023,1.71
cell_003,98,0.05014,1.52
cell_003,99,0.0506,2.46
cell_003,100,0.04983,0.91
cell_003,101,0.05058,2.42
cell_003,102,0.0502,1.65
cell_003,103,0.05076,2.78
cell_003,104,0.0507,2.66
cell_003,105,0.05031,1.87
cell_003,106,0.05081,2.87
cell_003,107,0.05,1.24
cell_003,108,0.05079,2.85
cell_003,109,0.0507,2.66
cell_003,110,0.05008,1.4
cell_003,111,0.05025,1.75
cell_003,112,0.05091,3.09
cell_003,113,0.05077,2.79
cell_003,114,0.05079,2.84
cell_003,115,0.05058,2.42
cell_003,116,0.0506,2.45
cell_003,117,0.05089,3.05
cell_003,118,0.05079,2.85
cell_003,119,0.05028,1.82
cell_003,120,0.05073,2.73
cell_003,121,0.05022,1.69
cell_003,122,0.05071,2.67
cell_003,123,0.05024,1.73
cell_003,124,0.05011,1.47
cell_003,125,0.05045,2.14
cell_003,126,0.05041,2.07
cell_003,127,0.05078,2.82
cell_003,128,0.05084,2.93
cell_003,129,0.05078,2.83
cell_003,130,0.05038,2.0
cell_003,131,0.05022,1.68
cell_003,132,0.05096,3.18
cell_003,133,0.05066,2.57
cell_003,134,0.05113,3.54
cell_003,135,0.05024,1.73
cell_003,136,0.05084,2.93
cell_003,137,0.05108,3.44
cell_003,138,0.05039,2.04
cell_003,139,0.05049,2.23
cell_003,140,0.05115,3.58
cell_003,141,0.0511,3.46
cell_003,142,0.05106,3.4
cell_003,143,0.05047,2.2
cell_003,144,0.05103,3.33
cell_003,145,0.05041,2.08
cell_003,146,0.05111,3.5
cell_003,147,0.0505,2.25
cell_003,148,0.05078,2.83
cell_003,149,0.05078,2.83
cell_003,150,0.05045,2.14
cell_003,151,0.05081,2.88
cell_003,152,0.05094,3.14
cell_003,153,0.05045,2.15
cell_003,154,0.05052,2.29
cell_003,155,0.05077,2.81
cell_003,156,0.05106,3.39
cell_003,157,0.05103,3.32
cell_003,158,0.05051,2.27
cell_003,159,0.05105,3.37
cell_003,160,0.05052,2.29
cell_003,161,0.05125,3.77
cell_003,162,0.05046,2.18
cell_003,163,0.0508,2.87
cell_003,164,0.05064,2.53
cell_003,165,0.05129,3.85
cell_003,166,0.05048,2.22
cell_003,167,0.05147,4.22
cell_003,168,0.05118,3.62
cell_003,169,0.05148,4.24
cell_003,170,0.05115,3.58
cell_003,171,0.05098,3.22
cell_003,172,0.05129,3.84
cell_003,173,0.05126,3.8
cell_003,174,0.05084,2.94
cell_003,175,0.05101,3.29
cell_003,176,0.05138,4.03
cell_003,177,0.05083,2.93
cell_003,178,0.05158,4.44
cell_003,179,0.05112,3.52
cell_003,180,0.05144,4.16
cell_003,181,0.05072,2.69
cell_003,182,0.05106,3.39
cell_003,183,0.05081,2.89
cell_003,184,0.05111,3.5
cell_003,185,0.0516,4.48
cell_003,186,0.05115,3.57
cell_003,187,0.05157,4.42
cell_003,188,0.05106,3.38
cell_003,189,0.05158,4.44
cell_003,190,0.05092,3.11
cell_003,191,0.05137,4.02
cell_003,192,0.05164,4.56
cell_003,193,0.05093,3.13
cell_003,194,0.05126,3.79
cell_003,195,0.05172,4.73
cell_003,196,0.05081,2.89
cell_003,197,0.0516,4.49
cell_003,198,0.05162,4.53
cell_003,199,0.05126,3.79
cell_003,200,0.05136,4.0
cell_003,201,0.05144,4.15
cell_003,202,0.0509,3.07
cell_003,203,0.05176,4.81
cell_003,204,0.05098,3.22
cell_003,205,0.05154,4.36
cell_003,206,0.05122,3.72
cell_003,207,0.05151,4.29
cell_003,208,0.05114,3.56
cell_003,209,0.05174,4.77
cell_003,210,0.05122,3.7
cell_003,211,0.05101,3.28
cell_003,212,0.05148,4.25
cell_003,213,0.05151,4.31
cell_003,214,0.05097,3.21
cell_003,215,0.05126,3.8
cell_003,216,0.05139,4.06
cell_003,217,0.05197,5.22
cell_003,218,0.05101,3.29
cell_003,219,0.05161,4.5
cell_003,220,0.05176,4.81
cell_003,221,0.05109,3.45
cell_003,222,0.05149,4.27
cell_003,223,0.05152,4.32
cell_003,224,0.05128,3.84
cell_003,225,0.05122,3.72
cell_003,226,0.05171,4.71
cell_003,227,0.05178,4.85
cell_003,228,0.05111,3.5
cell_003,229,0.0517,4.69
cell_003,230,0.05208,5.46
cell_003,231,0.05126,3.8
cell_003,232,0.05192,5.12
cell_003,233,0.05144,4.16
cell_003,234,0.05176,4.8
cell_003,235,0.05206,5.41
cell_003,236,0.05206,5.42
cell_003,237,0.05182,4.93
cell_003,238,0.05162,4.53
cell_003,239,0.05149,4.25
cell_003,240,0.05162,4.51
cell_003,241,0.05207,5.44
cell_003,242,0.05156,4.4
cell_003,243,0.05142,4.12
cell_003,244,0.05171,4.7
cell_003,245,0.05178,4.85
cell_003,246,0.0516,4.49
cell_003,247,0.05201,5.31
cell_003,248,0.05189,5.07
cell_003,249,0.05181,4.91
cell_003,250,0.05146,4.21
cell_003,251,0.05154,4.35
cell_003,252,0.05229,5.89
cell_003,253,0.05192,5.14
cell_003,254,0.05224,5.77
cell_003,255,0.05167,4.62
cell_003,256,0.05204,5.37
cell_003,257,0.05232,5.94
cell_003,258,0.05192,5.13
cell_003,259,0.0523,5.89
cell_003,260,0.05173,4.75
cell_003,261,0.05179,4.87
cell_003,262,0.05202,5.33
cell_003,263,0.05198,5.25
cell_003,264,0.05172,4.73
cell_003,265,0.05151,4.3
cell_003,266,0.05172,4.72
cell_003,267,0.05168,4.65
cell_003,268,0.0519,5.1
cell_003,269,0.05227,5.83
cell_003,270,0.05185,4.99
cell_003,271,0.0516,4.49
cell_003,272,0.05169,4.66
cell_003,273,0.05192,5.14
cell_003,274,0.05218,5.65
cell_003,275,0.05252,6.34
cell_003,276,0.05243,6.16
cell_003,277,0.05229,5.87
cell_003,278,0.05166,4.61
cell_003,279,0.05194,5.17
cell_003,280,0.05246,6.21
cell_003,281,0.05187,5.03
cell_003,282,0.05173,4.75
cell_003,283,0.0525,6.3
cell_003,284,0.05224,5.77
cell_003,285,0.05233,5.96
cell_003,286,0.05225,5.8
cell_003,287,0.05241,6.11
cell_003,288,0.05176,4.8
cell_003,289,0.05206,5.42
cell_003,290,0.05187,5.02
cell_003,291,0.05187,5.03
cell_003,292,0.05258,6.46
cell_003,293,0.05203,5.34
cell_003,294,0.05238,6.06
cell_003,295,0.05193,5.15
cell_003,296,0.05278,6.86
cell_003,297,0.05232,5.94
cell_003,298,0.05214,5.58
cell_003,299,0.05217,5.63
cell_003,300,0.05275,6.82
cell_003,301,0.0528,6.91
cell_003,302,0.05254,6.38
cell_003,303,0.05233,5.96
cell_003,304,0.05241,6.13
cell_003,305,0.05253,6.36
cell_003,306,0.05267,6.65
cell_003,307,0.05196,5.21
cell_003,308,0.05278,6.87
cell_003,309,0.05236,6.01
cell_003,310,0.05213,5.56
cell_003,311,0.05245,6.2
cell_003,312,0.05247,6.25
cell_003,313,0.0525,6.3
cell_003,314,0.05278,6.87
cell_003,315,0.05288,7.08
cell_003,316,0.05251,6.32
cell_003,317,0.05218,5.65
cell_003,318,0.05286,7.02
cell_003,319,0.05291,7.14
cell_003,320,0.05296,7.24
cell_003,321,0.05255,6.4
cell_003,322,0.05303,7.38
cell_003,323,0.0521,5.49
cell_003,324,0.05288,7.07
cell_003,325,0.05239,6.08
cell_003,326,0.05299,7.29
cell_003,327,0.05254,6.39
cell_003,328,0.05238,6.06
cell_003,329,0.05295,7.21
cell_003,330,0.05265,6.6
cell_003,331,0.05244,6.19
cell_003,332,0.05252,6.35
cell_003,333,0.05302,7.36
cell_003,334,0.05308,7.49
cell_003,335,0.05254,6.38
cell_003,336,0.05303,7.37
cell_003,337,0.05237,6.03
cell_003,338,0.05309,7.49
cell_003,339,0.05258,6.46
cell_003,340,0.0532,7.71
cell_003,341,0.05235,5.99
cell_003,342,0.05309,7.5
cell_003,343,0.05313,7.57
cell_003,344,0.05282,6.96
cell_003,345,0.05237,6.04
cell_003,346,0.05274,6.79
cell_003,347,0.05267,6.66
cell_003,348,0.05296,7.24
cell_003,349,0.05332,7.97
cell_003,350,0.05269,6.68
cell_003,351,0.05275,6.81
cell_003,352,0.05312,7.56
cell_003,353,0.05257,6.45
cell_003,354,0.05313,7.58
cell_003,355,0.05255,6.4
cell_003,356,0.05324,7.79
cell_003,357,0.05341,8.15
cell_003,358,0.05277,6.85
cell_003,359,0.05309,7.5
cell_003,360,0.05289,7.09
cell_003,361,0.0534,8.13
cell_003,362,0.05343,8.19
cell_003,363,0.05266,6.63
cell_003,364,0.05347,8.26
cell_003,365,0.05347,8.26
cell_003,366,0.05275,6.81
cell_003,367,0.05318,7.69
cell_003,368,0.05347,8.26
cell_003,369,0.05345,8.23
cell_003,370,0.05302,7.36
cell_003,371,0.0528,6.9
cell_003,372,0.05358,8.49
cell_003,373,0.05289,7.09
cell_003,374,0.05307,7.45
cell_003,375,0.05306,7.43
cell_003,376,0.05356,8.46
cell_003,377,0.05354,8.41
cell_003,378,0.05288,7.08
cell_003,379,0.05323,7.79
cell_003,380,0.0528,6.92
cell_003,381,0.05302,7.36
cell_003,382,0.05272,6.74
cell_003,383,0.05362,8.57
cell_003,384,0.05346,8.24
cell_003,385,0.05281,6.93
cell_003,386,0.05288,7.07
cell_003,387,0.05374,8.81
cell_003,388,0.05343,8.19
cell_003,389,0.0535,8.33
cell_003,390,0.05317,7.66
cell_003,391,0.05352,8.36
cell_003,392,0.05367,8.67
cell_003,393,0.05282,6.96
cell_003,394,0.05314,7.59
cell_003,395,0.05346,8.24
cell_003,396,0.05354,8.41
cell_003,397,0.05321,7.74
cell_003,398,0.05315,7.62
cell_003,399,0.05343,8.19
cell_003,400,0.05356,8.46
cell_003,401,0.05329,7.91
cell_003,402,0.0539,9.13
cell_003,403,0.05326,7.85
cell_003,404,0.05296,7.23
cell_003,405,0.05343,8.18
cell_003,406,0.05313,7.57
cell_003,407,0.05342,8.17
cell_003,408,0.05314,7.61
cell_003,409,0.0539,9.14
cell_003,410,0.05308,7.48
cell_003,411,0.05344,8.21
cell_003,412,0.05365,8.63
cell_003,413,0.05334,8.0
cell_003,414,0.05343,8.18
cell_003,415,0.05362,8.57
cell_003,416,0.05369,8.72
cell_003,417,0.05364,8.62
cell_003,418,0.05318,7.67
cell_003,419,0.05318,7.67
cell_003,420,0.05377,8.88
cell_003,421,0.05388,9.1
cell_003,422,0.05361,8.55
cell_003,423,0.05314,7.6
cell_003,424,0.05352,8.38
cell_003,425,0.05353,8.39
cell_003,426,0.0532,7.72
cell_003,427,0.05337,8.06
cell_003,428,0.05385,9.03
cell_003,429,0.05324,7.8
cell_003,430,0.05417,9.69
cell_003,431,0.05392,9.17
cell_003,432,0.05343,8.18
cell_003,433,0.054,9.34
cell_003,434,0.0538,8.93
cell_003,435,0.05335,8.02
cell_003,436,0.05336,8.05
cell_003,437,0.05404,9.42
cell_003,438,0.054,9.35
cell_003,439,0.05336,8.04
cell_003,440,0.05364,8.6
cell_003,441,0.05366,8.65
cell_003,442,0.05405,9.45
cell_003,443,0.05408,9.5
cell_003,444,0.0534,8.12
cell_003,445,0.05377,8.88
cell_003,446,0.05395,9.23
cell_003,447,0.05398,9.31
cell_003,448,0.054,9.35
cell_003,449,0.05342,8.17
cell_003,450,0.0542,9.75
cell_003,451,0.05369,8.72
cell_003,452,0.0537,8.74
cell_003,453,0.05385,9.03
cell_003,454,0.05433,10.02
cell_003,455,0.05426,9.88
cell_003,456,0.05353,8.38
cell_003,457,0.05408,9.51
cell_003,458,0.05411,9.56
cell_003,459,0.05406,9.45
cell_003,460,0.05411,9.56
cell_003,461,0.05434,10.02
cell_003,462,0.05406,9.46
cell_003,463,0.05397,9.28
cell_003,464,0.05362,8.58
cell_003,465,0.05427,9.88
cell_003,466,0.05413,9.61
cell_003,467,0.054,9.35
cell_003,468,0.05404,9.41
cell_003,469,0.05384,9.02
cell_003,470,0.05406,9.46
cell_003,471,0.05368,8.7
cell_003,472,0.05422,9.78
cell_003,473,0.05401,9.37
cell_003,474,0.05383,9.0
cell_003,475,0.05438,10.12
cell_003,476,0.05375,8.83
cell_003,477,0.0545,10.35
cell_003,478,0.05393,9.19
cell_003,479,0.05393,9.2
cell_003,480,0.05416,9.67
cell_003,481,0.05437,10.09
cell_003,482,0.05416,9.66
cell_003,483,0.05475,10.86
cell_003,484,0.05387,9.09
cell_003,485,0.05398,9.3
cell_003,486,0.05397,9.27
cell_003,487,0.05428,9.91
cell_003,488,0.05388,9.09
cell_003,489,0.05451,10.37
cell_003,490,0.05432,9.99
cell_003,491,0.05472,10.79
cell_003,492,0.05399,9.31
cell_003,493,0.05472,10.79
cell_003,494,0.0544,10.15
cell_003,495,0.054,9.34
cell_003,496,0.05476,10.89
cell_003,497,0.05425,9.85
cell_003,498,0.05408,9.5
cell_003,499,0.05397,9.29
cell_003,500,0.0549,11.16
cell_003,501,0.05465,10.66
cell_003,502,0.05466,10.67
cell_003,503,0.05446,10.26
cell_003,504,0.05404,9.42
cell_003,505,0.05444,10.24
cell_003,506,0.05498,11.32
cell_003,507,0.05442,10.19
cell_003,508,0.05404,9.42
cell_003,509,0.05472,10.79
cell_003,510,0.05489,11.15
cell_003,511,0.05468,10.71
cell_003,512,0.05412,9.58
cell_003,513,0.05418,9.71
cell_003,514,0.05455,10.46
cell_003,515,0.05478,10.92
cell_003,516,0.05443,10.21
cell_003,517,0.05501,11.38
cell_003,518,0.05507,11.51
cell_003,519,0.05466,10.67
cell_003,520,0.05476,10.88
cell_003,521,0.0543,9.95
cell_003,522,0.05505,11.47
cell_003,523,0.05455,10.46
cell_003,524,0.05446,10.28
cell_003,525,0.05454,10.43
cell_003,526,0.05461,10.57
cell_003,527,0.05427,9.88
cell_003,528,0.05495,11.26
cell_003,529,0.05457,10.49
cell_003,530,0.05469,10.74
cell_003,531,0.05494,11.25
cell_003,532,0.0545,10.35
cell_003,533,0.05474,10.84
cell_003,534,0.05461,10.57
cell_003,535,0.05476,10.88
cell_003,536,0.05452,10.39
cell_003,537,0.05474,10.83
cell_003,538,0.05435,10.05
cell_003,539,0.05534,12.04
cell_003,540,0.05462,10.6
cell_003,541,0.05509,11.55
cell_003,542,0.0549,11.16
cell_003,543,0.05538,12.14
cell_003,544,0.05517,11.71
cell_003,545,0.0548,10.96
cell_003,546,0.05489,11.15
cell_003,547,0.05463,10.62
cell_003,548,0.05507,11.51
cell_003,549,0.05528,11.93
cell_003,550,0.05493,11.22
cell_003,551,0.05501,11.38
cell_003,552,0.05477,10.91
cell_003,553,0.05506,11.48
cell_003,554,0.05512,11.6
cell_003,555,0.0554,12.17
cell_003,556,0.05524,11.86
cell_003,557,0.05501,11.4
cell_003,558,0.05534,12.05
cell_003,559,0.05511,11.59
cell_003,560,0.05477,10.91
cell_003,561,0.05495,11.27
cell_003,562,0.05521,11.78
cell_003,563,0.05556,12.51
cell_003,564,0.05526,11.9
cell_003,565,0.05475,10.86
cell_003,566,0.05559,12.55
cell_003,567,0.05535,12.07
cell_003,568,0.05497,11.31
cell_003,569,0.05521,11.8
cell_003,570,0.05526,11.89
cell_003,571,0.05557,12.52
cell_003,572,0.05485,11.07
cell_003,573,0.05474,10.85
cell_003,574,0.05513,11.64
cell_003,575,0.05478,10.92
cell_003,576,0.05496,11.29
cell_003,577,0.05488,11.13
cell_003,578,0.05553,12.44
cell_003,579,0.05541,12.2
cell_003,580,0.05554,12.45
cell_003,581,0.05539,12.16
cell_003,582,0.05516,11.69
cell_003,583,0.0558,12.99
cell_003,584,0.05511,11.59
cell_003,585,0.05529,11.96
cell_003,586,0.0556,12.58
cell_003,587,0.05495,11.26
cell_003,588,0.05492,11.2
cell_003,589,0.05536,12.09
cell_003,590,0.05523,11.83
cell_003,591,0.05522,11.82
cell_003,592,0.05574,12.86
cell_003,593,0.05557,12.53
cell_003,594,0.05584,13.06
cell_003,595,0.0552,11.77
cell_003,596,0.05497,11.31
cell_003,597,0.05553,12.45
cell_003,598,0.05587,13.14
cell_003,599,0.05556,12.49
cell_003,600,0.05505,11.47
cell_003,601,0.05581,13.0
cell_003,602,0.05518,11.73
cell_003,603,0.05537,12.12
cell_003,604,0.05558,12.54
cell_003,605,0.0555,12.37
cell_003,606,0.05538,12.14
cell_003,607,0.05514,11.65
cell_003,608,0.05511,11.59
cell_003,609,0.0556,12.59
cell_003,610,0.05521,11.79
cell_003,611,0.05594,13.27
cell_003,612,0.05532,12.01
cell_003,613,0.05528,11.94
cell_003,614,0.05564,12.66
cell_003,615,0.05555,12.47
cell_003,616,0.05597,13.33
cell_003,617,0.05579,12.96
cell_003,618,0.0555,12.38
cell_003,619,0.05543,12.23
cell_003,620,0.05579,12.97
cell_003,621,0.05552,12.43
cell_003,622,0.05538,12.13
cell_003,623,0.0554,12.18
cell_003,624,0.05556,12.51
cell_003,625,0.05538,12.13
cell_003,626,0.05544,12.26
cell_003,627,0.05536,12.1
cell_003,628,0.05616,13.71
cell_003,629,0.05603,13.45
cell_003,630,0.05597,13.33
cell_003,631,0.05535,12.07
cell_003,632,0.05613,13.65
cell_003,633,0.05544,12.25
cell_003,634,0.05634,14.08
cell_003,635,0.05583,13.04
cell_003,636,0.05586,13.11
cell_003,637,0.05548,12.34
cell_003,638,0.05631,14.02
cell_003,639,0.05598,13.34
cell_003,640,0.05631,14.02
cell_003,641,0.05591,13.22
cell_003,642,0.05638,14.16
cell_003,643,0.05636,14.12
cell_003,644,0.05591,13.22
cell_003,645,0.0562,13.8
cell_003,646,0.05619,13.78
cell_003,647,0.05643,14.26
cell_003,648,0.05609,13.57
cell_003,649,0.05638,14.16
cell_003,650,0.05606,13.52
cell_003,651,0.05575,12.88
cell_003,652,0.05592,13.23
cell_003,653,0.05626,13.92
cell_003,654,0.05635,14.1
cell_003,655,0.05639,14.17
cell_003,656,0.05616,13.71
cell_003,657,0.05631,14.02
cell_003,658,0.05652,14.44
cell_003,659,0.05641,14.22
cell_003,660,0.05624,13.88
cell_003,661,0.05584,13.07
cell_003,662,0.05608,13.56
cell_003,663,0.05611,13.62
cell_003,664,0.05648,14.35
cell_003,665,0.05629,13.97
cell_003,666,0.05658,14.57
cell_003,667,0.05658,14.57
cell_003,668,0.05671,14.83
cell_003,669,0.05654,14.49
cell_003,670,0.05672,14.84
cell_003,671,0.05626,13.92
cell_003,672,0.05625,13.89
cell_003,673,0.05669,14.78
cell_003,674,0.05593,13.25
cell_003,675,0.05586,13.1
cell_003,676,0.05618,13.75
cell_003,677,0.05586,13.11
cell_003,678,0.05668,14.77
cell_003,679,0.0559,13.19
cell_003,680,0.05666,14.73
cell_003,681,0.05606,13.5
cell_003,682,0.05659,14.59
cell_003,683,0.0562,13.8
cell_003,684,0.05683,15.07
cell_003,685,0.0562,13.79
cell_003,686,0.05625,13.89
cell_003,687,0.05663,14.66
cell_003,688,0.05627,13.95
cell_003,689,0.05663,14.66
cell_003,690,0.05613,13.65
cell_003,691,0.05683,15.06
cell_003,692,0.05629,13.99
cell_003,693,0.05623,13.85
cell_003,694,0.05679,15.0
cell_003,695,0.05609,13.57
cell_003,696,0.05694,15.29
cell_003,697,0.05654,14.49
cell_003,698,0.05632,14.04
cell_003,699,0.05647,14.34
cell_003,700,0.05688,15.16
cell_003,701,0.05659,14.59
cell_003,702,0.0564,14.2
cell_003,703,0.05631,14.01
cell_003,704,0.0562,13.81
cell_003,705,0.05684,15.08
cell_003,706,0.05687,15.16
cell_003,707,0.05654,14.48
cell_003,708,0.05624,13.88
cell_003,709,0.05679,14.99
cell_003,710,0.05693,15.27
cell_003,711,0.05646,14.32
cell_003,712,0.05675,14.91
cell_003,713,0.05703,15.48
cell_003,714,0.05638,14.16
cell_003,715,0.05648,14.36
cell_003,716,0.05628,13.95
cell_003,717,0.05654,14.49
cell_003,718,0.05721,15.85
cell_003,719,0.05656,14.53
cell_003,720,0.05651,14.43
cell_003,721,0.05682,15.05
cell_003,722,0.05712,15.66
cell_003,723,0.05636,14.12
cell_003,724,0.05635,14.1
cell_003,725,0.05694,15.3
cell_003,726,0.05718,15.78
cell_003,727,0.05711,15.64
cell_003,728,0.05653,14.47
cell_003,729,0.05718,15.79
cell_003,730,0.0568,15.01
cell_003,731,0.05737,16.17
cell_003,732,0.05645,14.31
cell_003,733,0.05654,14.49
cell_003,734,0.05725,15.92
cell_003,735,0.05724,15.9
cell_003,736,0.05676,14.93
cell_003,737,0.05681,15.03
cell_003,738,0.05704,15.49
cell_003,739,0.05734,16.1
cell_003,740,0.05733,16.09
cell_003,741,0.05663,14.66
cell_003,742,0.05685,15.11
cell_003,743,0.05709,15.59
cell_003,744,0.05677,14.96
cell_003,745,0.05695,15.31
cell_003,746,0.05704,15.5
cell_003,747,0.05688,15.16
cell_003,748,0.05661,14.63
cell_003,749,0.05676,14.92
cell_003,750,0.05751,16.44
cell_003,751,0.05691,15.24
cell_003,752,0.05693,15.28
cell_003,753,0.05678,14.98
cell_003,754,0.05688,15.17
cell_003,755,0.05699,15.39
cell_003,756,0.05708,15.58
cell_003,757,0.05761,16.64
cell_003,758,0.05735,16.13
cell_003,759,0.05723,15.88
cell_003,760,0.05682,15.05
cell_003,761,0.05752,16.48
cell_003,762,0.05702,15.45
cell_003,763,0.05699,15.39
cell_003,764,0.05719,15.79
cell_003,765,0.05726,15.94
cell_003,766,0.05717,15.76
cell_003,767,0.05766,16.75
cell_003,768,0.05723,15.89
cell_003,769,0.05748,16.39
cell_003,770,0.0578,17.03
cell_003,771,0.05707,15.55
cell_003,772,0.05735,16.12
cell_003,773,0.05761,16.66
cell_003,774,0.05734,16.09
cell_003,775,0.0578,17.03
cell_003,776,0.05692,15.26
cell_003,777,0.05703,15.49
cell_003,778,0.05732,16.07
cell_003,779,0.05789,17.23
cell_003,780,0.05733,16.08
cell_003,781,0.05743,16.28
cell_003,782,0.05777,16.98
cell_003,783,0.05727,15.96
cell_003,784,0.05729,16.01
cell_003,785,0.05733,16.09
cell_003,786,0.05742,16.26
cell_003,787,0.05708,15.59
cell_003,788,0.05756,16.55
cell_003,789,0.05767,16.78
cell_003,790,0.05726,15.94
cell_003,791,0.0577,16.84
cell_003,792,0.0576,16.63
cell_003,793,0.05714,15.7
cell_003,794,0.05732,16.07
cell_003,795,0.0578,17.04
cell_003,796,0.05779,17.01
cell_003,797,0.05767,16.76
cell_003,798,0.05775,16.94
cell_003,799,0.05721,15.84
cell_003,800,0.05738,16.18
cell_004,1,0.04987,0.83
cell_004,2,0.04991,0.9
cell_004,3,0.04983,0.73
cell_004,4,0.04996,1.01
cell_004,5,0.04915,-0.63
cell_004,6,0.04913,-0.67
cell_004,7,0.04976,0.6
cell_004,8,0.04992,0.93
cell_004,9,0.04996,1.01
cell_004,10,0.04984,0.77
cell_004,11,0.04933,-0.28
cell_004,12,0.04974,0.56
cell_004,13,0.04949,0.05
cell_004,14,0.04924,-0.46
cell_004,15,0.04988,0.85
cell_004,16,0.04931,-0.3
cell_004,17,0.04948,0.03
cell_004,18,0.04942,-0.08
cell_004,19,0.04921,-0.52
cell_004,20,0.04984,0.77
cell_004,21,0.04954,0.16
cell_004,22,0.04945,-0.02
cell_004,23,0.0492,-0.53
cell_004,24,0.04964,0.36
cell_004,25,0.04935,-0.23
cell_004,26,0.04958,0.23
cell_004,27,0.04989,0.86
cell_004,28,0.04935,-0.22
cell_004,29,0.04924,-0.45
cell_004,30,0.05018,1.45
cell_004,31,0.04976,0.59
cell_004,32,0.04959,0.26
cell_004,33,0.05024,1.57
cell_004,34,0.04964,0.36
cell_004,35,0.05006,1.21
cell_004,36,0.04972,0.51
cell_004,37,0.05007,1.24
cell_004,38,0.04962,0.32
cell_004,39,0.0503,1.69
cell_004,40,0.05006,1.2
cell_004,41,0.0494,-0.13
cell_004,42,0.05018,1.45
cell_004,43,0.04951,0.1
cell_004,44,0.05019,1.47
cell_004,45,0.04985,0.79
cell_004,46,0.04941,-0.1
cell_004,47,0.04964,0.35
cell_004,48,0.0495,0.08
cell_004,49,0.05034,1.77
cell_004,50,0.04985,0.79
cell_004,51,0.05026,1.61
cell_004,52,0.04944,-0.04
cell_004,53,0.04959,0.26
cell_004,54,0.05028,1.66
cell_004,55,0.05006,1.21
cell_004,56,0.05034,1.78
cell_004,57,0.04979,0.66
cell_004,58,0.05011,1.31
cell_004,59,0.05004,1.17
cell_004,60,0.05017,1.43
cell_004,61,0.05018,1.44
cell_004,62,0.05,1.08
cell_004,63,0.05038,1.85
cell_004,64,0.05,1.08
cell_004,65,0.04989,0.86
cell_004,66,0.04958,0.24
cell_004,67,0.04994,0.96
cell_004,68,0.0499,0.88
cell_004,69,0.04999,1.06
cell_004,70,0.05058,2.25
cell_004,71,0.04972,0.52
cell_004,72,0.04978,0.65
cell_004,73,0.05,1.09
cell_004,74,0.05048,2.05
cell_004,75,0.04996,1.01
cell_004,76,0.0497,0.48
cell_004,77,0.05006,1.2
cell_004,78,0.04989,0.87
cell_004,79,0.05029,1.67
cell_004,80,0.04981,0.7
cell_004,81,0.04974,0.57
cell_004,82,0.0498,0.68
cell_004,83,0.05056,2.21
cell_004,84,0.05073,2.57
cell_004,85,0.05012,1.33
cell_004,86,0.04993,0.94
cell_004,87,0.05035,1.8
cell_004,88,0.05036,1.81
cell_004,89,0.05061,2.32
cell_004,90,0.05036,1.82
cell_004,91,0.05074,2.57
cell_004,92,0.05023,1.56
cell_004,93,0.05013,1.34
cell_004,94,0.04994,0.96
cell_004,95,0.05017,1.44
cell_004,96,0.05071,2.52
cell_004,97,0.05029,1.68
cell_004,98,0.05067,2.44
cell_004,99,0.05012,1.32
cell_004,100,0.05023,1.56
cell_004,101,0.05073,2.56
cell_004,102,0.05035,1.79
cell_004,103,0.0502,1.49
cell_004,104,0.05013,1.36
cell_004,105,0.0507,2.5
cell_004,106,0.05043,1.96
cell_004,107,0.05013,1.36
cell_004,108,0.05088,2.86
cell_004,109,0.0508,2.69
cell_004,110,0.05035,1.8
cell_004,111,0.05056,2.21
cell_004,112,0.05096,3.04
cell_004,113,0.05063,2.35
cell_004,114,0.0502,1.49
cell_004,115,0.05025,1.59
cell_004,116,0.05064,2.39
cell_004,117,0.05035,1.8
cell_004,118,0.05032,1.74
cell_004,119,0.05089,2.88
cell_004,120,0.05088,2.86
cell_004,121,0.05093,2.97
cell_004,122,0.05061,2.33
cell_004,123,0.051,3.12
cell_004,124,0.05081,2.73
cell_004,125,0.05027,1.64
cell_004,126,0.0506,2.29
cell_004,127,0.05039,1.88
cell_004,128,0.05025,1.59
cell_004,129,0.05112,3.35
cell_004,130,0.05058,2.26
cell_004,131,0.05033,1.75
cell_004,132,0.05035,1.79
cell_004,133,0.0509,2.9
cell_004,134,0.05046,2.01
cell_004,135,0.05055,2.21
cell_004,136,0.0505,2.1
cell_004,137,0.0508,2.7
cell_004,138,0.05086,2.83
cell_004,139,0.05113,3.38
cell_004,140,0.05068,2.47
cell_004,141,0.05048,2.05
cell_004,142,0.05096,3.02
cell_004,143,0.05132,3.75
cell_004,144,0.05116,3.44
cell_004,145,0.05051,2.12
cell_004,146,0.05095,3.01
cell_004,147,0.05095,3.01
cell_004,148,0.05113,3.37
cell_004,149,0.05049,2.08
cell_004,150,0.05044,1.97
cell_004,151,0.05057,2.24
cell_004,152,0.05092,2.96
cell_004,153,0.05078,2.66
cell_004,154,0.05125,3.61
cell_004,155,0.05097,3.05
cell_004,156,0.05075,2.6
cell_004,157,0.05108,3.27
cell_004,158,0.05085,2.81
cell_004,159,0.05145,4.03
cell_004,160,0.05068,2.45
cell_004,161,0.05066,2.43
cell_004,162,0.05057,2.25
cell_004,163,0.0508,2.7
cell_004,164,0.05102,3.16
cell_004,165,0.05112,3.36
cell_004,166,0.05099,3.09
cell_004,167,0.05071,2.52
cell_004,168,0.05074,2.58
cell_004,169,0.05119,3.49
cell_004,170,0.05065,2.4
cell_004,171,0.05115,3.41
cell_004,172,0.05154,4.19
cell_004,173,0.05075,2.6
cell_004,174,0.05102,3.14
cell_004,175,0.05138,3.87
cell_004,176,0.05148,4.08
cell_004,177,0.05083,2.77
cell_004,178,0.05141,3.93
cell_004,179,0.05156,4.25
cell_004,180,0.0511,3.3
cell_004,181,0.05158,4.28
cell_004,182,0.05106,3.24
cell_004,183,0.0515,4.12
cell_004,184,0.05086,2.82
cell_004,185,0.05092,2.95
cell_004,186,0.05103,3.16
cell_004,187,0.05164,4.41
cell_004,188,0.05149,4.1
cell_004,189,0.05096,3.02
cell_004,190,0.05085,2.8
cell_004,191,0.05161,4.33
cell_004,192,0.05155,4.21
cell_004,193,0.05148,4.07
cell_004,194,0.05098,3.08
cell_004,195,0.0518,4.72
cell_004,196,0.05164,4.39
cell_004,197,0.05163,4.39
cell_004,198,0.0513,3.72
cell_004,199,0.05099,3.08
cell_004,200,0.05169,4.49
cell_004,201,0.05105,3.21
cell_004,202,0.05155,4.22
cell_004,203,0.05171,4.55
cell_004,204,0.05182,4.77
cell_004,205,0.05192,4.97
cell_004,206,0.05185,4.82
cell_004,207,0.05144,4.0
cell_004,208,0.05185,4.82
cell_004,209,0.0515,4.13
cell_004,210,0.0519,4.93
cell_004,211,0.05137,3.87
cell_004,212,0.05176,4.64
cell_004,213,0.05149,4.1
cell_004,214,0.05128,3.68
cell_004,215,0.05113,3.36
cell_004,216,0.05199,5.11
cell_004,217,0.05199,5.12
cell_004,218,0.05111,3.33
cell_004,219,0.0519,4.94
cell_004,220,0.05113,3.37
cell_004,221,0.05192,4.96
cell_004,222,0.05175,4.62
cell_004,223,0.05151,4.15
cell_004,224,0.05145,4.02
cell_004,225,0.05189,4.92
cell_004,226,0.05188,4.89
cell_004,227,0.05119,3.5
cell_004,228,0.05215,5.43
cell_004,229,0.05178,4.69
cell_004,230,0.05124,3.58
cell_004,231,0.05163,4.39
cell_004,232,0.05143,3.97
cell_004,233,0.05148,4.08
cell_004,234,0.05223,5.59
cell_004,235,0.05197,5.06
cell_004,236,0.05174,4.6
cell_004,237,0.05176,4.65
cell_004,238,0.05139,3.9
cell_004,239,0.05183,4.79
cell_004,240,0.05147,4.06
cell_004,241,0.0516,4.32
cell_004,242,0.05191,4.95
cell_004,243,0.05176,4.64
cell_004,244,0.05158,4.28
cell_004,245,0.05202,5.17
cell_004,246,0.05138,3.87
cell_004,247,0.05147,4.07
cell_004,248,0.05215,5.43
cell_004,249,0.05162,4.37
cell_004,250,0.05192,4.98
cell_004,251,0.05168,4.49
cell_004,252,0.052,5.12
cell_004,253,0.0515,4.12
cell_004,254,0.05155,4.22
cell_004,255,0.05189,4.9
cell_004,256,0.05233,5.8
cell_004,257,0.0515,4.13
cell_004,258,0.05163,4.39
cell_004,259,0.05194,5.01
cell_004,260,0.05216,5.45
cell_004,261,0.05238,5.89
cell_004,262,0.0518,4.73
cell_004,263,0.05242,5.98
cell_004,264,0.05206,5.24
cell_004,265,0.05171,4.55
cell_004,266,0.05189,4.91
cell_004,267,0.05198,5.09
cell_004,268,0.05237,5.87
cell_004,269,0.05231,5.77
cell_004,270,0.05218,5.49
cell_004,271,0.05245,6.03
cell_004,272,0.05263,6.39
cell_004,273,0.05255,6.24
cell_004,274,0.05244,6.03
cell_004,275,0.05174,4.59
cell_004,276,0.0524,5.94
cell_004,277,0.05206,5.25
cell_004,278,0.05239,5.92
cell_004,279,0.05262,6.38
cell_004,280,0.05205,5.23
cell_004,281,0.05246,6.05
cell_004,282,0.05217,5.48
cell_004,283,0.05209,5.31
cell_004,284,0.05261,6.36
cell_004,285,0.05246,6.07
cell_004,286,0.05256,6.26
cell_004,287,0.0518,4.73
cell_004,288,0.05272,6.59
cell_004,289,0.05213,5.4
cell_004,290,0.05207,5.27
cell_004,291,0.05253,6.2
cell_004,292,0.05193,4.99
cell_004,293,0.05194,5.02
cell_004,294,0.05214,5.41
cell_004,295,0.05255,6.24
cell_004,296,0.05219,5.51
cell_004,297,0.05256,6.26
cell_004,298,0.05214,5.42
cell_004,299,0.05241,5.97
cell_004,300,0.05219,5.51
cell_004,301,0.05256,6.26
cell_004,302,0.05257,6.28
cell_004,303,0.05228,5.7
cell_004,304,0.0527,6.55
cell_004,305,0.05231,5.76
cell_004,306,0.05244,6.03
cell_004,307,0.05259,6.32
cell_004,308,0.05255,6.23
cell_004,309,0.0521,5.34
cell_004,310,0.05272,6.58
cell_004,311,0.0523,5.73
cell_004,312,0.05292,7.0
cell_004,313,0.05246,6.05
cell_004,314,0.05295,7.06
cell_004,315,0.05304,7.23
cell_004,316,0.05265,6.45
cell_004,317,0.05215,5.44
cell_004,318,0.05286,6.88
cell_004,319,0.05247,6.07
cell_004,320,0.05275,6.65
cell_004,321,0.05312,7.39
cell_004,322,0.05276,6.66
cell_004,323,0.05258,6.3
cell_004,324,0.05313,7.42
cell_004,325,0.05256,6.26
cell_004,326,0.05291,6.97
cell_004,327,0.05271,6.57
cell_004,328,0.05222,5.58
cell_004,329,0.05247,6.08
cell_004,330,0.05323,7.61
cell_004,331,0.05315,7.45
cell_004,332,0.05272,6.58
cell_004,333,0.05315,7.46
cell_004,334,0.05247,6.08
cell_004,335,0.0528,6.74
cell_004,336,0.05311,7.38
cell_004,337,0.05261,6.36
cell_004,338,0.05319,7.54
cell_004,339,0.05321,7.57
cell_004,340,0.05321,7.58
cell_004,341,0.0529,6.95
cell_004,342,0.05267,6.49
cell_004,343,0.05285,6.85
cell_004,344,0.05274,6.63
cell_004,345,0.05323,7.62
cell_004,346,0.05312,7.4
cell_004,347,0.05326,7.67
cell_004,348,0.05321,7.58
cell_004,349,0.05254,6.23
cell_004,350,0.05299,7.13
cell_004,351,0.05325,7.66
cell_004,352,0.05285,6.85
cell_004,353,0.05272,6.58
cell_004,354,0.05324,7.63
cell_004,355,0.05305,7.25
cell_004,356,0.05319,7.54
cell_004,357,0.05334,7.83
cell_004,358,0.05313,7.41
cell_004,359,0.05285,6.85
cell_004,360,0.05268,6.5
cell_004,361,0.05338,7.92
cell_004,362,0.0526,6.34
cell_004,363,0.05349,8.14
cell_004,364,0.05358,8.32
cell_004,365,0.05293,7.01
cell_004,366,0.05304,7.23
cell_004,367,0.05311,7.37
cell_004,368,0.05265,6.45
cell_004,369,0.05323,7.61
cell_004,370,0.053,7.15
cell_004,371,0.05322,7.59
cell_004,372,0.05279,6.73
cell_004,373,0.05367,8.5
cell_004,374,0.053,7.15
cell_004,375,0.05314,7.44
cell_004,376,0.05332,7.81
cell_004,377,0.05313,7.42
cell_004,378,0.05316,7.47
cell_004,379,0.0529,6.94
cell_004,380,0.05331,7.78
cell_004,381,0.05365,8.47
cell_004,382,0.05292,6.98
cell_004,383,0.0531,7.36
cell_004,384,0.05325,7.66
cell_004,385,0.05313,7.41
cell_004,386,0.05342,8.0
cell_004,387,0.05348,8.12
cell_004,388,0.05304,7.24
cell_004,389,0.05303,7.21
cell_004,390,0.05311,7.38
cell_004,391,0.05368,8.52
cell_004,392,0.05366,8.49
cell_004,393,0.05332,7.8
cell_004,394,0.05383,8.82
cell_004,395,0.05345,8.06
cell_004,396,0.05329,7.73
cell_004,397,0.05375,8.67
cell_004,398,0.05306,7.26
cell_004,399,0.05304,7.24
cell_004,400,0.05335,7.86
cell_004,401,0.05396,9.09
cell_004,402,0.0539,8.97
cell_004,403,0.05348,8.11
cell_004,404,0.05312,7.4
cell_004,405,0.05368,8.53
cell_004,406,0.0531,7.36
cell_004,407,0.05332,7.81
cell_004,408,0.05336,7.89
cell_004,409,0.05368,8.52
cell_004,410,0.05309,7.33
cell_004,411,0.05328,7.72
cell_004,412,0.05373,8.62
cell_004,413,0.054,9.18
cell_004,414,0.0533,7.76
cell_004,415,0.0538,8.78
cell_004,416,0.05373,8.62
cell_004,417,0.0533,7.75
cell_004,418,0.0539,8.96
cell_004,419,0.05377,8.7
cell_004,420,0.05332,7.8
cell_004,421,0.05409,9.35
cell_004,422,0.05405,9.27
cell_004,423,0.05384,8.86
cell_004,424,0.05337,7.91
cell_004,425,0.05335,7.87
cell_004,426,0.05403,9.24
cell_004,427,0.05341,7.98
cell_004,428,0.0537,8.57
cell_004,429,0.05401,9.2
cell_004,430,0.05373,8.63
cell_004,431,0.05427,9.72
cell_004,432,0.05389,8.96
cell_004,433,0.05353,8.23
cell_004,434,0.05401,9.2
cell_004,435,0.05396,9.09
cell_004,436,0.05367,8.51
cell_004,437,0.05394,9.05
cell_004,438,0.05374,8.65
cell_004,439,0.05362,8.41
cell_004,440,0.05361,8.39
cell_004,441,0.05382,8.8
cell_004,442,0.05342,8.01
cell_004,443,0.05367,8.5
cell_004,444,0.05401,9.18
cell_004,445,0.05435,9.87
cell_004,446,0.05382,8.81
cell_004,447,0.05401,9.19
cell_004,448,0.05394,9.06
cell_004,449,0.05355,8.27
cell_004,450,0.05385,8.86
cell_004,451,0.05373,8.62
cell_004,452,0.05391,8.98
cell_004,453,0.0536,8.36
cell_004,454,0.05443,10.05
cell_004,455,0.05434,9.86
cell_004,456,0.0541,9.37
cell_004,457,0.05406,9.3
cell_004,458,0.05449,10.16
cell_004,459,0.05372,8.61
cell_004,460,0.05456,10.32
cell_004,461,0.05381,8.79
cell_004,462,0.05383,8.83
cell_004,463,0.05372,8.61
cell_004,464,0.05377,8.71
cell_004,465,0.05459,10.37
cell_004,466,0.05384,8.85
cell_004,467,0.05435,9.88
cell_004,468,0.05393,9.04
cell_004,469,0.0545,10.18
cell_004,470,0.05462,10.42
cell_004,471,0.05441,10.0
cell_004,472,0.05404,9.25
cell_004,473,0.05458,10.35
cell_004,474,0.05399,9.15
cell_004,475,0.05377,8.7
cell_004,476,0.05454,10.27
cell_004,477,0.05442,10.03
cell_004,478,0.05469,10.57
cell_004,479,0.05421,9.59
cell_004,480,0.05462,10.43
cell_004,481,0.0548,10.8
cell_004,482,0.05437,9.93
cell_004,483,0.05453,10.25
cell_004,484,0.0548,10.79
cell_004,485,0.05465,10.5
cell_004,486,0.05475,10.69
cell_004,487,0.05392,9.02
cell_004,488,0.05479,10.78
cell_004,489,0.05394,9.05
cell_004,490,0.05407,9.32
cell_004,491,0.05486,10.92
cell_004,492,0.05451,10.2
cell_004,493,0.05451,10.21
cell_004,494,0.05468,10.55
cell_004,495,0.05469,10.56
cell_004,496,0.05427,9.73
cell_004,497,0.0541,9.38
cell_004,498,0.05443,10.04
cell_004,499,0.05419,9.56
cell_004,500,0.05442,10.03
cell_004,501,0.05417,9.51
cell_004,502,0.05446,10.11
cell_004,503,0.05498,11.15
cell_004,504,0.0544,9.98
cell_004,505,0.05422,9.62
cell_004,506,0.05468,10.54
cell_004,507,0.05425,9.67
cell_004,508,0.05412,9.42
cell_004,509,0.05494,11.07
cell_004,510,0.05423,9.63
cell_004,511,0.05467,10.53
cell_004,512,0.05478,10.75
cell_004,513,0.055,11.2
cell_004,514,0.05505,11.29
cell_004,515,0.05442,10.02
cell_004,516,0.05471,10.61
cell_004,517,0.05496,11.11
cell_004,518,0.05456,10.31
cell_004,519,0.05519,11.58
cell_004,520,0.05519,11.58
cell_004,521,0.0544,9.98
cell_004,522,0.05458,10.34
cell_004,523,0.05458,10.35
cell_004,524,0.05491,11.01
cell_004,525,0.0545,10.19
cell_004,526,0.05518,11.57
cell_004,527,0.05474,10.67
cell_004,528,0.05527,11.74
cell_004,529,0.05502,11.23
cell_004,530,0.05472,10.63
cell_004,531,0.05512,11.44
cell_004,532,0.05524,11.69
cell_004,533,0.05458,10.36
cell_004,534,0.05524,11.69
cell_004,535,0.05462,10.44
cell_004,536,0.05535,11.9
cell_004,537,0.0546,10.39
cell_004,538,0.05498,11.16
cell_004,539,0.05514,11.47
cell_004,540,0.0553,11.8
cell_004,541,0.05517,11.54
cell_004,542,0.05449,10.17
cell_004,543,0.05492,11.03
cell_004,544,0.05496,11.12
cell_004,545,0.05482,10.83
cell_004,546,0.0551,11.39
cell_004,547,0.05524,11.68
cell_004,548,0.055,11.19
cell_004,549,0.05552,12.25
cell_004,550,0.05522,11.63
cell_004,551,0.05545,12.11
cell_004,552,0.05546,12.13
cell_004,553,0.05537,11.94
cell_004,554,0.05531,11.82
cell_004,555,0.05504,11.27
cell_004,556,0.05472,10.63
cell_004,557,0.05502,11.23
cell_004,558,0.05541,12.02
cell_004,559,0.05488,10.95
cell_004,560,0.0556,12.41
cell_004,561,0.05547,12.15
cell_004,562,0.05477,10.72
cell_004,563,0.05478,10.75
cell_004,564,0.05539,11.98
cell_004,565,0.05567,12.56
cell_004,566,0.05544,12.08
cell_004,567,0.05516,11.52
cell_004,568,0.05554,12.28
cell_004,569,0.05563,12.47
cell_004,570,0.05484,10.87
cell_004,571,0.05576,12.74
cell_004,572,0.05534,11.87
cell_004,573,0.05499,11.17
cell_004,574,0.05522,11.65
cell_004,575,0.05506,11.31
cell_004,576,0.05505,11.3
cell_004,577,0.05504,11.27
cell_004,578,0.05524,11.68
cell_004,579,0.05523,11.67
cell_004,580,0.0556,12.42
cell_004,581,0.05575,12.71
cell_004,582,0.05502,11.23
cell_004,583,0.05497,11.14
cell_004,584,0.05567,12.54
cell_004,585,0.05566,12.52
cell_004,586,0.05524,11.69
cell_004,587,0.05538,11.97
cell_004,588,0.05589,13.0
cell_004,589,0.05559,12.39
cell_004,590,0.05595,13.12
cell_004,591,0.0551,11.4
cell_004,592,0.05524,11.68
cell_004,593,0.05514,11.48
cell_004,594,0.05552,12.25
cell_004,595,0.05575,12.72
cell_004,596,0.05554,12.29
cell_004,597,0.05601,13.24
cell_004,598,0.05603,13.28
cell_004,599,0.05567,12.55
cell_004,600,0.05593,13.08
cell_004,601,0.05556,12.33
cell_004,602,0.05527,11.74
cell_004,603,0.05515,11.51
cell_004,604,0.05545,12.11
cell_004,605,0.05559,12.39
cell_004,606,0.05594,13.09
cell_004,607,0.05529,11.77
cell_004,608,0.05608,13.38
cell_004,609,0.05618,13.58
cell_004,610,0.05533,11.85
cell_004,611,0.05566,12.53
cell_004,612,0.05576,12.74
cell_004,613,0.05565,12.51
cell_004,614,0.05577,12.75
cell_004,615,0.05615,13.52
cell_004,616,0.05553,12.27
cell_004,617,0.05625,13.73
cell_004,618,0.05613,13.49
cell_004,619,0.05605,13.32
cell_004,620,0.05563,12.46
cell_004,621,0.05614,13.51
cell_004,622,0.0562,13.61
cell_004,623,0.05594,13.09
cell_004,624,0.0556,12.41
cell_004,625,0.05573,12.66
cell_004,626,0.05605,13.31
cell_004,627,0.05557,12.35
cell_004,628,0.05583,12.88
cell_004,629,0.056,13.22
cell_004,630,0.05561,12.43
cell_004,631,0.05602,13.26
cell_004,632,0.0556,12.41
cell_004,633,0.05599,13.19
cell_004,634,0.05598,13.18
cell_004,635,0.05553,12.26
cell_004,636,0.05609,13.4
cell_004,637,0.05626,13.74
cell_004,638,0.05608,13.37
cell_004,639,0.05554,12.28
cell_004,640,0.05578,12.78
cell_004,641,0.05597,13.15
cell_004,642,0.0561,13.42
cell_004,643,0.05584,12.9
cell_004,644,0.05617,13.55
cell_004,645,0.05645,14.13
cell_004,646,0.05603,13.28
cell_004,647,0.05571,12.62
cell_004,648,0.05607,13.36
cell_004,649,0.05614,13.49
cell_004,650,0.05571,12.64
cell_004,651,0.05632,13.86
cell_004,652,0.0564,14.02
cell_004,653,0.05635,13.93
cell_004,654,0.05573,12.67
cell_004,655,0.05653,14.29
cell_004,656,0.05637,13.96
cell_004,657,0.05633,13.88
cell_004,658,0.05642,14.07
cell_004,659,0.05597,13.15
cell_004,660,0.05623,13.68
cell_004,661,0.05642,14.07
cell_004,662,0.05631,13.85
cell_004,663,0.05662,14.46
cell_004,664,0.05652,14.27
cell_004,665,0.05598,13.18
cell_004,666,0.05615,13.52
cell_004,667,0.05678,14.79
cell_004,668,0.05681,14.85
cell_004,669,0.05626,13.74
cell_004,670,0.05659,14.41
cell_004,671,0.05609,13.4
cell_004,672,0.05669,14.61
cell_004,673,0.05656,14.34
cell_004,674,0.05594,13.1
cell_004,675,0.0567,14.64
cell_004,676,0.05639,14.01
cell_004,677,0.05683,14.9
cell_004,678,0.05595,13.12
cell_004,679,0.05651,14.24
cell_004,680,0.05598,13.18
cell_004,681,0.05665,14.53
cell_004,682,0.05621,13.64
cell_004,683,0.05697,15.18
cell_004,684,0.05681,14.85
cell_004,685,0.05613,13.48
cell_004,686,0.05632,13.86
cell_004,687,0.0562,13.61
cell_004,688,0.05659,14.42
cell_004,689,0.05655,14.32
cell_004,690,0.0565,14.23
cell_004,691,0.05676,14.76
cell_004,692,0.0566,14.42
cell_004,693,0.05665,14.53
cell_004,694,0.05629,13.8
cell_004,695,0.05674,14.71
cell_004,696,0.05647,14.17
cell_004,697,0.05648,14.19
cell_004,698,0.05667,14.58
cell_004,699,0.05621,13.65
cell_004,700,0.05668,14.6
cell_004,701,0.05676,14.75
cell_004,702,0.05658,14.39
cell_004,703,0.05667,14.58
cell_004,704,0.05706,15.36
cell_004,705,0.05703,15.3
cell_004,706,0.05627,13.75
cell_004,707,0.05627,13.77
cell_004,708,0.05703,15.3
cell_004,709,0.05698,15.2
cell_004,710,0.05646,14.14
cell_004,711,0.05691,15.06
cell_004,712,0.05694,15.12
cell_004,713,0.05711,15.46
cell_004,714,0.05638,13.99
cell_004,715,0.05649,14.2
cell_004,716,0.05677,14.78
cell_004,717,0.05702,15.28
cell_004,718,0.05715,15.54
cell_004,719,0.05648,14.19
cell_004,720,0.05642,14.06
cell_004,721,0.05677,14.76
cell_004,722,0.05727,15.78
cell_004,723,0.05701,15.26
cell_004,724,0.05736,15.97
cell_004,725,0.05703,15.29
cell_004,726,0.0568,14.84
cell_004,727,0.05741,16.07
cell_004,728,0.05671,14.64
cell_004,729,0.05746,16.18
cell_004,730,0.05667,14.57
cell_004,731,0.05673,14.68
cell_004,732,0.05657,14.37
cell_004,733,0.0575,16.24
cell_004,734,0.05661,14.46
cell_004,735,0.05678,14.79
cell_004,736,0.05729,15.82
cell_004,737,0.05707,15.38
cell_004,738,0.05677,14.76
cell_004,739,0.05729,15.83
cell_004,740,0.05668,14.59
cell_004,741,0.05668,14.6
cell_004,742,0.05708,15.41
cell_004,743,0.05731,15.86
cell_004,744,0.05733,15.9
cell_004,745,0.05749,16.24
cell_004,746,0.05735,15.95
cell_004,747,0.05713,15.5
cell_004,748,0.05719,15.63
cell_004,749,0.05712,15.48
cell_004,750,0.05748,16.21
cell_004,751,0.05727,15.78
cell_004,752,0.05718,15.6
cell_004,753,0.05744,16.14
cell_004,754,0.0573,15.85
cell_004,755,0.05774,16.73
cell_004,756,0.05755,16.35
cell_004,757,0.0573,15.85
cell_004,758,0.05719,15.62
cell_004,759,0.05686,14.95
cell_004,760,0.05727,15.79
cell_004,761,0.05737,15.99
cell_004,762,0.05685,14.95
cell_004,763,0.05704,15.31
cell_004,764,0.05715,15.55
cell_004,765,0.05726,15.77
cell_004,766,0.05746,16.17
cell_004,767,0.05767,16.59
cell_004,768,0.05722,15.69
cell_004,769,0.05789,17.04
cell_004,770,0.05708,15.4
cell_004,771,0.05793,17.11
cell_004,772,0.05789,17.04
cell_004,773,0.05763,16.51
cell_004,774,0.05742,16.09
cell_004,775,0.05726,15.77
cell_004,776,0.05723,15.71
cell_004,777,0.05795,17.16
cell_004,778,0.0575,16.25
cell_004,779,0.05743,16.1
cell_004,780,0.058,17.26
cell_004,781,0.05775,16.76
cell_004,782,0.05778,16.82
cell_004,783,0.05739,16.03
cell_004,784,0.05784,16.94
cell_004,785,0.05766,16.58
cell_004,786,0.05776,16.77
cell_004,787,0.05792,17.1
cell_004,788,0.05801,17.28
cell_004,789,0.05772,16.69
cell_004,790,0.05735,15.95
cell_004,791,0.05764,16.53
cell_004,792,0.0579,17.05
cell_004,793,0.0578,16.85
cell_004,794,0.05797,17.2
cell_004,795,0.05793,17.12
cell_004,796,0.05799,17.25
cell_004,797,0.05772,16.7
cell_004,798,0.05739,16.04
cell_004,799,0.05811,17.48
cell_004,800,0.05783,16.91
cell_005,1,0.04913,0.81
cell_005,2,0.04922,0.98
cell_005,3,0.04923,1.0
cell_005,4,0.04872,-0.03
cell_005,5,0.04871,-0.05
cell_005,6,0.04893,0.39
cell_005,7,0.0486,-0.27
cell_005,8,0.04843,-0.63
cell_005,9,0.04841,-0.67
cell_005,10,0.04857,-0.34
cell_005,11,0.0492,0.95
cell_005,12,0.04926,1.07
cell_005,13,0.04845,-0.6
cell_005,14,0.04874,0.01
cell_005,15,0.04898,0.5
cell_005,16,0.049,0.53
cell_005,17,0.04879,0.11
cell_005,18,0.04856,-0.36
cell_005,19,0.04861,-0.27
cell_005,20,0.04919,0.93
cell_005,21,0.04905,0.64
cell_005,22,0.04914,0.83
cell_005,23,0.04856,-0.36
cell_005,24,0.04911,0.76
cell_005,25,0.04882,0.16
cell_005,26,0.04853,-0.43
cell_005,27,0.04889,0.31
cell_005,28,0.04903,0.6
cell_005,29,0.04879,0.12
cell_005,30,0.0486,-0.29
cell_005,31,0.04854,-0.41
cell_005,32,0.0491,0.75
cell_005,33,0.04859,-0.31
cell_005,34,0.04877,0.06
cell_005,35,0.04946,1.48
cell_005,36,0.04909,0.73
cell_005,37,0.04867,-0.13
cell_005,38,0.04876,0.05
cell_005,39,0.04866,-0.16
cell_005,40,0.04945,1.46
cell_005,41,0.04924,1.02
cell_005,42,0.04944,1.44
cell_005,43,0.04928,1.11
cell_005,44,0.04865,-0.19
cell_005,45,0.04927,1.09
cell_005,46,0.04959,1.74
cell_005,47,0.04905,0.64
cell_005,48,0.04884,0.21
cell_005,49,0.04938,1.33
cell_005,50,0.04873,-0.01
cell_005,51,0.04881,0.14
cell_005,52,0.04923,1.01
cell_005,53,0.04929,1.14
cell_005,54,0.04879,0.1
cell_005,55,0.04877,0.07
cell_005,56,0.04958,1.73
cell_005,57,0.04943,1.42
cell_005,58,0.04917,0.88
cell_005,59,0.04962,1.8
cell_005,60,0.04953,1.63
cell_005,61,0.04949,1.55
cell_005,62,0.04911,0.77
cell_005,63,0.04962,1.8
cell_005,64,0.04936,1.27
cell_005,65,0.04925,1.06
cell_005,66,0.04956,1.68
cell_005,67,0.04955,1.67
cell_005,68,0.04898,0.49
cell_005,69,0.04905,0.63
cell_005,70,0.04978,2.14
cell_005,71,0.04922,0.99
cell_005,72,0.04972,2.01
cell_005,73,0.0497,1.97
cell_005,74,0.04959,1.75
cell_005,75,0.04973,2.04
cell_005,76,0.04966,1.9
cell_005,77,0.04988,2.35
cell_005,78,0.04987,2.33
cell_005,79,0.0493,1.15
cell_005,80,0.04907,0.68
cell_005,81,0.0496,1.77
cell_005,82,0.04909,0.73
cell_005,83,0.04923,1.0
cell_005,84,0.04905,0.63
cell_005,85,0.04944,1.45
cell_005,86,0.04909,0.72
cell_005,87,0.04912,0.78
cell_005,88,0.04928,1.12
cell_005,89,0.04948,1.52
cell_005,90,0.04951,1.59
cell_005,91,0.04922,0.98
cell_005,92,0.04976,2.1
cell_005,93,0.05004,2.68
cell_005,94,0.04913,0.8
cell_005,95,0.05006,2.72
cell_005,96,0.04922,1.0
cell_005,97,0.04961,1.79
cell_005,98,0.04967,1.91
cell_005,99,0.04991,2.41
cell_005,100,0.04967,1.9
cell_005,101,0.04991,2.4
cell_005,102,0.04946,1.49
cell_005,103,0.04945,1.45
cell_005,104,0.04983,2.24
cell_005,105,0.04953,1.62
cell_005,106,0.04976,2.09
cell_005,107,0.04986,2.3
cell_005,108,0.04995,2.48
cell_005,109,0.05004,2.68
cell_005,110,0.04932,1.2
cell_005,111,0.04977,2.12
cell_005,112,0.04976,2.1
cell_005,113,0.05018,2.96
cell_005,114,0.04958,1.72
cell_005,115,0.04981,2.19
cell_005,116,0.04949,1.54
cell_005,117,0.05004,2.68
cell_005,118,0.0495,1.56
cell_005,119,0.05022,3.04
cell_005,120,0.04963,1.82
cell_005,121,0.04951,1.58
cell_005,122,0.04958,1.73
cell_005,123,0.04949,1.53
cell_005,124,0.05011,2.81
cell_005,125,0.05016,2.92
cell_005,126,0.04954,1.65
cell_005,127,0.04966,1.89
cell_005,128,0.04953,1.63
cell_005,129,0.05026,3.12
cell_005,130,0.05041,3.44
cell_005,131,0.04965,1.88
cell_005,132,0.04962,1.8
cell_005,133,0.05041,3.44
cell_005,134,0.05028,3.16
cell_005,135,0.04983,2.23
cell_005,136,0.04983,2.24
cell_005,137,0.05001,2.61
cell_005,138,0.05049,3.6
cell_005,139,0.04967,1.91
cell_005,140,0.04994,2.47
cell_005,141,0.05039,3.39
cell_005,142,0.05011,2.82
cell_005,143,0.0496,1.77
cell_005,144,0.05041,3.44
cell_005,145,0.05005,2.69
cell_005,146,0.05052,3.65
cell_005,147,0.0501,2.8
cell_005,148,0.05032,3.24
cell_005,149,0.04983,2.24
cell_005,150,0.05008,2.76
cell_005,151,0.05058,3.78
cell_005,152,0.05018,2.96
cell_005,153,0.05002,2.64
cell_005,154,0.04999,2.56
cell_005,155,0.05025,3.09
cell_005,156,0.05053,3.69
cell_005,157,0.05038,3.37
cell_005,158,0.05046,3.53
cell_005,159,0.05006,2.71
cell_005,160,0.05053,3.68
cell_005,161,0.04995,2.49
cell_005,162,0.05035,3.32
cell_005,163,0.05042,3.45
cell_005,164,0.05035,3.31
cell_005,165,0.05055,3.72
cell_005,166,0.05022,3.04
cell_005,167,0.05073,4.08
cell_005,168,0.0507,4.02
cell_005,169,0.04993,2.44
cell_005,170,0.05024,3.09
cell_005,171,0.04994,2.46
cell_005,172,0.05059,3.8
cell_005,173,0.05037,3.35
cell_005,174,0.05026,3.13
cell_005,175,0.04997,2.53
cell_005,176,0.05053,3.69
cell_005,177,0.05003,2.65
cell_005,178,0.05048,3.58
cell_005,179,0.05062,3.86
cell_005,180,0.05034,3.29
cell_005,181,0.05083,4.29
cell_005,182,0.05092,4.48
cell_005,183,0.05063,3.89
cell_005,184,0.05027,3.14
cell_005,185,0.05064,3.9
cell_005,186,0.05036,3.33
cell_005,187,0.05003,2.64
cell_005,188,0.05059,3.79
cell_005,189,0.05043,3.47
cell_005,190,0.05025,3.09
cell_005,191,0.05076,4.14
cell_005,192,0.05055,3.72
cell_005,193,0.05089,4.41
cell_005,194,0.05086,4.35
cell_005,195,0.05035,3.31
cell_005,196,0.05107,4.79
cell_005,197,0.05079,4.21
cell_005,198,0.05016,2.91
cell_005,199,0.05048,3.57
cell_005,200,0.05109,4.82
cell_005,201,0.05074,4.11
cell_005,202,0.05115,4.95
cell_005,203,0.05032,3.24
cell_005,204,0.05087,4.37
cell_005,205,0.05027,3.14
cell_005,206,0.05069,4.01
cell_005,207,0.05079,4.22
cell_005,208,0.05046,3.53
cell_005,209,0.051,4.65
cell_005,210,0.05065,3.92
cell_005,211,0.05073,4.08
cell_005,212,0.0512,5.05
cell_005,213,0.05037,3.36
cell_005,214,0.05126,5.18
cell_005,215,0.0504,3.42
cell_005,216,0.05087,4.37
cell_005,217,0.05037,3.35
cell_005,218,0.05075,4.13
cell_005,219,0.05094,4.53
cell_005,220,0.0509,4.44
cell_005,221,0.05072,4.07
cell_005,222,0.05077,4.17
cell_005,223,0.05099,4.63
cell_005,224,0.05109,4.82
cell_005,225,0.05103,4.71
cell_005,226,0.05064,3.91
cell_005,227,0.05116,4.96
cell_005,228,0.05093,4.49
cell_005,229,0.05054,3.7
cell_005,230,0.05132,5.29
cell_005,231,0.05099,4.63
cell_005,232,0.05086,4.35
cell_005,233,0.05109,4.83
cell_005,234,0.05081,4.24
cell_005,235,0.05136,5.38
cell_005,236,0.0511,4.84
cell_005,237,0.05142,5.51
cell_005,238,0.05096,4.56
cell_005,239,0.05114,4.93
cell_005,240,0.05075,4.13
cell_005,241,0.05057,3.77
cell_005,242,0.05081,4.26
cell_005,243,0.05125,5.15
cell_005,244,0.05085,4.33
cell_005,245,0.05115,4.95
cell_005,246,0.05153,5.74
cell_005,247,0.05066,3.95
cell_005,248,0.05131,5.28
cell_005,249,0.0512,5.05
cell_005,250,0.05147,5.6
cell_005,251,0.05159,5.84
cell_005,252,0.05146,5.59
cell_005,253,0.05082,4.28
cell_005,254,0.0515,5.66
cell_005,255,0.05112,4.89
cell_005,256,0.05139,5.43
cell_005,257,0.05156,5.79
cell_005,258,0.05089,4.42
cell_005,259,0.05108,4.81
cell_005,260,0.05109,4.83
cell_005,261,0.05174,6.16
cell_005,262,0.05097,4.59
cell_005,263,0.0509,4.44
cell_005,264,0.05123,5.11
cell_005,265,0.05149,5.64
cell_005,266,0.05125,5.16
cell_005,267,0.05109,4.82
cell_005,268,0.05103,4.71
cell_005,269,0.05097,4.58
cell_005,270,0.05151,5.69
cell_005,271,0.05125,5.16
cell_005,272,0.0518,6.29
cell_005,273,0.05134,5.34
cell_005,274,0.05143,5.53
cell_005,275,0.05109,4.83
cell_005,276,0.05112,4.88
cell_005,277,0.05127,5.19
cell_005,278,0.05127,5.2
cell_005,279,0.05131,5.27
cell_005,280,0.05164,5.96
cell_005,281,0.05133,5.32
cell_005,282,0.05129,5.24
cell_005,283,0.05111,4.86
cell_005,284,0.05113,4.91
cell_005,285,0.05198,6.66
cell_005,286,0.05114,4.93
cell_005,287,0.05112,4.9
cell_005,288,0.05127,5.19
cell_005,289,0.05117,4.98
cell_005,290,0.05164,5.96
cell_005,291,0.05156,5.78
cell_005,292,0.05121,5.07
cell_005,293,0.05194,6.57
cell_005,294,0.05136,5.38
cell_005,295,0.05178,6.24
cell_005,296,0.05138,5.43
cell_005,297,0.05188,6.45
cell_005,298,0.05129,5.24
cell_005,299,0.05142,5.5
cell_005,300,0.05195,6.6
cell_005,301,0.05187,6.43
cell_005,302,0.05193,6.54
cell_005,303,0.05195,6.59
cell_005,304,0.05174,6.17
cell_005,305,0.05131,5.28
cell_005,306,0.05129,5.24
cell_005,307,0.05196,6.61
cell_005,308,0.05125,5.16
cell_005,309,0.05202,6.73
cell_005,310,0.05141,5.48
cell_005,311,0.05197,6.64
cell_005,312,0.05207,6.84
cell_005,313,0.05163,5.92
cell_005,314,0.05214,6.99
cell_005,315,0.05217,7.05
cell_005,316,0.0518,6.28
cell_005,317,0.05155,5.76
cell_005,318,0.05174,6.16
cell_005,319,0.05213,6.96
cell_005,320,0.05207,6.84
cell_005,321,0.05162,5.91
cell_005,322,0.05227,7.25
cell_005,323,0.05182,6.33
cell_005,324,0.05203,6.76
cell_005,325,0.05228,7.28
cell_005,326,0.05148,5.63
cell_005,327,0.05166,5.99
cell_005,328,0.0515,5.66
cell_005,329,0.05216,7.02
cell_005,330,0.05194,6.56
cell_005,331,0.05195,6.6
cell_005,332,0.05237,7.44
cell_005,333,0.05153,5.74
cell_005,334,0.05237,7.45
cell_005,335,0.0519,6.48
cell_005,336,0.05161,5.89
cell_005,337,0.0521,6.91
cell_005,338,0.05252,7.75
cell_005,339,0.05171,6.1
cell_005,340,0.05183,6.34
cell_005,341,0.05186,6.41
cell_005,342,0.05211,6.93
cell_005,343,0.05168,6.03
cell_005,344,0.05211,6.92
cell_005,345,0.05215,7.0
cell_005,346,0.0521,6.9
cell_005,347,0.05188,6.44
cell_005,348,0.0524,7.52
cell_005,349,0.05245,7.61
cell_005,350,0.05249,7.69
cell_005,351,0.05204,6.78
cell_005,352,0.0519,6.49
cell_005,353,0.05267,8.07
cell_005,354,0.05189,6.46
cell_005,355,0.05175,6.18
cell_005,356,0.05227,7.25
cell_005,357,0.05196,6.62
cell_005,358,0.0527,8.12
cell_005,359,0.05203,6.76
cell_005,360,0.05264,8.0
cell_005,361,0.05256,7.84
cell_005,362,0.05184,6.36
cell_005,363,0.05204,6.77
cell_005,364,0.05202,6.74
cell_005,365,0.05224,7.18
cell_005,366,0.05243,7.57
cell_005,367,0.05247,7.65
cell_005,368,0.05244,7.59
cell_005,369,0.05247,7.65
cell_005,370,0.05189,6.47
cell_005,371,0.05221,7.12
cell_005,372,0.05223,7.16
cell_005,373,0.05225,7.2
cell_005,374,0.05225,7.2
cell_005,375,0.05273,8.19
cell_005,376,0.05236,7.42
cell_005,377,0.05275,8.23
cell_005,378,0.05276,8.25
cell_005,379,0.05199,6.66
cell_005,380,0.05201,6.72
cell_005,381,0.05277,8.27
cell_005,382,0.05292,8.58
cell_005,383,0.05262,7.97
cell_005,384,0.05219,7.08
cell_005,385,0.05277,8.27
cell_005,386,0.05208,6.87
cell_005,387,0.05207,6.84
cell_005,388,0.0527,8.12
cell_005,389,0.05238,7.47
cell_005,390,0.05258,7.89
cell_005,391,0.0522,7.11
cell_005,392,0.05258,7.88
cell_005,393,0.05287,8.48
cell_005,394,0.05261,7.96
cell_005,395,0.05283,8.39
cell_005,396,0.05216,7.02
cell_005,397,0.05239,7.49
cell_005,398,0.0522,7.11
cell_005,399,0.05225,7.2
cell_005,400,0.05295,8.64
cell_005,401,0.0526,7.93
cell_005,402,0.0524,7.52
cell_005,403,0.05315,9.06
cell_005,404,0.05285,8.44
cell_005,405,0.05251,7.74
cell_005,406,0.05309,8.92
cell_005,407,0.0525,7.72
cell_005,408,0.05291,8.55
cell_005,409,0.05232,7.35
cell_005,410,0.0531,8.95
cell_005,411,0.05293,8.61
cell_005,412,0.05254,7.81
cell_005,413,0.0529,8.54
cell_005,414,0.05331,9.39
cell_005,415,0.05284,8.43
cell_005,416,0.05311,8.97
cell_005,417,0.05254,7.81
cell_005,418,0.05314,9.04
cell_005,419,0.05252,7.77
cell_005,420,0.05309,8.93
cell_005,421,0.05291,8.56
cell_005,422,0.05306,8.86
cell_005,423,0.05246,7.64
cell_005,424,0.05341,9.58
cell_005,425,0.05302,8.79
cell_005,426,0.05272,8.18
cell_005,427,0.05311,8.97
cell_005,428,0.05289,8.52
cell_005,429,0.05346,9.68
cell_005,430,0.0533,9.36
cell_005,431,0.05295,8.65
cell_005,432,0.05276,8.26
cell_005,433,0.05329,9.34
cell_005,434,0.0534,9.57
cell_005,435,0.05352,9.81
cell_005,436,0.053,8.74
cell_005,437,0.05346,9.69
cell_005,438,0.05352,9.81
cell_005,439,0.0535,9.78
cell_005,440,0.05336,9.49
cell_005,441,0.05326,9.29
cell_005,442,0.05339,9.55
cell_005,443,0.05314,9.03
cell_005,444,0.05275,8.22
cell_005,445,0.05291,8.55
cell_005,446,0.05362,10.01
cell_005,447,0.05344,9.66
cell_005,448,0.05349,9.75
cell_005,449,0.05275,8.23
cell_005,450,0.05274,8.2
cell_005,451,0.05324,9.25
cell_005,452,0.05306,8.87
cell_005,453,0.05364,10.06
cell_005,454,0.05313,9.01
cell_005,455,0.05325,9.26
cell_005,456,0.0535,9.77
cell_005,457,0.05318,9.11
cell_005,458,0.05349,9.75
cell_005,459,0.05329,9.35
cell_005,460,0.05329,9.34
cell_005,461,0.05292,8.58
cell_005,462,0.05335,9.46
cell_005,463,0.0534,9.57
cell_005,464,0.05376,10.31
cell_005,465,0.05372,10.21
cell_005,466,0.05358,9.93
cell_005,467,0.05371,10.21
cell_005,468,0.05351,9.79
cell_005,469,0.05355,9.87
cell_005,470,0.0538,10.4
cell_005,471,0.05367,10.12
cell_005,472,0.05352,9.82
cell_005,473,0.0536,9.98
cell_005,474,0.05373,10.25
cell_005,475,0.05382,10.43
cell_005,476,0.05336,9.48
cell_005,477,0.05322,9.19
cell_005,478,0.05354,9.86
cell_005,479,0.05347,9.71
cell_005,480,0.05312,9.0
cell_005,481,0.05365,10.07
cell_005,482,0.05376,10.31
cell_005,483,0.05323,9.22
cell_005,484,0.05388,10.55
cell_005,485,0.05397,10.74
cell_005,486,0.05392,10.63
cell_005,487,0.05336,9.49
cell_005,488,0.05345,9.67
cell_005,489,0.05334,9.44
cell_005,490,0.05403,10.86
cell_005,491,0.05371,10.2
cell_005,492,0.0533,9.36
cell_005,493,0.05368,10.14
cell_005,494,0.05348,9.73
cell_005,495,0.05381,10.4
cell_005,496,0.05329,9.33
cell_005,497,0.0539,10.6
cell_005,498,0.05405,10.89
cell_005,499,0.05389,10.58
cell_005,500,0.05414,11.08
cell_005,501,0.05351,9.79
cell_005,502,0.05337,9.5
cell_005,503,0.05383,10.44
cell_005,504,0.05405,10.89
cell_005,505,0.05341,9.59
cell_005,506,0.05359,9.96
cell_005,507,0.05369,10.16
cell_005,508,0.05368,10.14
cell_005,509,0.05419,11.2
cell_005,510,0.05399,10.78
cell_005,511,0.05419,11.18
cell_005,512,0.0534,9.56
cell_005,513,0.05356,9.89
cell_005,514,0.05431,11.44
cell_005,515,0.05355,9.87
cell_005,516,0.05403,10.86
cell_005,517,0.05435,11.51
cell_005,518,0.05408,10.96
cell_005,519,0.05384,10.46
cell_005,520,0.05362,10.01
cell_005,521,0.05389,10.58
cell_005,522,0.05416,11.13
cell_005,523,0.05411,11.02
cell_005,524,0.05357,9.91
cell_005,525,0.05443,11.68
cell_005,526,0.05391,10.62
cell_005,527,0.05449,11.81
cell_005,528,0.05409,10.99
cell_005,529,0.05413,11.06
cell_005,530,0.05421,11.22
cell_005,531,0.05357,9.91
cell_005,532,0.05439,11.6
cell_005,533,0.05455,11.93
cell_005,534,0.05456,11.94
cell_005,535,0.05409,10.98
cell_005,536,0.05454,11.91
cell_005,537,0.05449,11.79
cell_005,538,0.05406,10.92
cell_005,539,0.05418,11.17
cell_005,540,0.05404,10.87
cell_005,541,0.05433,11.47
cell_005,542,0.05393,10.65
cell_005,543,0.05451,11.84
cell_005,544,0.05398,10.76
cell_005,545,0.05401,10.81
cell_005,546,0.05404,10.87
cell_005,547,0.05397,10.73
cell_005,548,0.05424,11.3
cell_005,549,0.05452,11.86
cell_005,550,0.05394,10.67
cell_005,551,0.05439,11.6
cell_005,552,0.05397,10.74
cell_005,553,0.05449,11.8
cell_005,554,0.05412,11.04
cell_005,555,0.05392,10.64
cell_005,556,0.05406,10.92
cell_005,557,0.05408,10.97
cell_005,558,0.05475,12.33
cell_005,559,0.05423,11.27
cell_005,560,0.05451,11.85
cell_005,561,0.05484,12.53
cell_005,562,0.05445,11.73
cell_005,563,0.05394,10.67
cell_005,564,0.05431,11.43
cell_005,565,0.05455,11.93
cell_005,566,0.05479,12.41
cell_005,567,0.05435,11.51
cell_005,568,0.05443,11.68
cell_005,569,0.05451,11.85
cell_005,570,0.05457,11.97
cell_005,571,0.0542,11.2
cell_005,572,0.05464,12.1
cell_005,573,0.05456,11.95
cell_005,574,0.05488,12.61
cell_005,575,0.05493,12.7
cell_005,576,0.05424,11.3
cell_005,577,0.05501,12.86
cell_005,578,0.05426,11.32
cell_005,579,0.05424,11.3
cell_005,580,0.05434,11.49
cell_005,581,0.05449,11.81
cell_005,582,0.05436,11.54
cell_005,583,0.05435,11.51
cell_005,584,0.05435,11.51
cell_005,585,0.05497,12.78
cell_005,586,0.05484,12.52
cell_005,587,0.0551,13.05
cell_005,588,0.05449,11.79
cell_005,589,0.0544,11.61
cell_005,590,0.05464,12.1
cell_005,591,0.05513,13.12
cell_005,592,0.05463,12.09
cell_005,593,0.05452,11.86
cell_005,594,0.05516,13.17
cell_005,595,0.05425,11.3
cell_005,596,0.05448,11.78
cell_005,597,0.05449,11.8
cell_005,598,0.05467,12.17
cell_005,599,0.0552,13.26
cell_005,600,0.05446,11.74
cell_005,601,0.05482,12.48
cell_005,602,0.05476,12.36
cell_005,603,0.05454,11.91
cell_005,604,0.05461,12.06
cell_005,605,0.05447,11.77
cell_005,606,0.05509,13.02
cell_005,607,0.05477,12.38
cell_005,608,0.05523,13.32
cell_005,609,0.05504,12.92
cell_005,610,0.05505,12.96
cell_005,611,0.05516,13.17
cell_005,612,0.0552,13.25
cell_005,613,0.05499,12.83
cell_005,614,0.05471,12.25
cell_005,615,0.05524,13.35
cell_005,616,0.05473,12.29
cell_005,617,0.0552,13.26
cell_005,618,0.05471,12.25
cell_005,619,0.05527,13.41
cell_005,620,0.05479,12.43
cell_005,621,0.05533,13.54
cell_005,622,0.05536,13.59
cell_005,623,0.05502,12.88
cell_005,624,0.05532,13.5
cell_005,625,0.05544,13.75
cell_005,626,0.05529,13.44
cell_005,627,0.05539,13.65
cell_005,628,0.05474,12.31
cell_005,629,0.05516,13.18
cell_005,630,0.05462,12.07
cell_005,631,0.0549,12.64
cell_005,632,0.05499,12.83
cell_005,633,0.05483,12.5
cell_005,634,0.05479,12.41
cell_005,635,0.05508,13.02
cell_005,636,0.05508,13.02
cell_005,637,0.05502,12.89
cell_005,638,0.05518,13.22
cell_005,639,0.05481,12.45
cell_005,640,0.05537,13.6
cell_005,641,0.05568,14.24
cell_005,642,0.05547,13.82
cell_005,643,0.05492,12.69
cell_005,644,0.05501,12.87
cell_005,645,0.05522,13.3
cell_005,646,0.05493,12.7
cell_005,647,0.05516,13.18
cell_005,648,0.05571,14.3
cell_005,649,0.05499,12.82
cell_005,650,0.05495,12.75
cell_005,651,0.05539,13.65
cell_005,652,0.0551,13.06
cell_005,653,0.05494,12.73
cell_005,654,0.05512,13.09
cell_005,655,0.05548,13.84
cell_005,656,0.05516,13.19
cell_005,657,0.05583,14.55
cell_005,658,0.05528,13.43
cell_005,659,0.05548,13.83
cell_005,660,0.05588,14.65
cell_005,661,0.05551,13.9
cell_005,662,0.05587,14.64
cell_005,663,0.05509,13.03
cell_005,664,0.05551,13.89
cell_005,665,0.05546,13.79
cell_005,666,0.05559,14.07
cell_005,667,0.05572,14.32
cell_005,668,0.0558,14.5
cell_005,669,0.05596,14.83
cell_005,670,0.05563,14.14
cell_005,671,0.05541,13.69
cell_005,672,0.05563,14.15
cell_005,673,0.05538,13.63
cell_005,674,0.0553,13.46
cell_005,675,0.05604,14.99
cell_005,676,0.0552,13.26
cell_005,677,0.05606,15.03
cell_005,678,0.05596,14.81
cell_005,679,0.05544,13.75
cell_005,680,0.05525,13.37
cell_005,681,0.05594,14.78
cell_005,682,0.05552,13.92
cell_005,683,0.05518,13.22
cell_005,684,0.0553,13.47
cell_005,685,0.05583,14.55
cell_005,686,0.0561,15.11
cell_005,687,0.05601,14.92
cell_005,688,0.056,14.91
cell_005,689,0.05555,13.97
cell_005,690,0.05607,15.04
cell_005,691,0.05605,15.0
cell_005,692,0.05622,15.35
cell_005,693,0.0556,14.08
cell_005,694,0.05546,13.79
cell_005,695,0.05544,13.75
cell_005,696,0.05546,13.8
cell_005,697,0.05566,14.21
cell_005,698,0.05589,14.68
cell_005,699,0.05551,13.9
cell_005,700,0.05563,14.14
cell_005,701,0.05547,13.81
cell_005,702,0.05564,14.15
cell_005,703,0.05599,14.89
cell_005,704,0.05579,14.46
cell_005,705,0.05624,15.38
cell_005,706,0.056,14.9
cell_005,707,0.05627,15.45
cell_005,708,0.05614,15.19
cell_005,709,0.05571,14.3
cell_005,710,0.05578,14.45
cell_005,711,0.05579,14.47
cell_005,712,0.05608,15.06
cell_005,713,0.05605,15.01
cell_005,714,0.05573,14.34
cell_005,715,0.05625,15.41
cell_005,716,0.05573,14.34
cell_005,717,0.05641,15.75
cell_005,718,0.05649,15.9
cell_005,719,0.05618,15.27
cell_005,720,0.05611,15.14
cell_005,721,0.05598,14.86
cell_005,722,0.05617,15.25
cell_005,723,0.05644,15.8
cell_005,724,0.05566,14.2
cell_005,725,0.05609,15.08
cell_005,726,0.05576,14.42
cell_005,727,0.05569,14.27
cell_005,728,0.05602,14.93
cell_005,729,0.0563,15.51
cell_005,730,0.05661,16.15
cell_005,731,0.05584,14.57
cell_005,732,0.0557,14.28
cell_005,733,0.05632,15.55
cell_005,734,0.05611,15.13
cell_005,735,0.05652,15.96
cell_005,736,0.05592,14.73
cell_005,737,0.0559,14.69
cell_005,738,0.05617,15.26
cell_005,739,0.05631,15.53
cell_005,740,0.05635,15.63
cell_005,741,0.05652,15.98
cell_005,742,0.05658,16.09
cell_005,743,0.05617,15.25
cell_005,744,0.05599,14.87
cell_005,745,0.05599,14.88
cell_005,746,0.05654,16.0
cell_005,747,0.05623,15.37
cell_005,748,0.05673,16.4
cell_005,749,0.05668,16.29
cell_005,750,0.05609,15.08
cell_005,751,0.05683,16.61
cell_005,752,0.05623,15.37
cell_005,753,0.05637,15.66
cell_005,754,0.05633,15.57
cell_005,755,0.05619,15.28
cell_005,756,0.05679,16.52
cell_005,757,0.05633,15.57
cell_005,758,0.05628,15.48
cell_005,759,0.05631,15.53
cell_005,760,0.05662,16.16
cell_005,761,0.05629,15.49
cell_005,762,0.05635,15.61
cell_005,763,0.05656,16.05
cell_005,764,0.05623,15.37
cell_005,765,0.05689,16.72
cell_005,766,0.05646,15.84
cell_005,767,0.05675,16.44
cell_005,768,0.05611,15.13
cell_005,769,0.05654,16.0
cell_005,770,0.05669,16.31
cell_005,771,0.05681,16.56
cell_005,772,0.05613,15.18
cell_005,773,0.05623,15.37
cell_005,774,0.05707,17.11
cell_005,775,0.05699,16.94
cell_005,776,0.05642,15.76
cell_005,777,0.05619,15.29
cell_005,778,0.05707,17.09
cell_005,779,0.05674,16.41
cell_005,780,0.05708,17.11
cell_005,781,0.05687,16.68
cell_005,782,0.05688,16.71
cell_005,783,0.05627,15.45
cell_005,784,0.05633,15.58
cell_005,785,0.05642,15.76
cell_005,786,0.05684,16.62
cell_005,787,0.05678,16.5
cell_005,788,0.05726,17.49
cell_005,789,0.05708,17.12
cell_005,790,0.057,16.95
cell_005,791,0.05657,16.07
cell_005,792,0.05672,16.37
cell_005,793,0.05663,16.2
cell_005,794,0.05655,16.02
cell_005,795,0.05728,17.52
cell_005,796,0.05669,16.31
cell_005,797,0.0573,17.56
cell_005,798,0.05659,16.1
cell_005,799,0.05716,17.27
cell_005,800,0.05713,17.22
cell_006,1,0.04934,-0.61
cell_006,2,0.04959,-0.11
cell_006,3,0.05001,0.73
cell_006,4,0.05002,0.75
cell_006,5,0.05003,0.78
cell_006,6,0.05009,0.91
cell_006,7,0.04945,-0.39
cell_006,8,0.04975,0.21
cell_006,9,0.04927,-0.75
cell_006,10,0.05011,0.93
cell_006,11,0.04997,0.65
cell_006,12,0.04972,0.15
cell_006,13,0.04966,0.03
cell_006,14,0.05012,0.95
cell_006,15,0.05006,0.84
cell_006,16,0.04934,-0.61
cell_006,17,0.05009,0.9
cell_006,18,0.0497,0.12
cell_006,19,0.04952,-0.25
cell_006,20,0.04938,-0.53
cell_006,21,0.04997,0.66
cell_006,22,0.04996,0.64
cell_006,23,0.04979,0.3
cell_006,24,0.04974,0.2
cell_006,25,0.04985,0.42
cell_006,26,0.05016,1.05
cell_006,27,0.04988,0.48
cell_006,28,0.04949,-0.32
cell_006,29,0.05006,0.85
cell_006,30,0.05015,1.01
cell_006,31,0.04946,-0.37
cell_006,32,0.04967,0.05
cell_006,33,0.04984,0.4
cell_006,34,0.04991,0.54
cell_006,35,0.05038,1.48
cell_006,36,0.05042,1.57
cell_006,37,0.04952,-0.25
cell_006,38,0.04959,-0.12
cell_006,39,0.05045,1.61
cell_006,40,0.04979,0.3
cell_006,41,0.04961,-0.07
cell_006,42,0.04956,-0.17
cell_006,43,0.05042,1.57
cell_006,44,0.05014,1.01
cell_006,45,0.05048,1.68
cell_006,46,0.0496,-0.08
cell_006,47,0.05002,0.77
cell_006,48,0.04991,0.53
cell_006,49,0.04974,0.19
cell_006,50,0.0504,1.53
cell_006,51,0.05013,0.98
cell_006,52,0.05024,1.21
cell_006,53,0.0498,0.31
cell_006,54,0.05007,0.86
cell_006,55,0.05018,1.08
cell_006,56,0.04998,0.68
cell_006,57,0.05045,1.63
cell_006,58,0.05061,1.95
cell_006,59,0.05006,0.84
cell_006,60,0.0499,0.52
cell_006,61,0.05005,0.81
cell_006,62,0.05068,2.09
cell_006,63,0.05044,1.6
cell_006,64,0.04979,0.29
cell_006,65,0.05025,1.21
cell_006,66,0.04989,0.49
cell_006,67,0.05041,1.55
cell_006,68,0.05044,1.61
cell_006,69,0.0498,0.32
cell_006,70,0.05009,0.89
cell_006,71,0.05073,2.19
cell_006,72,0.05051,1.75
cell_006,73,0.05001,0.73
cell_006,74,0.0504,1.52
cell_006,75,0.05027,1.27
cell_006,76,0.05073,2.19
cell_006,77,0.05025,1.23
cell_006,78,0.05051,1.73
cell_006,79,0.05056,1.85
cell_006,80,0.05007,0.86
cell_006,81,0.05041,1.54
cell_006,82,0.0508,2.32
cell_006,83,0.05021,1.14
cell_006,84,0.05031,1.34
cell_006,85,0.05051,1.75
cell_006,86,0.05036,1.44
cell_006,87,0.05093,2.59
cell_006,88,0.05055,1.82
cell_006,89,0.0507,2.13
cell_006,90,0.05052,1.76
cell_006,91,0.05055,1.83
cell_006,92,0.05031,1.33
cell_006,93,0.05005,0.81
cell_006,94,0.05004,0.8
cell_006,95,0.05085,2.44
cell_006,96,0.05014,0.99
cell_006,97,0.05087,2.46
cell_006,98,0.05071,2.15
cell_006,99,0.05062,1.97
cell_006,100,0.05056,1.83
cell_006,101,0.05084,2.41
cell_006,102,0.05085,2.42
cell_006,103,0.05057,1.87
cell_006,104,0.05098,2.69
cell_006,105,0.05111,2.96
cell_006,106,0.05023,1.18
cell_006,107,0.05034,1.4
cell_006,108,0.05043,1.59
cell_006,109,0.0502,1.13
cell_006,110,0.05108,2.89
cell_006,111,0.0507,2.13
cell_006,112,0.05073,2.18
cell_006,113,0.05093,2.58
cell_006,114,0.0506,1.92
cell_006,115,0.05098,2.68
cell_006,116,0.05089,2.5
cell_006,117,0.0511,2.94
cell_006,118,0.05117,3.08
cell_006,119,0.05078,2.3
cell_006,120,0.05045,1.62
cell_006,121,0.05116,3.04
cell_006,122,0.05033,1.38
cell_006,123,0.05119,3.12
cell_006,124,0.0505,1.72
cell_006,125,0.05109,2.91
cell_006,126,0.051,2.73
cell_006,127,0.05113,2.99
cell_006,128,0.0504,1.51
cell_006,129,0.0504,1.52
cell_006,130,0.05081,2.35
cell_006,131,0.05118,3.09
cell_006,132,0.0508,2.33
cell_006,133,0.05082,2.37
cell_006,134,0.05131,3.35
cell_006,135,0.05094,2.62
cell_006,136,0.05064,2.01
cell_006,137,0.05144,3.63
cell_006,138,0.05075,2.23
cell_006,139,0.05112,2.97
cell_006,140,0.05136,3.46
cell_006,141,0.05075,2.24
cell_006,142,0.05122,3.18
cell_006,143,0.05098,2.69
cell_006,144,0.05054,1.8
cell_006,145,0.0507,2.12
cell_006,146,0.05078,2.29
cell_006,147,0.05141,3.55
cell_006,148,0.05154,3.82
cell_006,149,0.05154,3.81
cell_006,150,0.05147,3.68
cell_006,151,0.05111,2.96
cell_006,152,0.05125,3.23
cell_006,153,0.05109,2.92
cell_006,154,0.05142,3.57
cell_006,155,0.0515,3.74
cell_006,156,0.05096,2.66
cell_006,157,0.05161,3.95
cell_006,158,0.05101,2.74
cell_006,159,0.05085,2.44
cell_006,160,0.05123,3.2
cell_006,161,0.05077,2.27
cell_006,162,0.05149,3.72
cell_006,163,0.05169,4.11
cell_006,164,0.05122,3.18
cell_006,165,0.05115,3.03
cell_006,166,0.05124,3.2
cell_006,167,0.05154,3.81
cell_006,168,0.05101,2.76
cell_006,169,0.05117,3.08
cell_006,170,0.05084,2.4
cell_006,171,0.051,2.73
cell_006,172,0.05126,3.26
cell_006,173,0.05168,4.1
cell_006,174,0.05134,3.41
cell_006,175,0.05111,2.94
cell_006,176,0.05125,3.24
cell_006,177,0.05178,4.29
cell_006,178,0.05093,2.59
cell_006,179,0.05161,3.95
cell_006,180,0.05096,2.64
cell_006,181,0.05132,3.38
cell_006,182,0.05104,2.81
cell_006,183,0.05119,3.12
cell_006,184,0.05096,2.65
cell_006,185,0.05147,3.68
cell_006,186,0.05101,2.76
cell_006,187,0.05142,3.58
cell_006,188,0.05159,3.91
cell_006,189,0.05189,4.52
cell_006,190,0.05151,3.77
cell_006,191,0.05196,4.67
cell_006,192,0.05107,2.88
cell_006,193,0.0519,4.54
cell_006,194,0.05112,2.97
cell_006,195,0.05177,4.28
cell_006,196,0.05202,4.79
cell_006,197,0.0517,4.14
cell_006,198,0.05148,3.69
cell_006,199,0.05166,4.07
cell_006,200,0.05136,3.45
cell_006,201,0.0512,3.14
cell_006,202,0.05123,3.2
cell_006,203,0.0512,3.13
cell_006,204,0.05209,4.92
cell_006,205,0.05155,3.84
cell_006,206,0.05168,4.09
cell_006,207,0.05123,3.19
cell_006,208,0.05138,3.49
cell_006,209,0.0513,3.34
cell_006,210,0.0521,4.95
cell_006,211,0.0516,3.95
cell_006,212,0.05219,5.14
cell_006,213,0.05126,3.25
cell_006,214,0.0513,3.33
cell_006,215,0.05189,4.52
cell_006,216,0.05176,4.26
cell_006,217,0.052,4.75
cell_006,218,0.05178,4.3
cell_006,219,0.05167,4.08
cell_006,220,0.05181,4.36
cell_006,221,0.05144,3.62
cell_006,222,0.05162,3.98
cell_006,223,0.0521,4.94
cell_006,224,0.05229,5.34
cell_006,225,0.05165,4.03
cell_006,226,0.05219,5.12
cell_006,227,0.05209,4.93
cell_006,228,0.0517,4.15
cell_006,229,0.05202,4.79
cell_006,230,0.05164,4.02
cell_006,231,0.05227,5.3
cell_006,232,0.05224,5.22
cell_006,233,0.05168,4.1
cell_006,234,0.05228,5.32
cell_006,235,0.05172,4.19
cell_006,236,0.05184,4.42
cell_006,237,0.05171,4.15
cell_006,238,0.05206,4.86
cell_006,239,0.05232,5.39
cell_006,240,0.05171,4.16
cell_006,241,0.05199,4.73
cell_006,242,0.05228,5.3
cell_006,243,0.05184,4.41
cell_006,244,0.05186,4.46
cell_006,245,0.05188,4.51
cell_006,246,0.05198,4.71
cell_006,247,0.05171,4.16
cell_006,248,0.05187,4.49
cell_006,249,0.05237,5.49
cell_006,250,0.05242,5.59
cell_006,251,0.05163,3.99
cell_006,252,0.05196,4.67
cell_006,253,0.05261,5.97
cell_006,254,0.05237,5.49
cell_006,255,0.05216,5.07
cell_006,256,0.05172,4.19
cell_006,257,0.05203,4.81
cell_006,258,0.05204,4.83
cell_006,259,0.05263,6.01
cell_006,260,0.05247,5.7
cell_006,261,0.05254,5.84
cell_006,262,0.05203,4.8
cell_006,263,0.052,4.74
cell_006,264,0.05237,5.48
cell_006,265,0.05252,5.8
cell_006,266,0.05265,6.06
cell_006,267,0.05246,5.66
cell_006,268,0.05242,5.59
cell_006,269,0.05231,5.37
cell_006,270,0.05262,5.99
cell_006,271,0.05254,5.83
cell_006,272,0.05255,5.85
cell_006,273,0.05254,5.84
cell_006,274,0.05228,5.3
cell_006,275,0.05209,4.92
cell_006,276,0.05261,5.98
cell_006,277,0.05234,5.42
cell_006,278,0.05232,5.39
cell_006,279,0.05213,5.0
cell_006,280,0.05224,5.22
cell_006,281,0.05212,4.99
cell_006,282,0.05227,5.3
cell_006,283,0.05212,4.98
cell_006,284,0.05222,5.19
cell_006,285,0.05281,6.37
cell_006,286,0.05214,5.02
cell_006,287,0.05221,5.17
cell_006,288,0.05227,5.29
cell_006,289,0.0523,5.34
cell_006,290,0.05266,6.07
cell_006,291,0.0526,5.94
cell_006,292,0.05269,6.14
cell_006,293,0.05255,5.84
cell_006,294,0.05302,6.8
cell_006,295,0.0521,4.95
cell_006,296,0.05225,5.24
cell_006,297,0.05248,5.71
cell_006,298,0.05228,5.3
cell_006,299,0.05212,4.98
cell_006,300,0.05287,6.5
cell_006,301,0.05307,6.9
cell_006,302,0.05226,5.27
cell_006,303,0.05307,6.9
cell_006,304,0.0527,6.16
cell_006,305,0.05307,6.9
cell_006,306,0.05263,6.01
cell_006,307,0.05273,6.22
cell_006,308,0.05253,5.82
cell_006,309,0.05314,7.05
cell_006,310,0.05244,5.62
cell_006,311,0.05319,7.14
cell_006,312,0.05306,6.89
cell_006,313,0.05313,7.03
cell_006,314,0.05269,6.12
cell_006,315,0.05259,5.94
cell_006,316,0.05237,5.49
cell_006,317,0.05284,6.43
cell_006,318,0.05273,6.21
cell_006,319,0.05273,6.23
cell_006,320,0.05234,5.42
cell_006,321,0.05263,6.01
cell_006,322,0.05313,7.01
cell_006,323,0.05297,6.69
cell_006,324,0.053,6.76
cell_006,325,0.05242,5.59
cell_006,326,0.05281,6.39
cell_006,327,0.05257,5.9
cell_006,328,0.05244,5.63
cell_006,329,0.05257,5.89
cell_006,330,0.05252,5.8
cell_006,331,0.05252,5.78
cell_006,332,0.05283,6.43
cell_006,333,0.05334,7.43
cell_006,334,0.05319,7.14
cell_006,335,0.05338,7.52
cell_006,336,0.05343,7.63
cell_006,337,0.053,6.76
cell_006,338,0.05296,6.68
cell_006,339,0.05331,7.39
cell_006,340,0.05326,7.28
cell_006,341,0.0527,6.15
cell_006,342,0.05301,6.78
cell_006,343,0.05307,6.9
cell_006,344,0.05294,6.64
cell_006,345,0.0532,7.16
cell_006,346,0.05343,7.62
cell_006,347,0.05271,6.18
cell_006,348,0.05313,7.03
cell_006,349,0.05351,7.78
cell_006,350,0.05288,6.52
cell_006,351,0.05312,7.01
cell_006,352,0.05354,7.85
cell_006,353,0.05344,7.64
cell_006,354,0.05346,7.68
cell_006,355,0.05301,6.78
cell_006,356,0.05298,6.73
cell_006,357,0.05294,6.63
cell_006,358,0.05348,7.72
cell_006,359,0.05317,7.1
cell_006,360,0.05335,7.47
cell_006,361,0.05367,8.12
cell_006,362,0.05366,8.1
cell_006,363,0.05343,7.62
cell_006,364,0.05331,7.38
cell_006,365,0.05326,7.29
cell_006,366,0.05334,7.44
cell_006,367,0.05371,8.19
cell_006,368,0.0529,6.57
cell_006,369,0.05285,6.46
cell_006,370,0.05381,8.39
cell_006,371,0.0531,6.95
cell_006,372,0.05314,7.04
cell_006,373,0.05316,7.07
cell_006,374,0.0531,6.97
cell_006,375,0.05363,8.03
cell_006,376,0.05298,6.71
cell_006,377,0.05313,7.02
cell_006,378,0.053,6.76
cell_006,379,0.05378,8.33
cell_006,380,0.05384,8.45
cell_006,381,0.05332,7.39
cell_006,382,0.05371,8.19
cell_006,383,0.05359,7.94
cell_006,384,0.05323,7.23
cell_006,385,0.05323,7.22
cell_006,386,0.05344,7.65
cell_006,387,0.05343,7.63
cell_006,388,0.05355,7.87
cell_006,389,0.05326,7.29
cell_006,390,0.05331,7.39
cell_006,391,0.05321,7.19
cell_006,392,0.05342,7.61
cell_006,393,0.05373,8.23
cell_006,394,0.05341,7.59
cell_006,395,0.05362,8.02
cell_006,396,0.05348,7.73
cell_006,397,0.05337,7.51
cell_006,398,0.05333,7.42
cell_006,399,0.05342,7.61
cell_006,400,0.05404,8.85
cell_006,401,0.05377,8.3
cell_006,402,0.05359,7.94
cell_006,403,0.05394,8.64
cell_006,404,0.05398,8.73
cell_006,405,0.05326,7.28
cell_006,406,0.0542,9.18
cell_006,407,0.05324,7.25
cell_006,408,0.05373,8.22
cell_006,409,0.05385,8.47
cell_006,410,0.05413,9.03
cell_006,411,0.05375,8.27
cell_006,412,0.05377,8.31
cell_006,413,0.05354,7.84
cell_006,414,0.0534,7.56
cell_006,415,0.05377,8.31
cell_006,416,0.05344,7.64
cell_006,417,0.05337,7.5
cell_006,418,0.05396,8.68
cell_006,419,0.05367,8.11
cell_006,420,0.05396,8.68
cell_006,421,0.05358,7.93
cell_006,422,0.05376,8.28
cell_006,423,0.05403,8.84
cell_006,424,0.05432,9.42
cell_006,425,0.05396,8.69
cell_006,426,0.05434,9.46
cell_006,427,0.05421,9.19
cell_006,428,0.05411,8.99
cell_006,429,0.05351,7.79
cell_006,430,0.05411,8.99
cell_006,431,0.05432,9.42
cell_006,432,0.05399,8.75
cell_006,433,0.05423,9.23
cell_006,434,0.05416,9.1
cell_006,435,0.05396,8.69
cell_006,436,0.05378,8.33
cell_006,437,0.05363,8.04
cell_006,438,0.05393,8.64
cell_006,439,0.05406,8.89
cell_006,440,0.05453,9.84
cell_006,441,0.05405,8.88
cell_006,442,0.05427,9.31
cell_006,443,0.05433,9.43
cell_006,444,0.05457,9.91
cell_006,445,0.05422,9.22
cell_006,446,0.05462,10.02
cell_006,447,0.05385,8.48
cell_006,448,0.05427,9.32
cell_006,449,0.05424,9.25
cell_006,450,0.05403,8.84
cell_006,451,0.05465,10.08
cell_006,452,0.05402,8.81
cell_006,453,0.05373,8.23
cell_006,454,0.0542,9.17
cell_006,455,0.05416,9.09
cell_006,456,0.05442,9.63
cell_006,457,0.05455,9.87
cell_006,458,0.05441,9.6
cell_006,459,0.05441,9.61
cell_006,460,0.0547,10.19
cell_006,461,0.0543,9.38
cell_006,462,0.0541,8.97
cell_006,463,0.05481,10.4
cell_006,464,0.05466,10.1
cell_006,465,0.05409,8.96
cell_006,466,0.0545,9.77
cell_006,467,0.05466,10.11
cell_006,468,0.05467,10.13
cell_006,469,0.05425,9.28
cell_006,470,0.05412,9.01
cell_006,471,0.05491,10.6
cell_006,472,0.05407,8.91
cell_006,473,0.05437,9.52
cell_006,474,0.05465,10.09
cell_006,475,0.05457,9.92
cell_006,476,0.05409,8.96
cell_006,477,0.0543,9.38
cell_006,478,0.05409,8.96
cell_006,479,0.0548,10.39
cell_006,480,0.05425,9.28
cell_006,481,0.05429,9.35
cell_006,482,0.05412,9.02
cell_006,483,0.05437,9.52
cell_006,484,0.05422,9.22
cell_006,485,0.05431,9.39
cell_006,486,0.05479,10.37
cell_006,487,0.05471,10.21
cell_006,488,0.05489,10.57
cell_006,489,0.05451,9.8
cell_006,490,0.05455,9.89
cell_006,491,0.05463,10.05
cell_006,492,0.05481,10.41
cell_006,493,0.05475,10.28
cell_006,494,0.05454,9.86
cell_006,495,0.05427,9.32
cell_006,496,0.05495,10.69
cell_006,497,0.05436,9.49
cell_006,498,0.05476,10.3
cell_006,499,0.05493,10.65
cell_006,500,0.05465,10.08
cell_006,501,0.0545,9.79
cell_006,502,0.05427,9.32
cell_006,503,0.05517,11.14
cell_006,504,0.0543,9.38
cell_006,505,0.0544,9.57
cell_006,506,0.05525,11.29
cell_006,507,0.05494,10.66
cell_006,508,0.05487,10.53
cell_006,509,0.05516,11.11
cell_006,510,0.05492,10.63
cell_006,511,0.05497,10.73
cell_006,512,0.05495,10.69
cell_006,513,0.05475,10.28
cell_006,514,0.05516,11.12
cell_006,515,0.05532,11.43
cell_006,516,0.055,10.8
cell_006,517,0.05528,11.35
cell_006,518,0.05495,10.69
cell_006,519,0.05527,11.34
cell_006,520,0.05484,10.47
cell_006,521,0.05532,11.44
cell_006,522,0.05476,10.3
cell_006,523,0.05466,10.09
cell_006,524,0.05451,9.81
cell_006,525,0.05506,10.9
cell_006,526,0.0554,11.59
cell_006,527,0.05527,11.34
cell_006,528,0.05507,10.94
cell_006,529,0.05473,10.24
cell_006,530,0.05463,10.04
cell_006,531,0.05542,11.64
cell_006,532,0.05553,11.85
cell_006,533,0.05469,10.17
cell_006,534,0.055,10.78
cell_006,535,0.05533,11.45
cell_006,536,0.05512,11.04
cell_006,537,0.0548,10.37
cell_006,538,0.05511,11.01
cell_006,539,0.05537,11.54
cell_006,540,0.05511,11.02
cell_006,541,0.05469,10.15
cell_006,542,0.05481,10.41
cell_006,543,0.05561,12.03
cell_006,544,0.0552,11.19
cell_006,545,0.05473,10.24
cell_006,546,0.05515,11.1
cell_006,547,0.05552,11.84
cell_006,548,0.05541,11.61
cell_006,549,0.05491,10.61
cell_006,550,0.05529,11.37
cell_006,551,0.05538,11.55
cell_006,552,0.05524,11.26
cell_006,553,0.05532,11.43
cell_006,554,0.05551,11.82
cell_006,555,0.05541,11.61
cell_006,556,0.05512,11.04
cell_006,557,0.05502,10.83
cell_006,558,0.05559,11.97
cell_006,559,0.05573,12.27
cell_006,560,0.05565,12.09
cell_006,561,0.05567,12.13
cell_006,562,0.05584,12.48
cell_006,563,0.05566,12.12
cell_006,564,0.05566,12.12
cell_006,565,0.05577,12.34
cell_006,566,0.05562,12.04
cell_006,567,0.05523,11.25
cell_006,568,0.05517,11.12
cell_006,569,0.05581,12.42
cell_006,570,0.05574,12.27
cell_006,571,0.0559,12.59
cell_006,572,0.05568,12.17
cell_006,573,0.05571,12.21
cell_006,574,0.0558,12.4
cell_006,575,0.05551,11.82
cell_006,576,0.05547,11.74
cell_006,577,0.0553,11.38
cell_006,578,0.0558,12.41
cell_006,579,0.05562,12.04
cell_006,580,0.05583,12.47
cell_006,581,0.05531,11.42
cell_006,582,0.05586,12.52
cell_006,583,0.05554,11.88
cell_006,584,0.05571,12.22
cell_006,585,0.05603,12.87
cell_006,586,0.05559,11.98
cell_006,587,0.05613,13.06
cell_006,588,0.0559,12.61
cell_006,589,0.05561,12.01
cell_006,590,0.05601,12.82
cell_006,591,0.05598,12.75
cell_006,592,0.05548,11.75
cell_006,593,0.05615,13.1
cell_006,594,0.05546,11.72
cell_006,595,0.05582,12.45
cell_006,596,0.05527,11.33
cell_006,597,0.05532,11.44
cell_006,598,0.05615,13.1
cell_006,599,0.05601,12.83
cell_006,600,0.05614,13.09
cell_006,601,0.05556,11.92
cell_006,602,0.05591,12.62
cell_006,603,0.05598,12.76
cell_006,604,0.05632,13.46
cell_006,605,0.05624,13.29
cell_006,606,0.05607,12.94
cell_006,607,0.05559,11.98
cell_006,608,0.05629,13.39
cell_006,609,0.05609,12.98
cell_006,610,0.05603,12.87
cell_006,611,0.05607,12.93
cell_006,612,0.05592,12.63
cell_006,613,0.05562,12.04
cell_006,614,0.05564,12.08
cell_006,615,0.05562,12.03
cell_006,616,0.05589,12.57
cell_006,617,0.05609,12.98
cell_006,618,0.05637,13.55
cell_006,619,0.05629,13.38
cell_006,620,0.05561,12.01
cell_006,621,0.05576,12.33
cell_006,622,0.0561,13.01
cell_006,623,0.05634,13.48
cell_006,624,0.05644,13.68
cell_006,625,0.05575,12.3
cell_006,626,0.05578,12.36
cell_006,627,0.05629,13.4
cell_006,628,0.05586,12.52
cell_006,629,0.05568,12.15
cell_006,630,0.05608,12.97
cell_006,631,0.05575,12.31
cell_006,632,0.05614,13.09
cell_006,633,0.05577,12.33
cell_006,634,0.05619,13.19
cell_006,635,0.05626,13.32
cell_006,636,0.05646,13.73
cell_006,637,0.05661,14.02
cell_006,638,0.05655,13.9
cell_006,639,0.05606,12.92
cell_006,640,0.05669,14.19
cell_006,641,0.05621,13.22
cell_006,642,0.05607,12.94
cell_006,643,0.05619,13.18
cell_006,644,0.05623,13.26
cell_006,645,0.05624,13.29
cell_006,646,0.05676,14.34
cell_006,647,0.05671,14.22
cell_006,648,0.05638,13.56
cell_006,649,0.05633,13.46
cell_006,650,0.05622,13.24
cell_006,651,0.05634,13.48
cell_006,652,0.05645,13.7
cell_006,653,0.05665,14.1
cell_006,654,0.05606,12.92
cell_006,655,0.05604,12.88
cell_006,656,0.05608,12.97
cell_006,657,0.05669,14.18
cell_006,658,0.05627,13.35
cell_006,659,0.05633,13.46
cell_006,660,0.05602,12.84
cell_006,661,0.05626,13.32
cell_006,662,0.05662,14.06
cell_006,663,0.05689,14.59
cell_006,664,0.05613,13.06
cell_006,665,0.05686,14.53
cell_006,666,0.05608,12.97
cell_006,667,0.05669,14.18
cell_006,668,0.05662,14.06
cell_006,669,0.05618,13.16
cell_006,670,0.05692,14.66
cell_006,671,0.05639,13.59
cell_006,672,0.05634,13.48
cell_006,673,0.05705,14.92
cell_006,674,0.05626,13.32
cell_006,675,0.05684,14.49
cell_006,676,0.05649,13.78
cell_006,677,0.05669,14.19
cell_006,678,0.05707,14.95
cell_006,679,0.05689,14.59
cell_006,680,0.05695,14.71
cell_006,681,0.05706,14.94
cell_006,682,0.05681,14.44
cell_006,683,0.05713,15.07
cell_006,684,0.057,14.81
cell_006,685,0.05649,13.79
cell_006,686,0.0569,14.62
cell_006,687,0.05629,13.38
cell_006,688,0.05658,13.96
cell_006,689,0.05654,13.89
cell_006,690,0.05659,13.99
cell_006,691,0.0567,14.21
cell_006,692,0.05725,15.32
cell_006,693,0.05679,14.39
cell_006,694,0.05645,13.71
cell_006,695,0.05722,15.27
cell_006,696,0.0569,14.61
cell_006,697,0.05686,14.54
cell_006,698,0.05647,13.74
cell_006,699,0.05662,14.05
cell_006,700,0.05648,13.76
cell_006,701,0.05733,15.48
cell_006,702,0.05739,15.6
cell_006,703,0.057,14.82
cell_006,704,0.05644,13.68
cell_006,705,0.05671,14.23
cell_006,706,0.05727,15.36
cell_006,707,0.05653,13.87
cell_006,708,0.05712,15.07
cell_006,709,0.05728,15.37
cell_006,710,0.05702,14.86
cell_006,711,0.05742,15.67
cell_006,712,0.05696,14.74
cell_006,713,0.05749,15.81
cell_006,714,0.05655,13.91
cell_006,715,0.05691,14.64
cell_006,716,0.05679,14.39
cell_006,717,0.05664,14.09
cell_006,718,0.05675,14.31
cell_006,719,0.0571,15.01
cell_006,720,0.05692,14.66
cell_006,721,0.05691,14.64
cell_006,722,0.05664,14.1
cell_006,723,0.05712,15.07
cell_006,724,0.0572,15.22
cell_006,725,0.05693,14.68
cell_006,726,0.05686,14.54
cell_006,727,0.05716,15.14
cell_006,728,0.05699,14.79
cell_006,729,0.05728,15.37
cell_006,730,0.05693,14.68
cell_006,731,0.05711,15.04
cell_006,732,0.05757,15.96
cell_006,733,0.05685,14.51
cell_006,734,0.05702,14.85
cell_006,735,0.05701,14.84
cell_006,736,0.05769,16.2
cell_006,737,0.05719,15.21
cell_006,738,0.05701,14.83
cell_006,739,0.05775,16.33
cell_006,740,0.05716,15.13
cell_006,741,0.05769,16.21
cell_006,742,0.05768,16.18
cell_006,743,0.05778,16.39
cell_006,744,0.0575,15.81
cell_006,745,0.05762,16.07
cell_006,746,0.05718,15.18
cell_006,747,0.05695,14.71
cell_006,748,0.05717,15.16
cell_006,749,0.05749,15.81
cell_006,750,0.05702,14.86
cell_006,751,0.05786,16.54
cell_006,752,0.05767,16.17
cell_006,753,0.05793,16.69
cell_006,754,0.05749,15.81
cell_006,755,0.05729,15.4
cell_006,756,0.05725,15.32
cell_006,757,0.05764,16.11
cell_006,758,0.05709,15.0
cell_006,759,0.0578,16.43
cell_006,760,0.05764,16.1
cell_006,761,0.05745,15.72
cell_006,762,0.05757,15.97
cell_006,763,0.05746,15.74
cell_006,764,0.05713,15.08
cell_006,765,0.05711,15.03
cell_006,766,0.05746,15.73
cell_006,767,0.05718,15.17
cell_006,768,0.05719,15.2
cell_006,769,0.05765,16.13
cell_006,770,0.05802,16.88
cell_006,771,0.05751,15.85
cell_006,772,0.05771,16.26
cell_006,773,0.05747,15.76
cell_006,774,0.05792,16.66
cell_006,775,0.05787,16.57
cell_006,776,0.05728,15.39
cell_006,777,0.05817,17.16
cell_006,778,0.05768,16.18
cell_006,779,0.05823,17.29
cell_006,780,0.05805,16.92
cell_006,781,0.05789,16.6
cell_006,782,0.05733,15.48
cell_006,783,0.05788,16.6
cell_006,784,0.05757,15.96
cell_006,785,0.05815,17.14
cell_006,786,0.05765,16.13
cell_006,787,0.05789,16.62
cell_006,788,0.05805,16.94
cell_006,789,0.05792,16.68
cell_006,790,0.0576,16.02
cell_006,791,0.05816,17.15
cell_006,792,0.05756,15.94
cell_006,793,0.0578,16.43
cell_006,794,0.05822,17.28
cell_006,795,0.05831,17.45
cell_006,796,0.05815,17.14
cell_006,797,0.05774,16.3
cell_006,798,0.05813,17.1
cell_006,799,0.05758,15.98
cell_006,800,0.05762,16.07
cell_007,1,0.0519,-0.47
cell_007,2,0.0524,0.48
cell_007,3,0.05187,-0.53
cell_007,4,0.05252,0.71
cell_007,5,0.05176,-0.74
cell_007,6,0.05258,0.83
cell_007,7,0.05208,-0.12
cell_007,8,0.0518,-0.66
cell_007,9,0.05192,-0.43
cell_007,10,0.0518,-0.65
cell_007,11,0.05203,-0.21
cell_007,12,0.05214,-0.0
cell_007,13,0.05235,0.4
cell_007,14,0.05211,-0.06
cell_007,15,0.05185,-0.57
cell_007,16,0.05281,1.27
cell_007,17,0.0528,1.25
cell_007,18,0.05264,0.95
cell_007,19,0.05197,-0.34
cell_007,20,0.05278,1.23
cell_007,21,0.05251,0.69
cell_007,22,0.0521,-0.09
cell_007,23,0.05211,-0.06
cell_007,24,0.0519,-0.47
cell_007,25,0.05239,0.48
cell_007,26,0.05194,-0.39
cell_007,27,0.05189,-0.49
cell_007,28,0.05253,0.73
cell_007,29,0.05283,1.32
cell_007,30,0.05264,0.96
cell_007,31,0.05253,0.74
cell_007,32,0.05252,0.71
cell_007,33,0.05262,0.91
cell_007,34,0.05245,0.58
cell_007,35,0.05201,-0.25
cell_007,36,0.05236,0.41
cell_007,37,0.05241,0.52
cell_007,38,0.05292,1.49
cell_007,39,0.05228,0.26
cell_007,40,0.05278,1.23
cell_007,41,0.05288,1.42
cell_007,42,0.05295,1.54
cell_007,43,0.05258,0.83
cell_007,44,0.0525,0.69
cell_007,45,0.05284,1.34
cell_007,46,0.05288,1.42
cell_007,47,0.05296,1.56
cell_007,48,0.05227,0.24
cell_007,49,0.05263,0.93
cell_007,50,0.053,1.65
cell_007,51,0.05215,0.02
cell_007,52,0.05272,1.11
cell_007,53,0.05241,0.5
cell_007,54,0.05285,1.36
cell_007,55,0.05236,0.41
cell_007,56,0.05262,0.91
cell_007,57,0.05305,1.73
cell_007,58,0.05272,1.11
cell_007,59,0.0526,0.88
cell_007,60,0.05315,1.94
cell_007,61,0.05281,1.28
cell_007,62,0.05311,1.86
cell_007,63,0.05246,0.6
cell_007,64,0.05302,1.69
cell_007,65,0.05297,1.58
cell_007,66,0.05299,1.63
cell_007,67,0.05278,1.22
cell_007,68,0.05245,0.59
cell_007,69,0.05241,0.51
cell_007,70,0.05293,1.5
cell_007,71,0.05248,0.65
cell_007,72,0.05275,1.16
cell_007,73,0.05266,0.98
cell_007,74,0.0532,2.02
cell_007,75,0.05273,1.13
cell_007,76,0.05267,1.01
cell_007,77,0.05309,1.82
cell_007,78,0.05302,1.68
cell_007,79,0.05324,2.1
cell_007,80,0.05269,1.05
cell_007,81,0.05319,2.0
cell_007,82,0.0525,0.67
cell_007,83,0.05244,0.57
cell_007,84,0.05284,1.34
cell_007,85,0.05262,0.92
cell_007,86,0.05262,0.91
cell_007,87,0.05255,0.77
cell_007,88,0.05257,0.82
cell_007,89,0.05272,1.11
cell_007,90,0.05264,0.96
cell_007,91,0.05306,1.75
cell_007,92,0.05348,2.56
cell_007,93,0.05351,2.62
cell_007,94,0.05335,2.31
cell_007,95,0.05328,2.18
cell_007,96,0.05284,1.33
cell_007,97,0.05324,2.11
cell_007,98,0.05336,2.33
cell_007,99,0.05316,1.95
cell_007,100,0.05321,2.04
cell_007,101,0.05265,0.97
cell_007,102,0.05313,1.88
cell_007,103,0.05339,2.39
cell_007,104,0.0528,1.25
cell_007,105,0.05328,2.18
cell_007,106,0.05271,1.08
cell_007,107,0.05352,2.64
cell_007,108,0.05364,2.86
cell_007,109,0.05309,1.82
cell_007,110,0.0531,1.83
cell_007,111,0.05334,2.29
cell_007,112,0.05278,1.22
cell_007,113,0.05349,2.58
cell_007,114,0.05367,2.92
cell_007,115,0.05338,2.38
cell_007,116,0.05301,1.66
cell_007,117,0.05334,2.29
cell_007,118,0.05291,1.46
cell_007,119,0.05376,3.1
cell_007,120,0.05285,1.35
cell_007,121,0.05294,1.52
cell_007,122,0.05342,2.44
cell_007,123,0.05331,2.24
cell_007,124,0.05367,2.92
cell_007,125,0.05346,2.52
cell_007,126,0.05365,2.89
cell_007,127,0.05326,2.13
cell_007,128,0.05386,3.3
cell_007,129,0.05382,3.21
cell_007,130,0.05312,1.88
cell_007,131,0.05302,1.67
cell_007,132,0.0538,3.17
cell_007,133,0.05384,3.24
cell_007,134,0.05298,1.6
cell_007,135,0.05334,2.3
cell_007,136,0.05348,2.57
cell_007,137,0.05311,1.85
cell_007,138,0.05331,2.24
cell_007,139,0.05365,2.9
cell_007,140,0.05345,2.51
cell_007,141,0.05381,3.2
cell_007,142,0.05378,3.13
cell_007,143,0.05348,2.56
cell_007,144,0.05404,3.63
cell_007,145,0.05363,2.86
cell_007,146,0.05339,2.39
cell_007,147,0.05335,2.31
cell_007,148,0.05352,2.65
cell_007,149,0.05365,2.89
cell_007,150,0.05404,3.63
cell_007,151,0.05356,2.72
cell_007,152,0.05355,2.69
cell_007,153,0.05396,3.47
cell_007,154,0.05351,2.62
cell_007,155,0.05358,2.74
cell_007,156,0.05414,3.84
cell_007,157,0.05345,2.51
cell_007,158,0.05329,2.2
cell_007,159,0.05419,3.92
cell_007,160,0.05362,2.83
cell_007,161,0.05326,2.13
cell_007,162,0.05329,2.2
cell_007,163,0.0541,3.74
cell_007,164,0.05329,2.21
cell_007,165,0.05409,3.73
cell_007,166,0.0536,2.8
cell_007,167,0.05415,3.85
cell_007,168,0.05374,3.06
cell_007,169,0.05388,3.32
cell_007,170,0.05434,4.22
cell_007,171,0.05386,3.3
cell_007,172,0.05393,3.42
cell_007,173,0.05342,2.45
cell_007,174,0.05436,4.25
cell_007,175,0.05349,2.58
cell_007,176,0.05433,4.19
cell_007,177,0.0537,2.98
cell_007,178,0.05439,4.31
cell_007,179,0.05373,3.03
cell_007,180,0.05375,3.09
cell_007,181,0.05426,4.05
cell_007,182,0.05386,3.29
cell_007,183,0.05377,3.11
cell_007,184,0.05383,3.22
cell_007,185,0.0545,4.52
cell_007,186,0.05387,3.31
cell_007,187,0.05449,4.5
cell_007,188,0.05363,2.84
cell_007,189,0.05416,3.87
cell_007,190,0.05378,3.14
cell_007,191,0.05435,4.23
cell_007,192,0.05457,4.66
cell_007,193,0.05458,4.67
cell_007,194,0.05447,4.47
cell_007,195,0.05433,4.19
cell_007,196,0.0545,4.53
cell_007,197,0.0543,4.14
cell_007,198,0.05395,3.47
cell_007,199,0.05368,2.94
cell_007,200,0.05442,4.37
cell_007,201,0.05434,4.21
cell_007,202,0.05429,4.12
cell_007,203,0.05416,3.86
cell_007,204,0.05472,4.95
cell_007,205,0.05438,4.28
cell_007,206,0.05398,3.53
cell_007,207,0.05419,3.93
cell_007,208,0.05457,4.65
cell_007,209,0.0541,3.76
cell_007,210,0.05448,4.47
cell_007,211,0.05442,4.37
cell_007,212,0.05395,3.47
cell_007,213,0.0539,3.36
cell_007,214,0.0539,3.38
cell_007,215,0.0547,4.9
cell_007,216,0.05474,4.98
cell_007,217,0.05457,4.66
cell_007,218,0.05447,4.46
cell_007,219,0.05461,4.72
cell_007,220,0.05393,3.42
cell_007,221,0.05447,4.47
cell_007,222,0.05478,5.06
cell_007,223,0.05449,4.49
cell_007,224,0.05468,4.87
cell_007,225,0.05435,4.24
cell_007,226,0.05469,4.89
cell_007,227,0.05464,4.78
cell_007,228,0.05455,4.61
cell_007,229,0.05403,3.62
cell_007,230,0.05494,5.36
cell_007,231,0.05457,4.66
cell_007,232,0.05434,4.22
cell_007,233,0.05502,5.52
cell_007,234,0.0547,4.9
cell_007,235,0.05438,4.29
cell_007,236,0.05456,4.64
cell_007,237,0.05418,3.91
cell_007,238,0.0541,3.74
cell_007,239,0.05485,5.18
cell_007,240,0.05441,4.35
cell_007,241,0.05425,4.04
cell_007,242,0.05483,5.16
cell_007,243,0.05426,4.06
cell_007,244,0.05448,4.48
cell_007,245,0.05463,4.78
cell_007,246,0.05501,5.5
cell_007,247,0.05422,3.98
cell_007,248,0.0549,5.28
cell_007,249,0.05456,4.63
cell_007,250,0.05451,4.53
cell_007,251,0.05485,5.19
cell_007,252,0.05486,5.22
cell_007,253,0.05467,4.84
cell_007,254,0.05455,4.62
cell_007,255,0.05505,5.57
cell_007,256,0.0545,4.52
cell_007,257,0.05467,4.85
cell_007,258,0.0551,5.68
cell_007,259,0.05461,4.72
cell_007,260,0.05526,5.98
cell_007,261,0.05456,4.64
cell_007,262,0.05446,4.44
cell_007,263,0.05444,4.41
cell_007,264,0.05504,5.54
cell_007,265,0.05534,6.13
cell_007,266,0.05501,5.5
cell_007,267,0.05481,5.11
cell_007,268,0.05479,5.08
cell_007,269,0.0548,5.09
cell_007,270,0.05473,4.96
cell_007,271,0.05479,5.08
cell_007,272,0.05542,6.29
cell_007,273,0.05543,6.31
cell_007,274,0.05479,5.08
cell_007,275,0.05483,5.15
cell_007,276,0.05504,5.55
cell_007,277,0.05535,6.14
cell_007,278,0.05492,5.32
cell_007,279,0.0555,6.44
cell_007,280,0.05482,5.14
cell_007,281,0.05521,5.88
cell_007,282,0.05496,5.4
cell_007,283,0.05465,4.8
cell_007,284,0.05482,5.13
cell_007,285,0.05557,6.56
cell_007,286,0.05516,5.77
cell_007,287,0.05488,5.24
cell_007,288,0.05559,6.61
cell_007,289,0.05464,4.78
cell_007,290,0.05531,6.08
cell_007,291,0.05557,6.57
cell_007,292,0.05483,5.16
cell_007,293,0.05473,4.96
cell_007,294,0.05474,4.98
cell_007,295,0.05513,5.73
cell_007,296,0.05511,5.69
cell_007,297,0.05476,5.02
cell_007,298,0.0548,5.1
cell_007,299,0.05516,5.79
cell_007,300,0.05546,6.35
cell_007,301,0.05503,5.54
cell_007,302,0.05498,5.45
cell_007,303,0.05579,6.99
cell_007,304,0.05554,6.52
cell_007,305,0.05563,6.69
cell_007,306,0.05575,6.92
cell_007,307,0.0554,6.25
cell_007,308,0.05556,6.55
cell_007,309,0.05528,6.01
cell_007,310,0.055,5.49
cell_007,311,0.05489,5.27
cell_007,312,0.05521,5.88
cell_007,313,0.05584,7.08
cell_007,314,0.05492,5.32
cell_007,315,0.05583,7.07
cell_007,316,0.05526,5.97
cell_007,317,0.05587,7.15
cell_007,318,0.05498,5.44
cell_007,319,0.05548,6.39
cell_007,320,0.05584,7.08
cell_007,321,0.05584,7.08
cell_007,322,0.05557,6.57
cell_007,323,0.05526,5.98
cell_007,324,0.05558,6.59
cell_007,325,0.0551,5.68
cell_007,326,0.05579,6.99
cell_007,327,0.05549,6.42
cell_007,328,0.05525,5.95
cell_007,329,0.05589,7.19
cell_007,330,0.05552,6.47
cell_007,331,0.0552,5.87
cell_007,332,0.05533,6.11
cell_007,333,0.0553,6.04
cell_007,334,0.05581,7.04
cell_007,335,0.05564,6.71
cell_007,336,0.05608,7.54
cell_007,337,0.05557,6.57
cell_007,338,0.05566,6.74
cell_007,339,0.05542,6.27
cell_007,340,0.05612,7.63
cell_007,341,0.05594,7.29
cell_007,342,0.05595,7.3
cell_007,343,0.05542,6.28
cell_007,344,0.05523,5.92
cell_007,345,0.05543,6.3
cell_007,346,0.05538,6.2
cell_007,347,0.05628,7.93
cell_007,348,0.05604,7.47
cell_007,349,0.05607,7.53
cell_007,350,0.0558,7.01
cell_007,351,0.05601,7.41
cell_007,352,0.05624,7.85
cell_007,353,0.05572,6.85
cell_007,354,0.0561,7.59
cell_007,355,0.05614,7.66
cell_007,356,0.05559,6.61
cell_007,357,0.05597,7.34
cell_007,358,0.05585,7.1
cell_007,359,0.05633,8.03
cell_007,360,0.05555,6.54
cell_007,361,0.05601,7.41
cell_007,362,0.0562,7.77
cell_007,363,0.05602,7.43
cell_007,364,0.0556,6.63
cell_007,365,0.0561,7.58
cell_007,366,0.05548,6.4
cell_007,367,0.0556,6.63
cell_007,368,0.05583,7.06
cell_007,369,0.05648,8.31
cell_007,370,0.0563,7.98
cell_007,371,0.05623,7.83
cell_007,372,0.05616,7.71
cell_007,373,0.05632,8.02
cell_007,374,0.05639,8.14
cell_007,375,0.05582,7.05
cell_007,376,0.05595,7.3
cell_007,377,0.05625,7.87
cell_007,378,0.05579,6.99
cell_007,379,0.05631,7.99
cell_007,380,0.05604,7.47
cell_007,381,0.05652,8.39
cell_007,382,0.05612,7.62
cell_007,383,0.05639,8.15
cell_007,384,0.05637,8.11
cell_007,385,0.05588,7.16
cell_007,386,0.05602,7.44
cell_007,387,0.05629,7.96
cell_007,388,0.05599,7.37
cell_007,389,0.05663,8.6
cell_007,390,0.05632,8.0
cell_007,391,0.05647,8.29
cell_007,392,0.05625,7.87
cell_007,393,0.0559,7.21
cell_007,394,0.05657,8.49
cell_007,395,0.05682,8.97
cell_007,396,0.05643,8.23
cell_007,397,0.05632,8.01
cell_007,398,0.05601,7.41
cell_007,399,0.05672,8.77
cell_007,400,0.0559,7.2
cell_007,401,0.05649,8.33
cell_007,402,0.05663,8.61
cell_007,403,0.05683,8.98
cell_007,404,0.05675,8.84
cell_007,405,0.05608,7.54
cell_007,406,0.05593,7.27
cell_007,407,0.05673,8.79
cell_007,408,0.05671,8.75
cell_007,409,0.05599,7.38
cell_007,410,0.05637,8.11
cell_007,411,0.05688,9.09
cell_007,412,0.05634,8.05
cell_007,413,0.05605,7.49
cell_007,414,0.05696,9.23
cell_007,415,0.05665,8.64
cell_007,416,0.057,9.31
cell_007,417,0.05621,7.8
cell_007,418,0.05632,8.01
cell_007,419,0.05614,7.67
cell_007,420,0.05672,8.78
cell_007,421,0.05635,8.06
cell_007,422,0.05682,8.96
cell_007,423,0.0562,7.77
cell_007,424,0.05667,8.67
cell_007,425,0.05613,7.64
cell_007,426,0.05673,8.8
cell_007,427,0.05655,8.44
cell_007,428,0.05691,9.14
cell_007,429,0.05721,9.71
cell_007,430,0.05668,8.69
cell_007,431,0.05627,7.91
cell_007,432,0.057,9.32
cell_007,433,0.05681,8.95
cell_007,434,0.05652,8.4
cell_007,435,0.05641,8.18
cell_007,436,0.05648,8.32
cell_007,437,0.0573,9.88
cell_007,438,0.05724,9.78
cell_007,439,0.05635,8.07
cell_007,440,0.05722,9.73
cell_007,441,0.05639,8.15
cell_007,442,0.0568,8.94
cell_007,443,0.05697,9.26
cell_007,444,0.05694,9.21
cell_007,445,0.05686,9.04
cell_007,446,0.05664,8.62
cell_007,447,0.05721,9.71
cell_007,448,0.05738,10.04
cell_007,449,0.05653,8.4
cell_007,450,0.05661,8.56
cell_007,451,0.05716,9.61
cell_007,452,0.0572,9.7
cell_007,453,0.05697,9.25
cell_007,454,0.05717,9.64
cell_007,455,0.057,9.3
cell_007,456,0.05658,8.51
cell_007,457,0.0566,8.54
cell_007,458,0.05683,8.99
cell_007,459,0.05666,8.65
cell_007,460,0.05725,9.79
cell_007,461,0.05717,9.65
cell_007,462,0.05684,9.01
cell_007,463,0.05688,9.08
cell_007,464,0.05725,9.79
cell_007,465,0.057,9.31
cell_007,466,0.05663,8.61
cell_007,467,0.05751,10.28
cell_007,468,0.05742,10.11
cell_007,469,0.05752,10.31
cell_007,470,0.05713,9.57
cell_007,471,0.05731,9.92
cell_007,472,0.05754,10.34
cell_007,473,0.05759,10.44
cell_007,474,0.05718,9.65
cell_007,475,0.05756,10.39
cell_007,476,0.0568,8.93
cell_007,477,0.05747,10.21
cell_007,478,0.05683,8.99
cell_007,479,0.05716,9.61
cell_007,480,0.05703,9.36
cell_007,481,0.05723,9.76
cell_007,482,0.05734,9.97
cell_007,483,0.05778,10.82
cell_007,484,0.0571,9.5
cell_007,485,0.05705,9.4
cell_007,486,0.05751,10.3
cell_007,487,0.05687,9.07
cell_007,488,0.05756,10.38
cell_007,489,0.0572,9.69
cell_007,490,0.05732,9.93
cell_007,491,0.05701,9.33
cell_007,492,0.05779,10.82
cell_007,493,0.05757,10.4
cell_007,494,0.05791,11.07
cell_007,495,0.05754,10.35
cell_007,496,0.05701,9.34
cell_007,497,0.05734,9.96
cell_007,498,0.05718,9.66
cell_007,499,0.05715,9.59
cell_007,500,0.05731,9.91
cell_007,501,0.0577,10.66
cell_007,502,0.05792,11.07
cell_007,503,0.05783,10.9
cell_007,504,0.05717,9.64
cell_007,505,0.05742,10.12
cell_007,506,0.05777,10.78
cell_007,507,0.05756,10.38
cell_007,508,0.05773,10.71
cell_007,509,0.05763,10.51
cell_007,510,0.05751,10.28
cell_007,511,0.05734,9.96
cell_007,512,0.0578,10.84
cell_007,513,0.05777,10.79
cell_007,514,0.05793,11.1
cell_007,515,0.05815,11.52
cell_007,516,0.0572,9.7
cell_007,517,0.05793,11.09
cell_007,518,0.05743,10.14
cell_007,519,0.05734,9.97
cell_007,520,0.05772,10.69
cell_007,521,0.05743,10.14
cell_007,522,0.05773,10.72
cell_007,523,0.05738,10.05
cell_007,524,0.05814,11.5
cell_007,525,0.05824,11.69
cell_007,526,0.05783,10.9
cell_007,527,0.0573,9.88
cell_007,528,0.05747,10.21
cell_007,529,0.05738,10.03
cell_007,530,0.05745,10.17
cell_007,531,0.0583,11.8
cell_007,532,0.05782,10.89
cell_007,533,0.05777,10.78
cell_007,534,0.05794,11.12
cell_007,535,0.0582,11.62
cell_007,536,0.0582,11.62
cell_007,537,0.05776,10.77
cell_007,538,0.05756,10.38
cell_007,539,0.058,11.24
cell_007,540,0.05794,11.11
cell_007,541,0.05788,11.01
cell_007,542,0.05818,11.58
cell_007,543,0.05837,11.95
cell_007,544,0.05805,11.33
cell_007,545,0.05837,11.94
cell_007,546,0.05833,11.85
cell_007,547,0.05793,11.1
cell_007,548,0.05796,11.15
cell_007,549,0.05852,12.23
cell_007,550,0.05765,10.55
cell_007,551,0.05814,11.51
cell_007,552,0.0582,11.61
cell_007,553,0.05818,11.58
cell_007,554,0.05813,11.49
cell_007,555,0.05789,11.02
cell_007,556,0.05852,12.23
cell_007,557,0.05762,10.51
cell_007,558,0.05827,11.75
cell_007,559,0.05833,11.87
cell_007,560,0.05851,12.21
cell_007,561,0.05863,12.44
cell_007,562,0.0578,10.85
cell_007,563,0.05794,11.12
cell_007,564,0.05773,10.72
cell_007,565,0.05873,12.62
cell_007,566,0.05832,11.84
cell_007,567,0.0586,12.39
cell_007,568,0.05873,12.62
cell_007,569,0.05789,11.03
cell_007,570,0.05819,11.6
cell_007,571,0.0578,10.85
cell_007,572,0.05853,12.24
cell_007,573,0.05784,10.92
cell_007,574,0.05811,11.45
cell_007,575,0.05854,12.26
cell_007,576,0.05869,12.55
cell_007,577,0.05798,11.2
cell_007,578,0.05843,12.06
cell_007,579,0.05788,10.99
cell_007,580,0.05803,11.28
cell_007,581,0.05797,11.17
cell_007,582,0.05822,11.65
cell_007,583,0.05842,12.03
cell_007,584,0.05879,12.74
cell_007,585,0.05822,11.65
cell_007,586,0.05813,11.47
cell_007,587,0.0583,11.81
cell_007,588,0.05822,11.64
cell_007,589,0.05806,11.35
cell_007,590,0.05841,12.01
cell_007,591,0.05845,12.09
cell_007,592,0.05882,12.8
cell_007,593,0.05883,12.82
cell_007,594,0.05824,11.68
cell_007,595,0.05812,11.47
cell_007,596,0.05898,13.11
cell_007,597,0.05842,12.04
cell_007,598,0.05902,13.18
cell_007,599,0.05891,12.97
cell_007,600,0.05904,13.22
cell_007,601,0.05878,12.74
cell_007,602,0.05885,12.87
cell_007,603,0.05913,13.39
cell_007,604,0.05817,11.55
cell_007,605,0.05876,12.69
cell_007,606,0.05827,11.76
cell_007,607,0.05843,12.05
cell_007,608,0.05883,12.81
cell_007,609,0.05823,11.68
cell_007,610,0.05834,11.88
cell_007,611,0.0586,12.38
cell_007,612,0.05857,12.33
cell_007,613,0.0587,12.57
cell_007,614,0.05902,13.18
cell_007,615,0.05862,12.41
cell_007,616,0.0589,12.96
cell_007,617,0.05853,12.25
cell_007,618,0.05869,12.56
cell_007,619,0.0589,12.96
cell_007,620,0.05854,12.26
cell_007,621,0.05917,13.48
cell_007,622,0.05934,13.79
cell_007,623,0.05856,12.31
cell_007,624,0.05867,12.52
cell_007,625,0.0589,12.95
cell_007,626,0.05867,12.51
cell_007,627,0.05854,12.26
cell_007,628,0.05847,12.12
cell_007,629,0.05888,12.92
cell_007,630,0.05901,13.17
cell_007,631,0.05879,12.75
cell_007,632,0.05919,13.51
cell_007,633,0.0586,12.38
cell_007,634,0.05941,13.93
cell_007,635,0.059,13.14
cell_007,636,0.05919,13.51
cell_007,637,0.05851,12.22
cell_007,638,0.05923,13.58
cell_007,639,0.05951,14.13
cell_007,640,0.05886,12.89
cell_007,641,0.05901,13.16
cell_007,642,0.05945,14.0
cell_007,643,0.05866,12.5
cell_007,644,0.0594,13.92
cell_007,645,0.05912,13.37
cell_007,646,0.05919,13.52
cell_007,647,0.05901,13.16
cell_007,648,0.05957,14.23
cell_007,649,0.05891,12.98
cell_007,650,0.059,13.15
cell_007,651,0.05948,14.07
cell_007,652,0.05874,12.64
cell_007,653,0.05934,13.81
cell_007,654,0.05955,14.21
cell_007,655,0.05895,13.05
cell_007,656,0.05911,13.36
cell_007,657,0.05974,14.57
cell_007,658,0.05952,14.14
cell_007,659,0.05977,14.62
cell_007,660,0.05903,13.21
cell_007,661,0.0593,13.73
cell_007,662,0.0597,14.49
cell_007,663,0.05908,13.3
cell_007,664,0.0591,13.34
cell_007,665,0.05919,13.52
cell_007,666,0.05987,14.82
cell_007,667,0.05914,13.42
cell_007,668,0.05889,12.93
cell_007,669,0.0597,14.5
cell_007,670,0.05983,14.73
cell_007,671,0.05915,13.44
cell_007,672,0.05946,14.03
cell_007,673,0.05976,14.61
cell_007,674,0.05939,13.9
cell_007,675,0.05996,15.0
cell_007,676,0.05947,14.05
cell_007,677,0.05921,13.54
cell_007,678,0.05947,14.05
cell_007,679,0.05929,13.7
cell_007,680,0.05922,13.57
cell_007,681,0.05987,14.82
cell_007,682,0.05944,13.99
cell_007,683,0.05978,14.63
cell_007,684,0.05934,13.8
cell_007,685,0.05996,14.99
cell_007,686,0.05912,13.38
cell_007,687,0.05928,13.69
cell_007,688,0.05986,14.79
cell_007,689,0.05941,13.94
cell_007,690,0.05984,14.76
cell_007,691,0.05994,14.95
cell_007,692,0.05935,13.83
cell_007,693,0.05959,14.27
cell_007,694,0.05967,14.44
cell_007,695,0.05937,13.85
cell_007,696,0.06005,15.17
cell_007,697,0.05945,14.02
cell_007,698,0.05945,14.02
cell_007,699,0.05992,14.92
cell_007,700,0.06012,15.3
cell_007,701,0.05944,13.99
cell_007,702,0.06028,15.61
cell_007,703,0.05966,14.42
cell_007,704,0.05989,14.86
cell_007,705,0.06005,15.16
cell_007,706,0.06008,15.23
cell_007,707,0.05946,14.04
cell_007,708,0.05971,14.51
cell_007,709,0.06033,15.7
cell_007,710,0.05998,15.03
cell_007,711,0.06038,15.79
cell_007,712,0.06019,15.42
cell_007,713,0.0603,15.64
cell_007,714,0.05977,14.62
cell_007,715,0.05997,15.01
cell_007,716,0.05964,14.38
cell_007,717,0.05953,14.17
cell_007,718,0.05972,14.54
cell_007,719,0.06021,15.47
cell_007,720,0.05953,14.16
cell_007,721,0.05964,14.37
cell_007,722,0.06031,15.67
cell_007,723,0.06007,15.21
cell_007,724,0.05951,14.12
cell_007,725,0.05958,14.26
cell_007,726,0.06018,15.4
cell_007,727,0.05987,14.81
cell_007,728,0.0598,14.69
cell_007,729,0.06009,15.24
cell_007,730,0.05965,14.39
cell_007,731,0.06045,15.92
cell_007,732,0.06014,15.34
cell_007,733,0.05978,14.65
cell_007,734,0.05994,14.96
cell_007,735,0.05967,14.43
cell_007,736,0.06026,15.57
cell_007,737,0.05989,14.86
cell_007,738,0.05992,14.92
cell_007,739,0.05996,14.99
cell_007,740,0.0606,16.21
cell_007,741,0.05975,14.58
cell_007,742,0.05971,14.52
cell_007,743,0.0605,16.02
cell_007,744,0.0603,15.65
cell_007,745,0.06053,16.08
cell_007,746,0.0598,14.67
cell_007,747,0.06047,15.97
cell_007,748,0.06024,15.52
cell_007,749,0.06042,15.87
cell_007,750,0.06041,15.85
cell_007,751,0.06034,15.71
cell_007,752,0.06044,15.91
cell_007,753,0.0605,16.02
cell_007,754,0.06051,16.04
cell_007,755,0.06058,16.18
cell_007,756,0.05999,15.05
cell_007,757,0.06086,16.72
cell_007,758,0.06062,16.26
cell_007,759,0.06003,15.12
cell_007,760,0.06067,16.35
cell_007,761,0.0609,16.79
cell_007,762,0.06039,15.82
cell_007,763,0.06086,16.72
cell_007,764,0.06006,15.19
cell_007,765,0.06084,16.68
cell_007,766,0.0607,16.4
cell_007,767,0.06008,15.22
cell_007,768,0.06008,15.22
cell_007,769,0.06073,16.47
cell_007,770,0.06032,15.68
cell_007,771,0.06059,16.2
cell_007,772,0.06011,15.28
cell_007,773,0.06016,15.36
cell_007,774,0.06059,16.19
cell_007,775,0.06014,15.34
cell_007,776,0.06086,16.71
cell_007,777,0.061,16.98
cell_007,778,0.06043,15.9
cell_007,779,0.06062,16.26
cell_007,780,0.06083,16.66
cell_007,781,0.06023,15.5
cell_007,782,0.06059,16.19
cell_007,783,0.06025,15.54
cell_007,784,0.06093,16.85
cell_007,785,0.06095,16.88
cell_007,786,0.06084,16.67
cell_007,787,0.06089,16.77
cell_007,788,0.06037,15.78
cell_007,789,0.06097,16.92
cell_007,790,0.06066,16.34
cell_007,791,0.06038,15.8
cell_007,792,0.0603,15.64
cell_007,793,0.06044,15.9
cell_007,794,0.06032,15.68
cell_007,795,0.06056,16.14
cell_007,796,0.0612,17.37
cell_007,797,0.0607,16.4
cell_007,798,0.06035,15.74
cell_007,799,0.06133,17.62
cell_007,800,0.06053,16.09
cell_008,1,0.04932,-0.82
cell_008,2,0.04955,-0.36
cell_008,3,0.04946,-0.53
cell_008,4,0.05004,0.63
cell_008,5,0.04988,0.32
cell_008,6,0.04935,-0.76
cell_008,7,0.04962,-0.21
cell_008,8,0.04987,0.3
cell_008,9,0.04957,-0.32
cell_008,10,0.04988,0.31
cell_008,11,0.05003,0.61
cell_008,12,0.04999,0.54
cell_008,13,0.04965,-0.16
cell_008,14,0.04971,-0.03
cell_008,15,0.05014,0.83
cell_008,16,0.04981,0.17
cell_008,17,0.04942,-0.61
cell_008,18,0.04984,0.24
cell_008,19,0.0503,1.15
cell_008,20,0.05038,1.31
cell_008,21,0.05031,1.18
cell_008,22,0.05034,1.24
cell_008,23,0.05007,0.7
cell_008,24,0.05019,0.94
cell_008,25,0.05013,0.82
cell_008,26,0.05032,1.21
cell_008,27,0.04981,0.18
cell_008,28,0.04963,-0.19
cell_008,29,0.04966,-0.12
cell_008,30,0.04996,0.47
cell_008,31,0.05026,1.08
cell_008,32,0.05031,1.19
cell_008,33,0.05027,1.1
cell_008,34,0.0496,-0.25
cell_008,35,0.04992,0.39
cell_008,36,0.04981,0.18
cell_008,37,0.0505,1.57
cell_008,38,0.05031,1.18
cell_008,39,0.05013,0.82
cell_008,40,0.05034,1.24
cell_008,41,0.05,0.56
cell_008,42,0.05042,1.4
cell_008,43,0.05039,1.34
cell_008,44,0.05052,1.6
cell_008,45,0.0506,1.76
cell_008,46,0.04995,0.46
cell_008,47,0.04977,0.1
cell_008,48,0.04981,0.18
cell_008,49,0.05016,0.88
cell_008,50,0.04992,0.41
cell_008,51,0.04982,0.2
cell_008,52,0.04987,0.3
cell_008,53,0.04989,0.33
cell_008,54,0.04983,0.22
cell_008,55,0.05029,1.14
cell_008,56,0.05041,1.38
cell_008,57,0.04988,0.32
cell_008,58,0.04996,0.47
cell_008,59,0.05034,1.25
cell_008,60,0.05053,1.62
cell_008,61,0.04986,0.28
cell_008,62,0.05008,0.72
cell_008,63,0.05056,1.68
cell_008,64,0.05009,0.74
cell_008,65,0.05013,0.83
cell_008,66,0.05075,2.06
cell_008,67,0.05036,1.29
cell_008,68,0.05046,1.48
cell_008,69,0.05076,2.08
cell_008,70,0.05041,1.38
cell_008,71,0.05018,0.91
cell_008,72,0.05078,2.12
cell_008,73,0.05003,0.62
cell_008,74,0.0505,1.56
cell_008,75,0.05065,1.87
cell_008,76,0.05072,2.0
cell_008,77,0.05093,2.42
cell_008,78,0.05049,1.54
cell_008,79,0.05063,1.82
cell_008,80,0.0507,1.97
cell_008,81,0.05027,1.1
cell_008,82,0.05084,2.26
cell_008,83,0.05068,1.92
cell_008,84,0.05074,2.05
cell_008,85,0.05034,1.24
cell_008,86,0.05046,1.48
cell_008,87,0.05017,0.9
cell_008,88,0.05007,0.7
cell_008,89,0.0505,1.57
cell_008,90,0.05062,1.81
cell_008,91,0.05033,1.21
cell_008,92,0.05061,1.79
cell_008,93,0.05046,1.49
cell_008,94,0.05056,1.69
cell_008,95,0.05049,1.54
cell_008,96,0.05042,1.4
cell_008,97,0.05111,2.79
cell_008,98,0.05045,1.46
cell_008,99,0.05018,0.93
cell_008,100,0.05063,1.82
cell_008,101,0.05074,2.04
cell_008,102,0.05043,1.43
cell_008,103,0.05104,2.65
cell_008,104,0.05099,2.56
cell_008,105,0.051,2.56
cell_008,106,0.0503,1.16
cell_008,107,0.05095,2.47
cell_008,108,0.05026,1.09
cell_008,109,0.0509,2.37
cell_008,110,0.05038,1.31
cell_008,111,0.05049,1.53
cell_008,112,0.05061,1.78
cell_008,113,0.05105,2.68
cell_008,114,0.0504,1.36
cell_008,115,0.05121,2.99
cell_008,116,0.05042,1.41
cell_008,117,0.05106,2.7
cell_008,118,0.0506,1.76
cell_008,119,0.05048,1.52
cell_008,120,0.05046,1.49
cell_008,121,0.05067,1.91
cell_008,122,0.05093,2.44
cell_008,123,0.05133,3.24
cell_008,124,0.05116,2.88
cell_008,125,0.05073,2.02
cell_008,126,0.05073,2.04
cell_008,127,0.05056,1.69
cell_008,128,0.05128,3.13
cell_008,129,0.05052,1.61
cell_008,130,0.05112,2.82
cell_008,131,0.05094,2.44
cell_008,132,0.05051,1.59
cell_008,133,0.0511,2.77
cell_008,134,0.05054,1.65
cell_008,135,0.05069,1.95
cell_008,136,0.05142,3.41
cell_008,137,0.05087,2.31
cell_008,138,0.05076,2.08
cell_008,139,0.05136,3.3
cell_008,140,0.05066,1.88
cell_008,141,0.05143,3.44
cell_008,142,0.05143,3.44
cell_008,143,0.05112,2.8
cell_008,144,0.05099,2.55
cell_008,145,0.05088,2.32
cell_008,146,0.05118,2.94
cell_008,147,0.05147,3.52
cell_008,148,0.05071,1.99
cell_008,149,0.05125,3.07
cell_008,150,0.0514,3.38
cell_008,151,0.05132,3.2
cell_008,152,0.05161,3.8
cell_008,153,0.05167,3.91
cell_008,154,0.05075,2.07
cell_008,155,0.05106,2.69
cell_008,156,0.05124,3.05
cell_008,157,0.05076,2.08
cell_008,158,0.05106,2.7
cell_008,159,0.0512,2.97
cell_008,160,0.05122,3.02
cell_008,161,0.05166,3.9
cell_008,162,0.05153,3.63
cell_008,163,0.0514,3.38
cell_008,164,0.05133,3.24
cell_008,165,0.05145,3.48
cell_008,166,0.05169,3.96
cell_008,167,0.05112,2.8
cell_008,168,0.05101,2.58
cell_008,169,0.05125,3.07
cell_008,170,0.05116,2.88
cell_008,171,0.05095,2.47
cell_008,172,0.05146,3.49
cell_008,173,0.05156,3.7
cell_008,174,0.05118,2.93
cell_008,175,0.05152,3.61
cell_008,176,0.05172,4.02
cell_008,177,0.05157,3.72
cell_008,178,0.05183,4.23
cell_008,179,0.05129,3.16
cell_008,180,0.05164,3.85
cell_008,181,0.05136,3.29
cell_008,182,0.05101,2.6
cell_008,183,0.05177,4.12
cell_008,184,0.05121,2.99
cell_008,185,0.05105,2.67
cell_008,186,0.05152,3.61
cell_008,187,0.05112,2.82
cell_008,188,0.05187,4.32
cell_008,189,0.05116,2.89
cell_008,190,0.05155,3.67
cell_008,191,0.05178,4.15
cell_008,192,0.05151,3.6
cell_008,193,0.05193,4.43
cell_008,194,0.05196,4.51
cell_008,195,0.05125,3.07
cell_008,196,0.05145,3.48
cell_008,197,0.05155,3.67
cell_008,198,0.0512,2.97
cell_008,199,0.05184,4.26
cell_008,200,0.05139,3.35
cell_008,201,0.05164,3.85
cell_008,202,0.05209,4.77
cell_008,203,0.05174,4.05
cell_008,204,0.05142,3.42
cell_008,205,0.05214,4.86
cell_008,206,0.05154,3.65
cell_008,207,0.05167,3.91
cell_008,208,0.05176,4.1
cell_008,209,0.05156,3.69
cell_008,210,0.05171,4.01
cell_008,211,0.05195,4.48
cell_008,212,0.05219,4.96
cell_008,213,0.05195,4.47
cell_008,214,0.05216,4.91
cell_008,215,0.05147,3.51
cell_008,216,0.05159,3.76
cell_008,217,0.05179,4.16
cell_008,218,0.05227,5.12
cell_008,219,0.05156,3.69
cell_008,220,0.05148,3.53
cell_008,221,0.05202,4.62
cell_008,222,0.05166,3.9
cell_008,223,0.05232,5.22
cell_008,224,0.05189,4.35
cell_008,225,0.05185,4.29
cell_008,226,0.05206,4.7
cell_008,227,0.05166,3.9
cell_008,228,0.0519,4.37
cell_008,229,0.05148,3.54
cell_008,230,0.05239,5.36
cell_008,231,0.05235,5.28
cell_008,232,0.05225,5.09
cell_008,233,0.05238,5.34
cell_008,234,0.05181,4.19
cell_008,235,0.05198,4.54
cell_008,236,0.05154,3.65
cell_008,237,0.05157,3.71
cell_008,238,0.05226,5.1
cell_008,239,0.05161,3.79
cell_008,240,0.05216,4.91
cell_008,241,0.05197,4.52
cell_008,242,0.05202,4.63
cell_008,243,0.05257,5.73
cell_008,244,0.05172,4.02
cell_008,245,0.0526,5.78
cell_008,246,0.05191,4.41
cell_008,247,0.05235,5.28
cell_008,248,0.05245,5.49
cell_008,249,0.05178,4.15
cell_008,250,0.05247,5.52
cell_008,251,0.05201,4.61
cell_008,252,0.05229,5.17
cell_008,253,0.05198,4.54
cell_008,254,0.05252,5.62
cell_008,255,0.05196,4.49
cell_008,256,0.05234,5.27
cell_008,257,0.05196,4.5
cell_008,258,0.05194,4.46
cell_008,259,0.05197,4.53
cell_008,260,0.05206,4.71
cell_008,261,0.05279,6.16
cell_008,262,0.05198,4.53
cell_008,263,0.05195,4.48
cell_008,264,0.05255,5.69
cell_008,265,0.05205,4.68
cell_008,266,0.05249,5.56
cell_008,267,0.05237,5.32
cell_008,268,0.05205,4.68
cell_008,269,0.05207,4.71
cell_008,270,0.05212,4.82
cell_008,271,0.0523,5.19
cell_008,272,0.0525,5.59
cell_008,273,0.0527,6.0
cell_008,274,0.05198,4.55
cell_008,275,0.05199,4.57
cell_008,276,0.05215,4.88
cell_008,277,0.05276,6.11
cell_008,278,0.05208,4.75
cell_008,279,0.05254,5.66
cell_008,280,0.05218,4.94
cell_008,281,0.05254,5.67
cell_008,282,0.05214,4.87
cell_008,283,0.05206,4.69
cell_008,284,0.05242,5.42
cell_008,285,0.05248,5.56
cell_008,286,0.05268,5.95
cell_008,287,0.05234,5.26
cell_008,288,0.05287,6.32
cell_008,289,0.05305,6.68
cell_008,290,0.05308,6.74
cell_008,291,0.05287,6.33
cell_008,292,0.05273,6.04
cell_008,293,0.05296,6.51
cell_008,294,0.05227,5.13
cell_008,295,0.05224,5.07
cell_008,296,0.05237,5.32
cell_008,297,0.05232,5.21
cell_008,298,0.05315,6.89
cell_008,299,0.05291,6.41
cell_008,300,0.05289,6.38
cell_008,301,0.05279,6.18
cell_008,302,0.05309,6.77
cell_008,303,0.05227,5.11
cell_008,304,0.0524,5.39
cell_008,305,0.05307,6.74
cell_008,306,0.05261,5.82
cell_008,307,0.0523,5.18
cell_008,308,0.0527,6.0
cell_008,309,0.05315,6.9
cell_008,310,0.05309,6.77
cell_008,311,0.05243,5.44
cell_008,312,0.05273,6.05
cell_008,313,0.05314,6.87
cell_008,314,0.05334,7.27
cell_008,315,0.05325,7.09
cell_008,316,0.05302,6.63
cell_008,317,0.05286,6.31
cell_008,318,0.0527,6.0
cell_008,319,0.05299,6.57
cell_008,320,0.05272,6.03
cell_008,321,0.05253,5.64
cell_008,322,0.05309,6.78
cell_008,323,0.0528,6.18
cell_008,324,0.05295,6.48
cell_008,325,0.05298,6.56
cell_008,326,0.05277,6.13
cell_008,327,0.05253,5.64
cell_008,328,0.05342,7.44
cell_008,329,0.05294,6.46
cell_008,330,0.05329,7.17
cell_008,331,0.05296,6.51
cell_008,332,0.05273,6.04
cell_008,333,0.0534,7.4
cell_008,334,0.05332,7.23
cell_008,335,0.05278,6.14
cell_008,336,0.05352,7.63
cell_008,337,0.05313,6.85
cell_008,338,0.05271,6.01
cell_008,339,0.05303,6.66
cell_008,340,0.05279,6.18
cell_008,341,0.0533,7.2
cell_008,342,0.0532,6.99
cell_008,343,0.05303,6.65
cell_008,344,0.05319,6.96
cell_008,345,0.05318,6.95
cell_008,346,0.05314,6.87
cell_008,347,0.05281,6.22
cell_008,348,0.0536,7.79
cell_008,349,0.05307,6.74
cell_008,350,0.05367,7.94
cell_008,351,0.05354,7.69
cell_008,352,0.05279,6.17
cell_008,353,0.05282,6.23
cell_008,354,0.05312,6.83
cell_008,355,0.05298,6.56
cell_008,356,0.05367,7.94
cell_008,357,0.0537,8.0
cell_008,358,0.05362,7.84
cell_008,359,0.05303,6.66
cell_008,360,0.05334,7.27
cell_008,361,0.05289,6.37
cell_008,362,0.05322,7.03
cell_008,363,0.05343,7.45
cell_008,364,0.0536,7.8
cell_008,365,0.05313,6.85
cell_008,366,0.05315,6.9
cell_008,367,0.05296,6.51
cell_008,368,0.05372,8.05
cell_008,369,0.05365,7.91
cell_008,370,0.05338,7.35
cell_008,371,0.05318,6.96
cell_008,372,0.0531,6.79
cell_008,373,0.05329,7.17
cell_008,374,0.0532,6.99
cell_008,375,0.05377,8.15
cell_008,376,0.05303,6.65
cell_008,377,0.0535,7.6
cell_008,378,0.05399,8.58
cell_008,379,0.05402,8.64
cell_008,380,0.05353,7.65
cell_008,381,0.05358,7.77
cell_008,382,0.05366,7.92
cell_008,383,0.05334,7.27
cell_008,384,0.05393,8.46
cell_008,385,0.05324,7.07
cell_008,386,0.05327,7.13
cell_008,387,0.05364,7.87
cell_008,388,0.05394,8.48
cell_008,389,0.05392,8.44
cell_008,390,0.05414,8.88
cell_008,391,0.05349,7.58
cell_008,392,0.05393,8.46
cell_008,393,0.0536,7.8
cell_008,394,0.05373,8.07
cell_008,395,0.05345,7.49
cell_008,396,0.05416,8.93
cell_008,397,0.0533,7.2
cell_008,398,0.05375,8.1
cell_008,399,0.05384,8.29
cell_008,400,0.05399,8.57
cell_008,401,0.05341,7.41
cell_008,402,0.05379,8.18
cell_008,403,0.05374,8.07
cell_008,404,0.05383,8.26
cell_008,405,0.05354,7.68
cell_008,406,0.05357,7.73
cell_008,407,0.05389,8.38
cell_008,408,0.05426,9.12
cell_008,409,0.05336,7.32
cell_008,410,0.05354,7.68
cell_008,411,0.05389,8.38
cell_008,412,0.05379,8.18
cell_008,413,0.05381,8.22
cell_008,414,0.05431,9.22
cell_008,415,0.05399,8.59
cell_008,416,0.05422,9.05
cell_008,417,0.05426,9.13
cell_008,418,0.0539,8.39
cell_008,419,0.05441,9.43
cell_008,420,0.05353,7.66
cell_008,421,0.0544,9.4
cell_008,422,0.05445,9.5
cell_008,423,0.05424,9.08
cell_008,424,0.0545,9.6
cell_008,425,0.05363,7.85
cell_008,426,0.05404,8.68
cell_008,427,0.05384,8.28
cell_008,428,0.05371,8.01
cell_008,429,0.05376,8.12
cell_008,430,0.05409,8.78
cell_008,431,0.05442,9.44
cell_008,432,0.05418,8.97
cell_008,433,0.05398,8.57
cell_008,434,0.05425,9.11
cell_008,435,0.05397,8.53
cell_008,436,0.05417,8.95
cell_008,437,0.05418,8.96
cell_008,438,0.05395,8.5
cell_008,439,0.05372,8.04
cell_008,440,0.0542,9.0
cell_008,441,0.0539,8.4
cell_008,442,0.05393,8.46
cell_008,443,0.05417,8.95
cell_008,444,0.05466,9.94
cell_008,445,0.05421,9.02
cell_008,446,0.05387,8.34
cell_008,447,0.05413,8.86
cell_008,448,0.05418,8.97
cell_008,449,0.05442,9.44
cell_008,450,0.05401,8.62
cell_008,451,0.05421,9.02
cell_008,452,0.05461,9.84
cell_008,453,0.05464,9.88
cell_008,454,0.05481,10.24
cell_008,455,0.05407,8.74
cell_008,456,0.05468,9.97
cell_008,457,0.05399,8.59
cell_008,458,0.05484,10.3
cell_008,459,0.05392,8.44
cell_008,460,0.05438,9.38
cell_008,461,0.05468,9.97
cell_008,462,0.05455,9.7
cell_008,463,0.0547,10.02
cell_008,464,0.05471,10.04
cell_008,465,0.05464,9.9
cell_008,466,0.05408,8.77
cell_008,467,0.05489,10.39
cell_008,468,0.05442,9.46
cell_008,469,0.05446,9.53
cell_008,470,0.05435,9.31
cell_008,471,0.05411,8.82
cell_008,472,0.0545,9.61
cell_008,473,0.0545,9.6
cell_008,474,0.05433,9.26
cell_008,475,0.05421,9.02
cell_008,476,0.05495,10.52
cell_008,477,0.05432,9.25
cell_008,478,0.05449,9.59
cell_008,479,0.05479,10.19
cell_008,480,0.05423,9.07
cell_008,481,0.05468,9.96
cell_008,482,0.05428,9.16
cell_008,483,0.05472,10.05
cell_008,484,0.05426,9.13
cell_008,485,0.05505,10.72
cell_008,486,0.05456,9.74
cell_008,487,0.05473,10.08
cell_008,488,0.0542,9.0
cell_008,489,0.0544,9.4
cell_008,490,0.05486,10.33
cell_008,491,0.05427,9.14
cell_008,492,0.05471,10.04
cell_008,493,0.05437,9.34
cell_008,494,0.05462,9.85
cell_008,495,0.05434,9.29
cell_008,496,0.05516,10.93
cell_008,497,0.05497,10.56
cell_008,498,0.05507,10.75
cell_008,499,0.05456,9.74
cell_008,500,0.05491,10.42
cell_008,501,0.05478,10.16
cell_008,502,0.05449,9.59
cell_008,503,0.05512,10.86
cell_008,504,0.05526,11.14
cell_008,505,0.05504,10.69
cell_008,506,0.05537,11.36
cell_008,507,0.05516,10.94
cell_008,508,0.05472,10.06
cell_008,509,0.05536,11.33
cell_008,510,0.05533,11.28
cell_008,511,0.05528,11.18
cell_008,512,0.05498,10.57
cell_008,513,0.0553,11.21
cell_008,514,0.05525,11.11
cell_008,515,0.05517,10.95
cell_008,516,0.0549,10.42
cell_008,517,0.0549,10.41
cell_008,518,0.05501,10.63
cell_008,519,0.05551,11.63
cell_008,520,0.05528,11.17
cell_008,521,0.05457,9.74
cell_008,522,0.05551,11.65
cell_008,523,0.05528,11.18
cell_008,524,0.05535,11.32
cell_008,525,0.05471,10.03
cell_008,526,0.05542,11.46
cell_008,527,0.05514,10.9
cell_008,528,0.05552,11.66
cell_008,529,0.05531,11.24
cell_008,530,0.05469,9.99
cell_008,531,0.05527,11.16
cell_008,532,0.05533,11.28
cell_008,533,0.05501,10.62
cell_008,534,0.05542,11.45
cell_008,535,0.05487,10.34
cell_008,536,0.05546,11.53
cell_008,537,0.05548,11.59
cell_008,538,0.05515,10.92
cell_008,539,0.05496,10.53
cell_008,540,0.05557,11.76
cell_008,541,0.05543,11.48
cell_008,542,0.05536,11.34
cell_008,543,0.05529,11.19
cell_008,544,0.05538,11.38
cell_008,545,0.05578,12.19
cell_008,546,0.05483,10.28
cell_008,547,0.05491,10.42
cell_008,548,0.05578,12.18
cell_008,549,0.05529,11.2
cell_008,550,0.05486,10.34
cell_008,551,0.05579,12.2
cell_008,552,0.05506,10.74
cell_008,553,0.05534,11.31
cell_008,554,0.05495,10.52
cell_008,555,0.05504,10.7
cell_008,556,0.05544,11.49
cell_008,557,0.05564,11.9
cell_008,558,0.05518,10.97
cell_008,559,0.05514,10.89
cell_008,560,0.05542,11.46
cell_008,561,0.05513,10.88
cell_008,562,0.05539,11.41
cell_008,563,0.05589,12.4
cell_008,564,0.05508,10.77
cell_008,565,0.05593,12.49
cell_008,566,0.05546,11.54
cell_008,567,0.05595,12.53
cell_008,568,0.05555,11.73
cell_008,569,0.05585,12.32
cell_008,570,0.05604,12.71
cell_008,571,0.05509,10.79
cell_008,572,0.05601,12.65
cell_008,573,0.05527,11.15
cell_008,574,0.05517,10.95
cell_008,575,0.05549,11.6
cell_008,576,0.0553,11.22
cell_008,577,0.05523,11.07
cell_008,578,0.05565,11.92
cell_008,579,0.0561,12.83
cell_008,580,0.0558,12.23
cell_008,581,0.05523,11.08
cell_008,582,0.05559,11.81
cell_008,583,0.05554,11.69
cell_008,584,0.05587,12.36
cell_008,585,0.05592,12.47
cell_008,586,0.05593,12.48
cell_008,587,0.05561,11.85
cell_008,588,0.05544,11.49
cell_008,589,0.05592,12.47
cell_008,590,0.05586,12.34
cell_008,591,0.05575,12.13
cell_008,592,0.05614,12.91
cell_008,593,0.05541,11.44
cell_008,594,0.05607,12.76
cell_008,595,0.05601,12.64
cell_008,596,0.05574,12.09
cell_008,597,0.05608,12.78
cell_008,598,0.05548,11.59
cell_008,599,0.05573,12.08
cell_008,600,0.05618,12.99
cell_008,601,0.05561,11.84
cell_008,602,0.0558,12.23
cell_008,603,0.05568,11.98
cell_008,604,0.0556,11.83
cell_008,605,0.05546,11.54
cell_008,606,0.05629,13.2
cell_008,607,0.05611,12.85
cell_008,608,0.05642,13.48
cell_008,609,0.05624,13.11
cell_008,610,0.05612,12.87
cell_008,611,0.05556,11.73
cell_008,612,0.05649,13.6
cell_008,613,0.05587,12.37
cell_008,614,0.056,12.63
cell_008,615,0.05636,13.35
cell_008,616,0.0558,12.23
cell_008,617,0.05617,12.96
cell_008,618,0.05565,11.92
cell_008,619,0.05621,13.06
cell_008,620,0.05615,12.94
cell_008,621,0.05567,11.96
cell_008,622,0.05596,12.55
cell_008,623,0.05597,12.57
cell_008,624,0.05597,12.56
cell_008,625,0.05568,11.98
cell_008,626,0.05628,13.19
cell_008,627,0.05599,12.6
cell_008,628,0.05659,13.81
cell_008,629,0.05581,12.23
cell_008,630,0.05591,12.44
cell_008,631,0.05651,13.65
cell_008,632,0.05666,13.95
cell_008,633,0.0561,12.82
cell_008,634,0.05638,13.38
cell_008,635,0.05652,13.67
cell_008,636,0.05615,12.93
cell_008,637,0.05676,14.15
cell_008,638,0.0565,13.63
cell_008,639,0.05613,12.88
cell_008,640,0.05586,12.34
cell_008,641,0.05678,14.2
cell_008,642,0.05628,13.2
cell_008,643,0.05614,12.91
cell_008,644,0.05597,12.56
cell_008,645,0.05633,13.29
cell_008,646,0.056,12.62
cell_008,647,0.05618,12.98
cell_008,648,0.05606,12.74
cell_008,649,0.05676,14.16
cell_008,650,0.05621,13.05
cell_008,651,0.05646,13.56
cell_008,652,0.05607,12.77
cell_008,653,0.0566,13.82
cell_008,654,0.05604,12.7
cell_008,655,0.05599,12.61
cell_008,656,0.05617,12.96
cell_008,657,0.05646,13.54
cell_008,658,0.05676,14.15
cell_008,659,0.05696,14.56
cell_008,660,0.05661,13.84
cell_008,661,0.05615,12.92
cell_008,662,0.05619,13.0
cell_008,663,0.05647,13.57
cell_008,664,0.05693,14.5
cell_008,665,0.05621,13.05
cell_008,666,0.05688,14.39
cell_008,667,0.0571,14.83
cell_008,668,0.05702,14.67
cell_008,669,0.0566,13.84
cell_008,670,0.05628,13.19
cell_008,671,0.0567,14.03
cell_008,672,0.05693,14.49
cell_008,673,0.05628,13.19
cell_008,674,0.05632,13.26
cell_008,675,0.05685,14.34
cell_008,676,0.057,14.63
cell_008,677,0.05663,13.89
cell_008,678,0.05678,14.19
cell_008,679,0.05699,14.62
cell_008,680,0.05711,14.85
cell_008,681,0.05703,14.69
cell_008,682,0.05697,14.57
cell_008,683,0.05676,14.16
cell_008,684,0.05727,15.18
cell_008,685,0.0564,13.43
cell_008,686,0.05681,14.26
cell_008,687,0.05637,13.36
cell_008,688,0.05672,14.07
cell_008,689,0.05657,13.78
cell_008,690,0.05686,14.35
cell_008,691,0.05713,14.9
cell_008,692,0.057,14.63
cell_008,693,0.05643,13.48
cell_008,694,0.05648,13.59
cell_008,695,0.05708,14.81
cell_008,696,0.0565,13.64
cell_008,697,0.05737,15.39
cell_008,698,0.05677,14.17
cell_008,699,0.05705,14.74
cell_008,700,0.05696,14.55
cell_008,701,0.05729,15.21
cell_008,702,0.05678,14.2
cell_008,703,0.05706,14.75
cell_008,704,0.05745,15.54
cell_008,705,0.05727,15.18
cell_008,706,0.05674,14.11
cell_008,707,0.05658,13.78
cell_008,708,0.05716,14.95
cell_008,709,0.05753,15.7
cell_008,710,0.05695,14.53
cell_008,711,0.05742,15.49
cell_008,712,0.05681,14.26
cell_008,713,0.05686,14.35
cell_008,714,0.05762,15.87
cell_008,715,0.05667,13.97
cell_008,716,0.05667,13.97
cell_008,717,0.05745,15.54
cell_008,718,0.05743,15.5
cell_008,719,0.05765,15.95
cell_008,720,0.05742,15.49
cell_008,721,0.05759,15.82
cell_008,722,0.05717,14.97
cell_008,723,0.05707,14.78
cell_008,724,0.05712,14.87
cell_008,725,0.05696,14.56
cell_008,726,0.05727,15.18
cell_008,727,0.05699,14.61
cell_008,728,0.05754,15.73
cell_008,729,0.05707,14.78
cell_008,730,0.05771,16.06
cell_008,731,0.05698,14.59
cell_008,732,0.05758,15.79
cell_008,733,0.05756,15.77
cell_008,734,0.05744,15.51
cell_008,735,0.05705,14.73
cell_008,736,0.05732,15.28
cell_008,737,0.05698,14.6
cell_008,738,0.05756,15.75
cell_008,739,0.05736,15.37
cell_008,740,0.05719,15.01
cell_008,741,0.05768,16.01
cell_008,742,0.05787,16.39
cell_008,743,0.05776,16.16
cell_008,744,0.05762,15.88
cell_008,745,0.05771,16.06
cell_008,746,0.05771,16.07
cell_008,747,0.05713,14.9
cell_008,748,0.0573,15.23
cell_008,749,0.05763,15.9
cell_008,750,0.05775,16.14
cell_008,751,0.05717,14.97
cell_008,752,0.05797,16.59
cell_008,753,0.05763,15.9
cell_008,754,0.05712,14.89
cell_008,755,0.05718,15.0
cell_008,756,0.05797,16.58
cell_008,757,0.05805,16.75
cell_008,758,0.05738,15.4
cell_008,759,0.05779,16.23
cell_008,760,0.05713,14.89
cell_008,761,0.05783,16.31
cell_008,762,0.05753,15.7
cell_008,763,0.05798,16.6
cell_008,764,0.05734,15.33
cell_008,765,0.05757,15.79
cell_008,766,0.05814,16.94
cell_008,767,0.05798,16.61
cell_008,768,0.05811,16.88
cell_008,769,0.05733,15.3
cell_008,770,0.05744,15.51
cell_008,771,0.05757,15.79
cell_008,772,0.05796,16.57
cell_008,773,0.05807,16.79
cell_008,774,0.05777,16.18
cell_008,775,0.05789,16.42
cell_008,776,0.05805,16.75
cell_008,777,0.05817,16.98
cell_008,778,0.05745,15.55
cell_008,779,0.05755,15.75
cell_008,780,0.05797,16.59
cell_008,781,0.05828,17.21
cell_008,782,0.05817,16.99
cell_008,783,0.05748,15.59
cell_008,784,0.05748,15.6
cell_008,785,0.05741,15.47
cell_008,786,0.05795,16.55
cell_008,787,0.05835,17.35
cell_008,788,0.05791,16.46
cell_008,789,0.05835,17.35
cell_008,790,0.05766,15.97
cell_008,791,0.05775,16.15
cell_008,792,0.05776,16.16
cell_008,793,0.05778,16.2
cell_008,794,0.05818,17.01
cell_008,795,0.05754,15.73
cell_008,796,0.05843,17.52
cell_008,797,0.05762,15.89
cell_008,798,0.0579,16.44
cell_008,799,0.05849,17.62
cell_008,800,0.05759,15.82
cell_009,1,0.04963,0.45
cell_009,2,0.04965,0.5
cell_009,3,0.04941,-0.0
cell_009,4,0.04957,0.32
cell_009,5,0.0497,0.58
cell_009,6,0.04936,-0.1
cell_009,7,0.04943,0.03
cell_009,8,0.04916,-0.5
cell_009,9,0.04948,0.14
cell_009,10,0.04991,1.02
cell_009,11,0.04994,1.08
cell_009,12,0.04902,-0.79
cell_009,13,0.04986,0.91
cell_009,14,0.04972,0.63
cell_009,15,0.04909,-0.64
cell_009,16,0.04922,-0.38
cell_009,17,0.04983,0.85
cell_009,18,0.04916,-0.51
cell_009,19,0.04938,-0.06
cell_009,20,0.04982,0.84
cell_009,21,0.04997,1.13
cell_009,22,0.04955,0.28
cell_009,23,0.04999,1.17
cell_009,24,0.04941,0.0
cell_009,25,0.04963,0.45
cell_009,26,0.04954,0.27
cell_009,27,0.04987,0.93
cell_009,28,0.04917,-0.49
cell_009,29,0.04928,-0.27
cell_009,30,0.0494,-0.01
cell_009,31,0.04991,1.01
cell_009,32,0.04965,0.49
cell_009,33,0.0494,-0.02
cell_009,34,0.04925,-0.33
cell_009,35,0.05016,1.51
cell_009,36,0.04979,0.78
cell_009,37,0.04969,0.58
cell_009,38,0.0496,0.38
cell_009,39,0.04978,0.75
cell_009,40,0.04966,0.5
cell_009,41,0.04967,0.53
cell_009,42,0.04981,0.81
cell_009,43,0.04935,-0.12
cell_009,44,0.05014,1.48
cell_009,45,0.04976,0.7
cell_009,46,0.04952,0.22
cell_009,47,0.04954,0.26
cell_009,48,0.04979,0.77
cell_009,49,0.05008,1.36
cell_009,50,0.04988,0.94
cell_009,51,0.05014,1.48
cell_009,52,0.04975,0.69
cell_009,53,0.05033,1.87
cell_009,54,0.0499,0.99
cell_009,55,0.04981,0.82
cell_009,56,0.05027,1.75
cell_009,57,0.04964,0.48
cell_009,58,0.05031,1.82
cell_009,59,0.04972,0.63
cell_009,60,0.05003,1.25
cell_009,61,0.04989,0.98
cell_009,62,0.05024,1.68
cell_009,63,0.04951,0.21
cell_009,64,0.04985,0.89
cell_009,65,0.05014,1.47
cell_009,66,0.04992,1.03
cell_009,67,0.04953,0.25
cell_009,68,0.04983,0.86
cell_009,69,0.05028,1.76
cell_009,70,0.04969,0.57
cell_009,71,0.05029,1.78
cell_009,72,0.05041,2.02
cell_009,73,0.04987,0.94
cell_009,74,0.05005,1.3
cell_009,75,0.04986,0.92
cell_009,76,0.05007,1.34
cell_009,77,0.04997,1.14
cell_009,78,0.05017,1.54
cell_009,79,0.0498,0.79
cell_009,80,0.04977,0.74
cell_009,81,0.04991,1.01
cell_009,82,0.04995,1.1
cell_009,83,0.05001,1.21
cell_009,84,0.0503,1.81
cell_009,85,0.04982,0.82
cell_009,86,0.04989,0.97
cell_009,87,0.05022,1.65
cell_009,88,0.04999,1.18
cell_009,89,0.05054,2.29
cell_009,90,0.05072,2.65
cell_009,91,0.05012,1.44
cell_009,92,0.05019,1.59
cell_009,93,0.05073,2.68
cell_009,94,0.05046,2.13
cell_009,95,0.04991,1.02
cell_009,96,0.05062,2.44
cell_009,97,0.05009,1.39
cell_009,98,0.05036,1.92
cell_009,99,0.05001,1.23
cell_009,100,0.05044,2.08
cell_009,101,0.05042,2.06
cell_009,102,0.05016,1.52
cell_009,103,0.05009,1.38
cell_009,104,0.05084,2.89
cell_009,105,0.05017,1.54
cell_009,106,0.05024,1.68
cell_009,107,0.05004,1.27
cell_009,108,0.05016,1.52
cell_009,109,0.05058,2.37
cell_009,110,0.0502,1.6
cell_009,111,0.05022,1.65
cell_009,112,0.05078,2.78
cell_009,113,0.05042,2.04
cell_009,114,0.0508,2.81
cell_009,115,0.05092,3.06
cell_009,116,0.0507,2.62
cell_009,117,0.05024,1.68
cell_009,118,0.05043,2.06
cell_009,119,0.05025,1.7
cell_009,120,0.0502,1.6
cell_009,121,0.05034,1.89
cell_009,122,0.05048,2.16
cell_009,123,0.05042,2.06
cell_009,124,0.05038,1.97
cell_009,125,0.05018,1.57
cell_009,126,0.05088,2.97
cell_009,127,0.05051,2.23
cell_009,128,0.05024,1.68
cell_009,129,0.0508,2.81
cell_009,130,0.05065,2.51
cell_009,131,0.05089,2.99
cell_009,132,0.05107,3.36
cell_009,133,0.05076,2.73
cell_009,134,0.05104,3.3
cell_009,135,0.0502,1.6
cell_009,136,0.05111,3.44
cell_009,137,0.05056,2.33
cell_009,138,0.05067,2.55
cell_009,139,0.05064,2.5
cell_009,140,0.05102,3.26
cell_009,141,0.051,3.22
cell_009,142,0.05039,1.98
cell_009,143,0.05104,3.3
cell_009,144,0.05048,2.17
cell_009,145,0.05054,2.29
cell_009,146,0.05119,3.6
cell_009,147,0.05063,2.47
cell_009,148,0.05111,3.43
cell_009,149,0.05058,2.36
cell_009,150,0.05099,3.21
cell_009,151,0.05089,3.01
cell_009,152,0.05056,2.34
cell_009,153,0.05078,2.78
cell_009,154,0.0507,2.61
cell_009,155,0.05133,3.9
cell_009,156,0.05043,2.07
cell_009,157,0.0509,3.02
cell_009,158,0.05107,3.37
cell_009,159,0.05052,2.24
cell_009,160,0.05058,2.37
cell_009,161,0.0506,2.4
cell_009,162,0.05117,3.56
cell_009,163,0.05111,3.45
cell_009,164,0.0512,3.62
cell_009,165,0.05128,3.79
cell_009,166,0.05143,4.09
cell_009,167,0.05101,3.24
cell_009,168,0.05086,2.94
cell_009,169,0.05059,2.39
cell_009,170,0.05134,3.91
cell_009,171,0.05145,4.13
cell_009,172,0.0509,3.02
cell_009,173,0.05153,4.29
cell_009,174,0.05157,4.38
cell_009,175,0.05061,2.44
cell_009,176,0.05159,4.41
cell_009,177,0.05101,3.25
cell_009,178,0.05161,4.46
cell_009,179,0.05101,3.24
cell_009,180,0.05092,3.07
cell_009,181,0.05144,4.11
cell_009,182,0.05151,4.26
cell_009,183,0.0513,3.82
cell_009,184,0.05109,3.4
cell_009,185,0.05145,4.14
cell_009,186,0.05167,4.57
cell_009,187,0.05081,2.83
cell_009,188,0.0513,3.82
cell_009,189,0.05169,4.62
cell_009,190,0.05077,2.75
cell_009,191,0.05143,4.08
cell_009,192,0.05156,4.36
cell_009,193,0.05171,4.65
cell_009,194,0.05171,4.65
cell_009,195,0.05093,3.09
cell_009,196,0.05102,3.26
cell_009,197,0.05157,4.37
cell_009,198,0.05159,4.41
cell_009,199,0.05151,4.26
cell_009,200,0.05175,4.74
cell_009,201,0.05136,3.95
cell_009,202,0.05087,2.96
cell_009,203,0.05143,4.08
cell_009,204,0.05154,4.32
cell_009,205,0.05116,3.54
cell_009,206,0.05138,3.99
cell_009,207,0.05156,4.35
cell_009,208,0.05149,4.22
cell_009,209,0.05111,3.45
cell_009,210,0.05117,3.56
cell_009,211,0.05151,4.25
cell_009,212,0.05146,4.15
cell_009,213,0.05177,4.79
cell_009,214,0.05143,4.09
cell_009,215,0.05185,4.94
cell_009,216,0.05198,5.21
cell_009,217,0.05159,4.41
cell_009,218,0.05134,3.9
cell_009,219,0.05178,4.79
cell_009,220,0.05179,4.83
cell_009,221,0.05192,5.08
cell_009,222,0.05109,3.4
cell_009,223,0.05147,4.17
cell_009,224,0.0511,3.42
cell_009,225,0.05145,4.13
cell_009,226,0.05131,3.85
cell_009,227,0.05193,5.11
cell_009,228,0.05149,4.21
cell_009,229,0.05129,3.81
cell_009,230,0.05144,4.11
cell_009,231,0.05119,3.6
cell_009,232,0.05205,5.34
cell_009,233,0.05157,4.38
cell_009,234,0.05197,5.19
cell_009,235,0.0517,4.64
cell_009,236,0.05183,4.9
cell_009,237,0.05195,5.14
cell_009,238,0.05177,4.77
cell_009,239,0.05135,3.94
cell_009,240,0.05145,4.13
cell_009,241,0.05207,5.39
cell_009,242,0.05217,5.59
cell_009,243,0.05163,4.49
cell_009,244,0.0518,4.83
cell_009,245,0.05215,5.56
cell_009,246,0.05156,4.35
cell_009,247,0.05202,5.28
cell_009,248,0.05219,5.62
cell_009,249,0.05179,4.81
cell_009,250,0.05225,5.75
cell_009,251,0.05157,4.37
cell_009,252,0.05175,4.73
cell_009,253,0.05218,5.61
cell_009,254,0.05172,4.68
cell_009,255,0.0523,5.84
cell_009,256,0.05151,4.24
cell_009,257,0.0523,5.85
cell_009,258,0.05165,4.54
cell_009,259,0.05152,4.28
cell_009,260,0.05164,4.53
cell_009,261,0.05184,4.92
cell_009,262,0.05202,5.28
cell_009,263,0.05244,6.14
cell_009,264,0.05204,5.32
cell_009,265,0.05156,4.36
cell_009,266,0.0517,4.64
cell_009,267,0.05191,5.07
cell_009,268,0.0522,5.65
cell_009,269,0.05164,4.52
cell_009,270,0.05239,6.04
cell_009,271,0.0525,6.26
cell_009,272,0.052,5.24
cell_009,273,0.05208,5.41
cell_009,274,0.05214,5.53
cell_009,275,0.05231,5.87
cell_009,276,0.0521,5.45
cell_009,277,0.05241,6.08
cell_009,278,0.05219,5.64
cell_009,279,0.05253,6.33
cell_009,280,0.05263,6.52
cell_009,281,0.05198,5.21
cell_009,282,0.05188,5.0
cell_009,283,0.05182,4.88
cell_009,284,0.0524,6.05
cell_009,285,0.05266,6.58
cell_009,286,0.05215,5.54
cell_009,287,0.05194,5.13
cell_009,288,0.0524,6.06
cell_009,289,0.05273,6.73
cell_009,290,0.05204,5.33
cell_009,291,0.05263,6.52
cell_009,292,0.05224,5.73
cell_009,293,0.05245,6.16
cell_009,294,0.05211,5.47
cell_009,295,0.05234,5.93
cell_009,296,0.0522,5.64
cell_009,297,0.05214,5.52
cell_009,298,0.05203,5.31
cell_009,299,0.05275,6.75
cell_009,300,0.05282,6.91
cell_009,301,0.05248,6.22
cell_009,302,0.05219,5.62
cell_009,303,0.05236,5.97
cell_009,304,0.0527,6.66
cell_009,305,0.05198,5.2
cell_009,306,0.05288,7.03
cell_009,307,0.05219,5.62
cell_009,308,0.05224,5.73
cell_009,309,0.05198,5.2
cell_009,310,0.05232,5.9
cell_009,311,0.05244,6.13
cell_009,312,0.05258,6.41
cell_009,313,0.05232,5.89
cell_009,314,0.05208,5.42
cell_009,315,0.05278,6.82
cell_009,316,0.0521,5.45
cell_009,317,0.05245,6.16
cell_009,318,0.05275,6.75
cell_009,319,0.05252,6.29
cell_009,320,0.05243,6.11
cell_009,321,0.05256,6.37
cell_009,322,0.05301,7.28
cell_009,323,0.05277,6.79
cell_009,324,0.05301,7.29
cell_009,325,0.05267,6.61
cell_009,326,0.05229,5.84
cell_009,327,0.05251,6.27
cell_009,328,0.05294,7.16
cell_009,329,0.05283,6.92
cell_009,330,0.05304,7.34
cell_009,331,0.0522,5.64
cell_009,332,0.05231,5.88
cell_009,333,0.05254,6.34
cell_009,334,0.05287,7.01
cell_009,335,0.0532,7.68
cell_009,336,0.05296,7.18
cell_009,337,0.0529,7.06
cell_009,338,0.05323,7.74
cell_009,339,0.05273,6.72
cell_009,340,0.05285,6.97
cell_009,341,0.05259,6.43
cell_009,342,0.05257,6.39
cell_009,343,0.05236,5.96
cell_009,344,0.05278,6.83
cell_009,345,0.05262,6.49
cell_009,346,0.05316,7.59
cell_009,347,0.05251,6.28
cell_009,348,0.05279,6.84
cell_009,349,0.0531,7.47
cell_009,350,0.05315,7.56
cell_009,351,0.05265,6.56
cell_009,352,0.05282,6.91
cell_009,353,0.05264,6.53
cell_009,354,0.05308,7.43
cell_009,355,0.0525,6.26
cell_009,356,0.05249,6.24
cell_009,357,0.05337,8.01
cell_009,358,0.05342,8.11
cell_009,359,0.05319,7.65
cell_009,360,0.05339,8.06
cell_009,361,0.05328,7.84
cell_009,362,0.05267,6.6
cell_009,363,0.05261,6.49
cell_009,364,0.05325,7.77
cell_009,365,0.05304,7.36
cell_009,366,0.05335,7.99
cell_009,367,0.05353,8.34
cell_009,368,0.05279,6.84
cell_009,369,0.05303,7.32
cell_009,370,0.0528,6.86
cell_009,371,0.05338,8.04
cell_009,372,0.05319,7.65
cell_009,373,0.05317,7.61
cell_009,374,0.05328,7.83
cell_009,375,0.05346,8.21
cell_009,376,0.05337,8.02
cell_009,377,0.05323,7.74
cell_009,378,0.05329,7.86
cell_009,379,0.05315,7.58
cell_009,380,0.05323,7.74
cell_009,381,0.05314,7.55
cell_009,382,0.05359,8.46
cell_009,383,0.05308,7.43
cell_009,384,0.05357,8.42
cell_009,385,0.05296,7.2
cell_009,386,0.05287,7.0
cell_009,387,0.05327,7.81
cell_009,388,0.05366,8.6
cell_009,389,0.05315,7.57
cell_009,390,0.05291,7.09
cell_009,391,0.05294,7.15
cell_009,392,0.0536,8.48
cell_009,393,0.05299,7.26
cell_009,394,0.05316,7.6
cell_009,395,0.05327,7.81
cell_009,396,0.05379,8.87
cell_009,397,0.05373,8.76
cell_009,398,0.0532,7.67
cell_009,399,0.05352,8.32
cell_009,400,0.0537,8.69
cell_009,401,0.05356,8.41
cell_009,402,0.05329,7.86
cell_009,403,0.05339,8.07
cell_009,404,0.05325,7.76
cell_009,405,0.05349,8.26
cell_009,406,0.05323,7.73
cell_009,407,0.0535,8.27
cell_009,408,0.05344,8.16
cell_009,409,0.05358,8.44
cell_009,410,0.05379,8.87
cell_009,411,0.05345,8.17
cell_009,412,0.05345,8.18
cell_009,413,0.05369,8.67
cell_009,414,0.05362,8.52
cell_009,415,0.05324,7.76
cell_009,416,0.05389,9.07
cell_009,417,0.05386,9.01
cell_009,418,0.05383,8.95
cell_009,419,0.05337,8.02
cell_009,420,0.05358,8.44
cell_009,421,0.05355,8.38
cell_009,422,0.05329,7.86
cell_009,423,0.05403,9.35
cell_009,424,0.0539,9.09
cell_009,425,0.05375,8.78
cell_009,426,0.05416,9.61
cell_009,427,0.05381,8.9
cell_009,428,0.05417,9.64
cell_009,429,0.05407,9.44
cell_009,430,0.05341,8.09
cell_009,431,0.05337,8.02
cell_009,432,0.05341,8.1
cell_009,433,0.05328,7.83
cell_009,434,0.05409,9.48
cell_009,435,0.05424,9.79
cell_009,436,0.05394,9.17
cell_009,437,0.05403,9.36
cell_009,438,0.05428,9.85
cell_009,439,0.0542,9.71
cell_009,440,0.0538,8.88
cell_009,441,0.05403,9.36
cell_009,442,0.05361,8.49
cell_009,443,0.05415,9.6
cell_009,444,0.05406,9.41
cell_009,445,0.05413,9.55
cell_009,446,0.05344,8.16
cell_009,447,0.05425,9.81
cell_009,448,0.0535,8.28
cell_009,449,0.05431,9.92
cell_009,450,0.05387,9.03
cell_009,451,0.05431,9.92
cell_009,452,0.05388,9.06
cell_009,453,0.05434,9.99
cell_009,454,0.05363,8.55
cell_009,455,0.05437,10.04
cell_009,456,0.0542,9.7
cell_009,457,0.0545,10.3
cell_009,458,0.05438,10.05
cell_009,459,0.05417,9.64
cell_009,460,0.05379,8.86
cell_009,461,0.05395,9.19
cell_009,462,0.05403,9.36
cell_009,463,0.05377,8.82
cell_009,464,0.05441,10.13
cell_009,465,0.05457,10.44
cell_009,466,0.05408,9.46
cell_009,467,0.05394,9.17
cell_009,468,0.05437,10.04
cell_009,469,0.0539,9.08
cell_009,470,0.0544,10.1
cell_009,471,0.05435,10.0
cell_009,472,0.05455,10.4
cell_009,473,0.05395,9.2
cell_009,474,0.05382,8.94
cell_009,475,0.05445,10.21
cell_009,476,0.05449,10.28
cell_009,477,0.05444,10.18
cell_009,478,0.05432,9.94
cell_009,479,0.05437,10.04
cell_009,480,0.05391,9.11
cell_009,481,0.05425,9.8
cell_009,482,0.05425,9.8
cell_009,483,0.05381,8.9
cell_009,484,0.05443,10.16
cell_009,485,0.05395,9.2
cell_009,486,0.05469,10.69
cell_009,487,0.05433,9.96
cell_009,488,0.05395,9.19
cell_009,489,0.05428,9.86
cell_009,490,0.05465,10.61
cell_009,491,0.05469,10.69
cell_009,492,0.05404,9.36
cell_009,493,0.05467,10.64
cell_009,494,0.05459,10.49
cell_009,495,0.05465,10.6
cell_009,496,0.05462,10.55
cell_009,497,0.05403,9.34
cell_009,498,0.05441,10.12
cell_009,499,0.05409,9.48
cell_009,500,0.05419,9.68
cell_009,501,0.05455,10.41
cell_009,502,0.05477,10.84
cell_009,503,0.05491,11.13
cell_009,504,0.05411,9.51
cell_009,505,0.05429,9.88
cell_009,506,0.05497,11.26
cell_009,507,0.05497,11.25
cell_009,508,0.0543,9.9
cell_009,509,0.05442,10.14
cell_009,510,0.05466,10.63
cell_009,511,0.05413,9.56
cell_009,512,0.05446,10.22
cell_009,513,0.05455,10.41
cell_009,514,0.05469,10.69
cell_009,515,0.05462,10.54
cell_009,516,0.05417,9.63
cell_009,517,0.05492,11.16
cell_009,518,0.05497,11.26
cell_009,519,0.05505,11.42
cell_009,520,0.05504,11.4
cell_009,521,0.05495,11.21
cell_009,522,0.0545,10.29
cell_009,523,0.05469,10.7
cell_009,524,0.05434,9.98
cell_009,525,0.05479,10.89
cell_009,526,0.05431,9.92
cell_009,527,0.05493,11.18
cell_009,528,0.05514,11.6
cell_009,529,0.05515,11.63
cell_009,530,0.05452,10.34
cell_009,531,0.05493,11.17
cell_009,532,0.05472,10.76
cell_009,533,0.05505,11.41
cell_009,534,0.05498,11.28
cell_009,535,0.05529,11.9
cell_009,536,0.05473,10.78
cell_009,537,0.05533,11.98
cell_009,538,0.05509,11.5
cell_009,539,0.05523,11.78
cell_009,540,0.05513,11.59
cell_009,541,0.05529,11.9
cell_009,542,0.05458,10.47
cell_009,543,0.05449,10.28
cell_009,544,0.05492,11.15
cell_009,545,0.05505,11.42
cell_009,546,0.05496,11.24
cell_009,547,0.05515,11.62
cell_009,548,0.05464,10.58
cell_009,549,0.05503,11.39
cell_009,550,0.05458,10.47
cell_009,551,0.055,11.32
cell_009,552,0.0552,11.72
cell_009,553,0.05504,11.4
cell_009,554,0.05468,10.68
cell_009,555,0.05479,10.89
cell_009,556,0.05516,11.64
cell_009,557,0.0554,12.13
cell_009,558,0.05523,11.78
cell_009,559,0.05552,12.37
cell_009,560,0.05522,11.76
cell_009,561,0.05489,11.09
cell_009,562,0.05504,11.4
cell_009,563,0.05523,11.78
cell_009,564,0.05539,12.11
cell_009,565,0.05472,10.74
cell_009,566,0.05516,11.64
cell_009,567,0.05511,11.55
cell_009,568,0.05528,11.88
cell_009,569,0.05534,12.01
cell_009,570,0.05554,12.41
cell_009,571,0.05501,11.34
cell_009,572,0.05481,10.93
cell_009,573,0.05508,11.47
cell_009,574,0.055,11.32
cell_009,575,0.05493,11.18
cell_009,576,0.05537,12.07
cell_009,577,0.05486,11.04
cell_009,578,0.05493,11.18
cell_009,579,0.05565,12.62
cell_009,580,0.05505,11.42
cell_009,581,0.05529,11.91
cell_009,582,0.05503,11.38
cell_009,583,0.05491,11.13
cell_009,584,0.05504,11.4
cell_009,585,0.05529,11.91
cell_009,586,0.0551,11.52
cell_009,587,0.05502,11.35
cell_009,588,0.05547,12.27
cell_009,589,0.05547,12.27
cell_009,590,0.05545,12.24
cell_009,591,0.05592,13.18
cell_009,592,0.05583,13.0
cell_009,593,0.05513,11.58
cell_009,594,0.0559,13.13
cell_009,595,0.05564,12.62
cell_009,596,0.05587,13.09
cell_009,597,0.05596,13.26
cell_009,598,0.05568,12.69
cell_009,599,0.05533,11.99
cell_009,600,0.05553,12.4
cell_009,601,0.05537,12.07
cell_009,602,0.05602,13.38
cell_009,603,0.05529,11.91
cell_009,604,0.05571,12.76
cell_009,605,0.05569,12.72
cell_009,606,0.05539,12.1
cell_009,607,0.05581,12.96
cell_009,608,0.05562,12.56
cell_009,609,0.05527,11.86
cell_009,610,0.05591,13.16
cell_009,611,0.05544,12.2
cell_009,612,0.05521,11.75
cell_009,613,0.05524,11.79
cell_009,614,0.05573,12.79
cell_009,615,0.05592,13.17
cell_009,616,0.05549,12.3
cell_009,617,0.0554,12.13
cell_009,618,0.05546,12.24
cell_009,619,0.05577,12.87
cell_009,620,0.05547,12.27
cell_009,621,0.05613,13.61
cell_009,622,0.05573,12.79
cell_009,623,0.056,13.35
cell_009,624,0.05586,13.05
cell_009,625,0.05609,13.52
cell_009,626,0.05607,13.48
cell_009,627,0.05572,12.77
cell_009,628,0.05624,13.83
cell_009,629,0.05597,13.28
cell_009,630,0.05581,12.96
cell_009,631,0.05558,12.49
cell_009,632,0.05572,12.77
cell_009,633,0.05621,13.77
cell_009,634,0.0555,12.32
cell_009,635,0.05598,13.29
cell_009,636,0.05617,13.69
cell_009,637,0.0555,12.34
cell_009,638,0.05614,13.62
cell_009,639,0.05591,13.16
cell_009,640,0.05639,14.13
cell_009,641,0.05556,12.45
cell_009,642,0.05602,13.39
cell_009,643,0.05623,13.8
cell_009,644,0.05566,12.65
cell_009,645,0.05575,12.83
cell_009,646,0.05617,13.69
cell_009,647,0.05646,14.28
cell_009,648,0.05614,13.62
cell_009,649,0.05617,13.69
cell_009,650,0.05604,13.43
cell_009,651,0.05581,12.95
cell_009,652,0.05615,13.65
cell_009,653,0.05596,13.25
cell_009,654,0.05595,13.24
cell_009,655,0.05634,14.02
cell_009,656,0.05568,12.7
cell_009,657,0.05646,14.27
cell_009,658,0.05604,13.41
cell_009,659,0.05649,14.34
cell_009,660,0.05654,14.43
cell_009,661,0.05581,12.95
cell_009,662,0.05588,13.1
cell_009,663,0.05617,13.69
cell_009,664,0.05583,13.0
cell_009,665,0.05606,13.46
cell_009,666,0.05668,14.71
cell_009,667,0.05632,13.99
cell_009,668,0.05594,13.21
cell_009,669,0.0561,13.54
cell_009,670,0.05663,14.61
cell_009,671,0.05674,14.84
cell_009,672,0.05585,13.04
cell_009,673,0.05669,14.74
cell_009,674,0.05658,14.52
cell_009,675,0.05627,13.88
cell_009,676,0.0563,13.94
cell_009,677,0.05634,14.02
cell_009,678,0.05607,13.49
cell_009,679,0.056,13.34
cell_009,680,0.05654,14.44
cell_009,681,0.05672,14.8
cell_009,682,0.05668,14.72
cell_009,683,0.05671,14.78
cell_009,684,0.05671,14.77
cell_009,685,0.05692,15.21
cell_009,686,0.0569,15.15
cell_009,687,0.05691,15.19
cell_009,688,0.05673,14.81
cell_009,689,0.05688,15.12
cell_009,690,0.05602,13.38
cell_009,691,0.05661,14.58
cell_009,692,0.05649,14.32
cell_009,693,0.05681,14.97
cell_009,694,0.05628,13.9
cell_009,695,0.05649,14.33
cell_009,696,0.0567,14.75
cell_009,697,0.05644,14.24
cell_009,698,0.05705,15.47
cell_009,699,0.05678,14.93
cell_009,700,0.05658,14.51
cell_009,701,0.05696,15.27
cell_009,702,0.05711,15.58
cell_009,703,0.05657,14.49
cell_009,704,0.05678,14.93
cell_009,705,0.05618,13.7
cell_009,706,0.05691,15.19
cell_009,707,0.05712,15.6
cell_009,708,0.05621,13.77
cell_009,709,0.05651,14.38
cell_009,710,0.05631,13.97
cell_009,711,0.05697,15.31
cell_009,712,0.05658,14.51
cell_009,713,0.0566,14.56
cell_009,714,0.05666,14.67
cell_009,715,0.05714,15.65
cell_009,716,0.05682,15.01
cell_009,717,0.05713,15.64
cell_009,718,0.05706,15.48
cell_009,719,0.05669,14.74
cell_009,720,0.0572,15.77
cell_009,721,0.05692,15.2
cell_009,722,0.05696,15.28
cell_009,723,0.05673,14.83
cell_009,724,0.05677,14.91
cell_009,725,0.05698,15.32
cell_009,726,0.05658,14.51
cell_009,727,0.05667,14.69
cell_009,728,0.05665,14.66
cell_009,729,0.0565,14.36
cell_009,730,0.05704,15.44
cell_009,731,0.05708,15.52
cell_009,732,0.05647,14.29
cell_009,733,0.05746,16.29
cell_009,734,0.05732,16.02
cell_009,735,0.05708,15.53
cell_009,736,0.05723,15.83
cell_009,737,0.05726,15.89
cell_009,738,0.05655,14.46
cell_009,739,0.05699,15.34
cell_009,740,0.05725,15.86
cell_009,741,0.0574,16.17
cell_009,742,0.05686,15.08
cell_009,743,0.05738,16.14
cell_009,744,0.05717,15.71
cell_009,745,0.05751,16.39
cell_009,746,0.05693,15.23
cell_009,747,0.05711,15.58
cell_009,748,0.05672,14.8
cell_009,749,0.05727,15.91
cell_009,750,0.05691,15.18
cell_009,751,0.05721,15.79
cell_009,752,0.05765,16.68
cell_009,753,0.05712,15.62
cell_009,754,0.0574,16.17
cell_009,755,0.05724,15.85
cell_009,756,0.05673,14.81
cell_009,757,0.05763,16.65
cell_009,758,0.05738,16.13
cell_009,759,0.05709,15.54
cell_009,760,0.05707,15.51
cell_009,761,0.05767,16.73
cell_009,762,0.05743,16.23
cell_009,763,0.05705,15.47
cell_009,764,0.05713,15.63
cell_009,765,0.05737,16.12
cell_009,766,0.05769,16.77
cell_009,767,0.05727,15.92
cell_009,768,0.05749,16.36
cell_009,769,0.05743,16.23
cell_009,770,0.05756,16.5
cell_009,771,0.0576,16.59
cell_009,772,0.0575,16.37
cell_009,773,0.05751,16.4
cell_009,774,0.05751,16.39
cell_009,775,0.05757,16.51
cell_009,776,0.05773,16.84
cell_009,777,0.05751,16.39
cell_009,778,0.05745,16.28
cell_009,779,0.05781,17.0
cell_009,780,0.05726,15.9
cell_009,781,0.05726,15.9
cell_009,782,0.0579,17.19
cell_009,783,0.0576,16.58
cell_009,784,0.05727,15.91
cell_009,785,0.05789,17.17
cell_009,786,0.05797,17.33
cell_009,787,0.05761,16.6
cell_009,788,0.05749,16.36
cell_009,789,0.05772,16.82
cell_009,790,0.05745,16.28
cell_009,791,0.05777,16.92
cell_009,792,0.0578,16.99
cell_009,793,0.05727,15.9
cell_009,794,0.05723,15.83
cell_009,795,0.05723,15.83
cell_009,796,0.05804,17.48
cell_009,797,0.0577,16.79
cell_009,798,0.05724,15.85
cell_009,799,0.05732,16.02
cell_009,800,0.05817,17.74
cell_010,1,0.05182,-0.79
cell_010,2,0.05273,0.96
cell_010,3,0.05182,-0.78
cell_010,4,0.05256,0.64
cell_010,5,0.05233,0.2
cell_010,6,0.05279,1.08
cell_010,7,0.05254,0.6
cell_010,8,0.05227,0.08
cell_010,9,0.05228,0.11
cell_010,10,0.05211,-0.23
cell_010,11,0.05227,0.08
cell_010,12,0.05183,-0.76
cell_010,13,0.05202,-0.4
cell_010,14,0.05207,-0.3
cell_010,15,0.05247,0.47
cell_010,16,0.05281,1.11
cell_010,17,0.05192,-0.59
cell_010,18,0.05254,0.59
cell_010,19,0.05246,0.44
cell_010,20,0.05259,0.7
cell_010,21,0.0525,0.52
cell_010,22,0.05211,-0.22
cell_010,23,0.0526,0.72
cell_010,24,0.05288,1.25
cell_010,25,0.05272,0.93
cell_010,26,0.05209,-0.27
cell_010,27,0.05254,0.59
cell_010,28,0.05301,1.49
cell_010,29,0.05261,0.74
cell_010,30,0.05231,0.16
cell_010,31,0.05264,0.78
cell_010,32,0.05257,0.65
cell_010,33,0.05282,1.13
cell_010,34,0.0526,0.72
cell_010,35,0.05274,0.98
cell_010,36,0.05245,0.42
cell_010,37,0.05291,1.3
cell_010,38,0.05268,0.86
cell_010,39,0.05277,1.05
cell_010,40,0.05228,0.1
cell_010,41,0.05291,1.31
cell_010,42,0.05256,0.64
cell_010,43,0.05309,1.65
cell_010,44,0.05244,0.41
cell_010,45,0.05274,0.98
cell_010,46,0.05306,1.6
cell_010,47,0.05237,0.27
cell_010,48,0.05284,1.18
cell_010,49,0.05237,0.28
cell_010,50,0.05221,-0.03
cell_010,51,0.05229,0.11
cell_010,52,0.05324,1.93
cell_010,53,0.0532,1.87
cell_010,54,0.05294,1.36
cell_010,55,0.05277,1.04
cell_010,56,0.05286,1.21
cell_010,57,0.05287,1.23
cell_010,58,0.05309,1.65
cell_010,59,0.0531,1.67
cell_010,60,0.05327,2.01
cell_010,61,0.05252,0.57
cell_010,62,0.0525,0.52
cell_010,63,0.05261,0.74
cell_010,64,0.05282,1.13
cell_010,65,0.05333,2.11
cell_010,66,0.05296,1.4
cell_010,67,0.05313,1.73
cell_010,68,0.05246,0.45
cell_010,69,0.05265,0.82
cell_010,70,0.05276,1.01
cell_010,71,0.05261,0.74
cell_010,72,0.05271,0.92
cell_010,73,0.05288,1.25
cell_010,74,0.05272,0.94
cell_010,75,0.0527,0.91
cell_010,76,0.05342,2.28
cell_010,77,0.0525,0.52
cell_010,78,0.05272,0.94
cell_010,79,0.05336,2.17
cell_010,80,0.05318,1.82
cell_010,81,0.05329,2.04
cell_010,82,0.05284,1.18
cell_010,83,0.0535,2.44
cell_010,84,0.05255,0.62
cell_010,85,0.05327,1.99
cell_010,86,0.05336,2.17
cell_010,87,0.05329,2.03
cell_010,88,0.05355,2.52
cell_010,89,0.05351,2.46
cell_010,90,0.05314,1.74
cell_010,91,0.05327,1.99
cell_010,92,0.05327,1.99
cell_010,93,0.05297,1.43
cell_010,94,0.05307,1.62
cell_010,95,0.05313,1.74
cell_010,96,0.05338,2.22
cell_010,97,0.05365,2.72
cell_010,98,0.05278,1.06
cell_010,99,0.05296,1.41
cell_010,100,0.05309,1.65
cell_010,101,0.05356,2.55
cell_010,102,0.05332,2.1
cell_010,103,0.05317,1.8
cell_010,104,0.05289,1.27
cell_010,105,0.05375,2.92
cell_010,106,0.05299,1.46
cell_010,107,0.05313,1.73
cell_010,108,0.05319,1.84
cell_010,109,0.05316,1.79
cell_010,110,0.05356,2.56
cell_010,111,0.05282,1.14
cell_010,112,0.05347,2.38
cell_010,113,0.05307,1.62
cell_010,114,0.05346,2.37
cell_010,115,0.05325,1.96
cell_010,116,0.05294,1.36
cell_010,117,0.05388,3.16
cell_010,118,0.0534,2.24
cell_010,119,0.05354,2.51
cell_010,120,0.05359,2.6
cell_010,121,0.05384,3.08
cell_010,122,0.0537,2.82
cell_010,123,0.0536,2.63
cell_010,124,0.05393,3.26
cell_010,125,0.05299,1.45
cell_010,126,0.05329,2.04
cell_010,127,0.05394,3.29
cell_010,128,0.05385,3.1
cell_010,129,0.05403,3.46
cell_010,130,0.05332,2.1
cell_010,131,0.05397,3.33
cell_010,132,0.0537,2.82
cell_010,133,0.05388,3.17
cell_010,134,0.05361,2.65
cell_010,135,0.05392,3.24
cell_010,136,0.05401,3.42
cell_010,137,0.05354,2.52
cell_010,138,0.05405,3.49
cell_010,139,0.05311,1.69
cell_010,140,0.05369,2.8
cell_010,141,0.0534,2.25
cell_010,142,0.05344,2.32
cell_010,143,0.05407,3.53
cell_010,144,0.05316,1.79
cell_010,145,0.05404,3.47
cell_010,146,0.05399,3.38
cell_010,147,0.05388,3.17
cell_010,148,0.05327,1.99
cell_010,149,0.0535,2.44
cell_010,150,0.05332,2.09
cell_010,151,0.05393,3.27
cell_010,152,0.05403,3.45
cell_010,153,0.05409,3.57
cell_010,154,0.05386,3.14
cell_010,155,0.05342,2.28
cell_010,156,0.05411,3.6
cell_010,157,0.05381,3.04
cell_010,158,0.05427,3.9
cell_010,159,0.05342,2.28
cell_010,160,0.05352,2.48
cell_010,161,0.0541,3.59
cell_010,162,0.05373,2.87
cell_010,163,0.05357,2.58
cell_010,164,0.05385,3.12
cell_010,165,0.05434,4.04
cell_010,166,0.05371,2.84
cell_010,167,0.05427,3.92
cell_010,168,0.0543,3.97
cell_010,169,0.05429,3.94
cell_010,170,0.05366,2.75
cell_010,171,0.05368,2.79
cell_010,172,0.05387,3.15
cell_010,173,0.05434,4.05
cell_010,174,0.0538,3.01
cell_010,175,0.05353,2.5
cell_010,176,0.05396,3.33
cell_010,177,0.05378,2.97
cell_010,178,0.05388,3.17
cell_010,179,0.05444,4.24
cell_010,180,0.05454,4.43
cell_010,181,0.05391,3.22
cell_010,182,0.05448,4.31
cell_010,183,0.05362,2.67
cell_010,184,0.05409,3.56
cell_010,185,0.05459,4.53
cell_010,186,0.05462,4.58
cell_010,187,0.05447,4.3
cell_010,188,0.05392,3.23
cell_010,189,0.054,3.39
cell_010,190,0.05392,3.23
cell_010,191,0.0543,3.98
cell_010,192,0.05444,4.24
cell_010,193,0.05451,4.38
cell_010,194,0.05384,3.09
cell_010,195,0.05384,3.1
cell_010,196,0.05412,3.63
cell_010,197,0.05469,4.71
cell_010,198,0.05456,4.47
cell_010,199,0.05424,3.85
cell_010,200,0.05457,4.48
cell_010,201,0.05377,2.96
cell_010,202,0.05448,4.31
cell_010,203,0.0538,3.02
cell_010,204,0.05383,3.06
cell_010,205,0.05387,3.15
cell_010,206,0.05475,4.83
cell_010,207,0.0539,3.2
cell_010,208,0.05438,4.13
cell_010,209,0.05456,4.47
cell_010,210,0.05427,3.91
cell_010,211,0.05411,3.61
cell_010,212,0.05393,3.26
cell_010,213,0.05447,4.29
cell_010,214,0.05443,4.23
cell_010,215,0.05402,3.44
cell_010,216,0.05456,4.47
cell_010,217,0.05484,5.01
cell_010,218,0.05438,4.13
cell_010,219,0.05469,4.72
cell_010,220,0.05427,3.91
cell_010,221,0.05493,5.18
cell_010,222,0.05431,3.99
cell_010,223,0.05457,4.49
cell_010,224,0.05498,5.28
cell_010,225,0.05483,4.98
cell_010,226,0.05465,4.64
cell_010,227,0.0541,3.59
cell_010,228,0.05442,4.21
cell_010,229,0.05409,3.57
cell_010,230,0.05448,4.32
cell_010,231,0.05485,5.02
cell_010,232,0.05488,5.08
cell_010,233,0.05509,5.47
cell_010,234,0.05436,4.08
cell_010,235,0.05435,4.06
cell_010,236,0.05482,4.96
cell_010,237,0.05517,5.63
cell_010,238,0.05454,4.43
cell_010,239,0.05479,4.92
cell_010,240,0.05512,5.53
cell_010,241,0.05472,4.78
cell_010,242,0.05436,4.09
cell_010,243,0.05425,3.87
cell_010,244,0.05505,5.41
cell_010,245,0.0551,5.5
cell_010,246,0.05481,4.94
cell_010,247,0.05442,4.19
cell_010,248,0.05442,4.2
cell_010,249,0.05468,4.71
cell_010,250,0.05527,5.82
cell_010,251,0.05515,5.59
cell_010,252,0.05478,4.9
cell_010,253,0.05479,4.91
cell_010,254,0.05434,4.04
cell_010,255,0.05457,4.5
cell_010,256,0.05514,5.57
cell_010,257,0.05481,4.95
cell_010,258,0.05446,4.28
cell_010,259,0.05447,4.3
cell_010,260,0.05499,5.3
cell_010,261,0.05514,5.57
cell_010,262,0.05462,4.58
cell_010,263,0.05508,5.47
cell_010,264,0.05461,4.56
cell_010,265,0.05521,5.72
cell_010,266,0.05524,5.77
cell_010,267,0.05525,5.78
cell_010,268,0.0554,6.07
cell_010,269,0.05466,4.66
cell_010,270,0.05489,5.1
cell_010,271,0.05527,5.83
cell_010,272,0.05472,4.77
cell_010,273,0.05492,5.16
cell_010,274,0.05483,4.99
cell_010,275,0.05501,5.32
cell_010,276,0.05559,6.44
cell_010,277,0.05505,5.41
cell_010,278,0.05522,5.73
cell_010,279,0.05517,5.63
cell_010,280,0.0555,6.27
cell_010,281,0.05505,5.41
cell_010,282,0.05537,6.02
cell_010,283,0.05493,5.18
cell_010,284,0.05488,5.08
cell_010,285,0.05483,4.98
cell_010,286,0.05485,5.02
cell_010,287,0.05473,4.79
cell_010,288,0.05542,6.12
cell_010,289,0.05523,5.76
cell_010,290,0.0553,5.89
cell_010,291,0.0553,5.89
cell_010,292,0.0551,5.49
cell_010,293,0.05498,5.27
cell_010,294,0.05539,6.07
cell_010,295,0.05512,5.55
cell_010,296,0.0558,6.84
cell_010,297,0.0556,6.45
cell_010,298,0.05576,6.76
cell_010,299,0.05506,5.42
cell_010,300,0.05563,6.52
cell_010,301,0.05493,5.18
cell_010,302,0.05489,5.1
cell_010,303,0.05503,5.37
cell_010,304,0.05505,5.4
cell_010,305,0.05575,6.75
cell_010,306,0.05509,5.48
cell_010,307,0.05558,6.41
cell_010,308,0.05514,5.58
cell_010,309,0.05535,5.99
cell_010,310,0.05544,6.15
cell_010,311,0.05561,6.47
cell_010,312,0.05581,6.87
cell_010,313,0.05588,7.0
cell_010,314,0.0557,6.66
cell_010,315,0.05541,6.09
cell_010,316,0.05563,6.52
cell_010,317,0.056,7.23
cell_010,318,0.05555,6.36
cell_010,319,0.05585,6.94
cell_010,320,0.05606,7.34
cell_010,321,0.05604,7.3
cell_010,322,0.05599,7.21
cell_010,323,0.05609,7.39
cell_010,324,0.05577,6.79
cell_010,325,0.05553,6.33
cell_010,326,0.05554,6.34
cell_010,327,0.05534,5.96
cell_010,328,0.05539,6.06
cell_010,329,0.05517,5.63
cell_010,330,0.05606,7.34
cell_010,331,0.05612,7.45
cell_010,332,0.05612,7.46
cell_010,333,0.05531,5.91
cell_010,334,0.05563,6.51
cell_010,335,0.05563,6.51
cell_010,336,0.05567,6.59
cell_010,337,0.05564,6.54
cell_010,338,0.05624,7.69
cell_010,339,0.05627,7.74
cell_010,340,0.05598,7.18
cell_010,341,0.05547,6.21
cell_010,342,0.05632,7.83
cell_010,343,0.05532,5.92
cell_010,344,0.05563,6.51
cell_010,345,0.0559,7.04
cell_010,346,0.05587,6.97
cell_010,347,0.05632,7.84
cell_010,348,0.05571,6.68
cell_010,349,0.05598,7.18
cell_010,350,0.05611,7.44
cell_010,351,0.05616,7.54
cell_010,352,0.05589,7.01
cell_010,353,0.05586,6.95
cell_010,354,0.05568,6.62
cell_010,355,0.05561,6.48
cell_010,356,0.05573,6.72
cell_010,357,0.05568,6.61
cell_010,358,0.05609,7.39
cell_010,359,0.05614,7.5
cell_010,360,0.05566,6.58
cell_010,361,0.05595,7.13
cell_010,362,0.05631,7.82
cell_010,363,0.05634,7.87
cell_010,364,0.05606,7.34
cell_010,365,0.05627,7.74
cell_010,366,0.05566,6.57
cell_010,367,0.05635,7.89
cell_010,368,0.05599,7.2
cell_010,369,0.05588,7.0
cell_010,370,0.0565,8.18
cell_010,371,0.05608,7.38
cell_010,372,0.05617,7.55
cell_010,373,0.05633,7.85
cell_010,374,0.05619,7.59
cell_010,375,0.05595,7.12
cell_010,376,0.05636,7.92
cell_010,377,0.05652,8.21
cell_010,378,0.05586,6.95
cell_010,379,0.05623,7.67
cell_010,380,0.05669,8.55
cell_010,381,0.0566,8.37
cell_010,382,0.05584,6.91
cell_010,383,0.05616,7.54
cell_010,384,0.05659,8.36
cell_010,385,0.05601,7.23
cell_010,386,0.0568,8.76
cell_010,387,0.05612,7.45
cell_010,388,0.05609,7.39
cell_010,389,0.05628,7.76
cell_010,390,0.0568,8.76
cell_010,391,0.05674,8.64
cell_010,392,0.05662,8.4
cell_010,393,0.05623,7.67
cell_010,394,0.05594,7.12
cell_010,395,0.05674,8.65
cell_010,396,0.05632,7.83
cell_010,397,0.05655,8.28
cell_010,398,0.05642,8.03
cell_010,399,0.05677,8.7
cell_010,400,0.056,7.22
cell_010,401,0.05651,8.2
cell_010,402,0.05596,7.15
cell_010,403,0.05626,7.73
cell_010,404,0.05609,7.39
cell_010,405,0.05647,8.12
cell_010,406,0.0563,7.81
cell_010,407,0.05642,8.03
cell_010,408,0.0567,8.56
cell_010,409,0.05705,9.23
cell_010,410,0.05665,8.47
cell_010,411,0.0562,7.61
cell_010,412,0.05698,9.11
cell_010,413,0.05666,8.48
cell_010,414,0.05646,8.11
cell_010,415,0.05687,8.88
cell_010,416,0.05641,8.01
cell_010,417,0.05703,9.21
cell_010,418,0.05708,9.28
cell_010,419,0.05663,8.43
cell_010,420,0.05622,7.64
cell_010,421,0.05685,8.84
cell_010,422,0.05668,8.53
cell_010,423,0.0566,8.38
cell_010,424,0.05722,9.56
cell_010,425,0.05652,8.23
cell_010,426,0.05707,9.27
cell_010,427,0.05692,8.99
cell_010,428,0.05641,8.02
cell_010,429,0.05712,9.37
cell_010,430,0.05716,9.45
cell_010,431,0.05631,7.82
cell_010,432,0.05634,7.88
cell_010,433,0.0564,7.99
cell_010,434,0.0572,9.51
cell_010,435,0.05658,8.33
cell_010,436,0.05655,8.28
cell_010,437,0.05682,8.79
cell_010,438,0.05667,8.51
cell_010,439,0.05697,9.09
cell_010,440,0.05741,9.92
cell_010,441,0.05722,9.56
cell_010,442,0.05686,8.87
cell_010,443,0.05721,9.54
cell_010,444,0.05665,8.47
cell_010,445,0.05718,9.48
cell_010,446,0.05676,8.68
cell_010,447,0.05742,9.95
cell_010,448,0.05659,8.36
cell_010,449,0.05722,9.57
cell_010,450,0.05665,8.46
cell_010,451,0.05754,10.18
cell_010,452,0.05729,9.69
cell_010,453,0.05756,10.22
cell_010,454,0.05739,9.89
cell_010,455,0.0572,9.53
cell_010,456,0.05711,9.34
cell_010,457,0.0571,9.34
cell_010,458,0.05742,9.95
cell_010,459,0.05707,9.28
cell_010,460,0.05697,9.08
cell_010,461,0.05704,9.21
cell_010,462,0.05758,10.26
cell_010,463,0.05735,9.8
cell_010,464,0.05687,8.9
cell_010,465,0.05736,9.83
cell_010,466,0.05726,9.64
cell_010,467,0.05709,9.32
cell_010,468,0.05737,9.84
cell_010,469,0.05766,10.41
cell_010,470,0.05724,9.6
cell_010,471,0.05736,9.83
cell_010,472,0.0577,10.48
cell_010,473,0.05685,8.86
cell_010,474,0.05765,10.39
cell_010,475,0.05758,10.24
cell_010,476,0.05751,10.12
cell_010,477,0.05732,9.76
cell_010,478,0.05759,10.26
cell_010,479,0.0576,10.3
cell_010,480,0.05763,10.35
cell_010,481,0.05775,10.58
cell_010,482,0.05745,10.0
cell_010,483,0.05713,9.38
cell_010,484,0.05725,9.62
cell_010,485,0.05723,9.59
cell_010,486,0.0571,9.32
cell_010,487,0.05742,9.95
cell_010,488,0.05762,10.33
cell_010,489,0.05704,9.22
cell_010,490,0.0579,10.87
cell_010,491,0.05712,9.36
cell_010,492,0.05732,9.76
cell_010,493,0.05738,9.87
cell_010,494,0.05732,9.76
cell_010,495,0.05772,10.51
cell_010,496,0.05756,10.22
cell_010,497,0.05801,11.08
cell_010,498,0.05791,10.87
cell_010,499,0.05776,10.59
cell_010,500,0.05784,10.75
cell_010,501,0.05759,10.27
cell_010,502,0.05788,10.83
cell_010,503,0.058,11.04
cell_010,504,0.05748,10.06
cell_010,505,0.05783,10.73
cell_010,506,0.05749,10.07
cell_010,507,0.05803,11.1
cell_010,508,0.05724,9.6
cell_010,509,0.05788,10.82
cell_010,510,0.05815,11.35
cell_010,511,0.0582,11.43
cell_010,512,0.05778,10.64
cell_010,513,0.05799,11.03
cell_010,514,0.0573,9.71
cell_010,515,0.05735,9.81
cell_010,516,0.05812,11.28
cell_010,517,0.05825,11.53
cell_010,518,0.05765,10.38
cell_010,519,0.058,11.05
cell_010,520,0.05816,11.37
cell_010,521,0.05826,11.55
cell_010,522,0.05797,11.0
cell_010,523,0.05796,10.98
cell_010,524,0.0575,10.09
cell_010,525,0.05807,11.19
cell_010,526,0.05793,10.92
cell_010,527,0.05829,11.62
cell_010,528,0.05802,11.09
cell_010,529,0.05781,10.68
cell_010,530,0.05822,11.47
cell_010,531,0.05788,10.83
cell_010,532,0.05818,11.41
cell_010,533,0.05836,11.74
cell_010,534,0.05831,11.64
cell_010,535,0.05754,10.17
cell_010,536,0.05747,10.03
cell_010,537,0.05753,10.16
cell_010,538,0.05774,10.56
cell_010,539,0.05853,12.06
cell_010,540,0.05783,10.73
cell_010,541,0.05758,10.24
cell_010,542,0.05774,10.56
cell_010,543,0.05769,10.47
cell_010,544,0.05763,10.35
cell_010,545,0.05815,11.34
cell_010,546,0.05773,10.53
cell_010,547,0.058,11.06
cell_010,548,0.05809,11.23
cell_010,549,0.05818,11.39
cell_010,550,0.05816,11.36
cell_010,551,0.05829,11.61
cell_010,552,0.05853,12.08
cell_010,553,0.05865,12.3
cell_010,554,0.05828,11.58
cell_010,555,0.05858,12.17
cell_010,556,0.05865,12.31
cell_010,557,0.05789,10.85
cell_010,558,0.05774,10.56
cell_010,559,0.05864,12.27
cell_010,560,0.0578,10.66
cell_010,561,0.05861,12.22
cell_010,562,0.05786,10.79
cell_010,563,0.05845,11.91
cell_010,564,0.05866,12.31
cell_010,565,0.05796,10.98
cell_010,566,0.05826,11.55
cell_010,567,0.0582,11.44
cell_010,568,0.05826,11.55
cell_010,569,0.05873,12.45
cell_010,570,0.05795,10.95
cell_010,571,0.05848,11.96
cell_010,572,0.0589,12.78
cell_010,573,0.05837,11.76
cell_010,574,0.05849,11.99
cell_010,575,0.05862,12.24
cell_010,576,0.05826,11.56
cell_010,577,0.05866,12.32
cell_010,578,0.05861,12.22
cell_010,579,0.05855,12.11
cell_010,580,0.05809,11.23
cell_010,581,0.05888,12.74
cell_010,582,0.05835,11.73
cell_010,583,0.0581,11.24
cell_010,584,0.05829,11.61
cell_010,585,0.05853,12.07
cell_010,586,0.05822,11.47
cell_010,587,0.05874,12.48
cell_010,588,0.05864,12.28
cell_010,589,0.05858,12.17
cell_010,590,0.05894,12.85
cell_010,591,0.05821,11.46
cell_010,592,0.05883,12.64
cell_010,593,0.05863,12.26
cell_010,594,0.05889,12.76
cell_010,595,0.05819,11.42
cell_010,596,0.05889,12.76
cell_010,597,0.05888,12.74
cell_010,598,0.05849,11.99
cell_010,599,0.05822,11.47
cell_010,600,0.05871,12.42
cell_010,601,0.05895,12.87
cell_010,602,0.05877,12.53
cell_010,603,0.05911,13.18
cell_010,604,0.0585,12.02
cell_010,605,0.05836,11.75
cell_010,606,0.05842,11.85
cell_010,607,0.05885,12.67
cell_010,608,0.05891,12.79
cell_010,609,0.05905,13.06
cell_010,610,0.05863,12.25
cell_010,611,0.05917,13.3
cell_010,612,0.05935,13.63
cell_010,613,0.05834,11.7
cell_010,614,0.05902,13.0
cell_010,615,0.05906,13.08
cell_010,616,0.05848,11.97
cell_010,617,0.05908,13.13
cell_010,618,0.05839,11.79
cell_010,619,0.05856,12.12
cell_010,620,0.05897,12.91
cell_010,621,0.0592,13.36
cell_010,622,0.05913,13.23
cell_010,623,0.05918,13.31
cell_010,624,0.05873,12.46
cell_010,625,0.0589,12.77
cell_010,626,0.05892,12.82
cell_010,627,0.05872,12.44
cell_010,628,0.0587,12.39
cell_010,629,0.05922,13.39
cell_010,630,0.05874,12.46
cell_010,631,0.05855,12.1
cell_010,632,0.05927,13.48
cell_010,633,0.05925,13.46
cell_010,634,0.0594,13.74
cell_010,635,0.05873,12.45
cell_010,636,0.05899,12.95
cell_010,637,0.05878,12.54
cell_010,638,0.05919,13.33
cell_010,639,0.05938,13.69
cell_010,640,0.0593,13.55
cell_010,641,0.0592,13.34
cell_010,642,0.05945,13.82
cell_010,643,0.05874,12.48
cell_010,644,0.05953,13.98
cell_010,645,0.05902,13.0
cell_010,646,0.05881,12.61
cell_010,647,0.0593,13.55
cell_010,648,0.05953,13.98
cell_010,649,0.05904,13.05
cell_010,650,0.05931,13.55
cell_010,651,0.05944,13.8
cell_010,652,0.05912,13.21
cell_010,653,0.05975,14.4
cell_010,654,0.05978,14.47
cell_010,655,0.05973,14.36
cell_010,656,0.05952,13.97
cell_010,657,0.05956,14.04
cell_010,658,0.05943,13.79
cell_010,659,0.05968,14.27
cell_010,660,0.05902,13.0
cell_010,661,0.05954,14.0
cell_010,662,0.05919,13.34
cell_010,663,0.05963,14.18
cell_010,664,0.05931,13.56
cell_010,665,0.05995,14.78
cell_010,666,0.05939,13.72
cell_010,667,0.05945,13.84
cell_010,668,0.05902,13.01
cell_010,669,0.05947,13.86
cell_010,670,0.05983,14.56
cell_010,671,0.05922,13.38
cell_010,672,0.06,14.89
cell_010,673,0.05949,13.91
cell_010,674,0.05905,13.06
cell_010,675,0.05951,13.94
cell_010,676,0.05949,13.9
cell_010,677,0.05988,14.65
cell_010,678,0.05948,13.88
cell_010,679,0.05979,14.48
cell_010,680,0.05929,13.53
cell_010,681,0.05929,13.52
cell_010,682,0.05975,14.41
cell_010,683,0.05966,14.22
cell_010,684,0.05934,13.62
cell_010,685,0.05964,14.19
cell_010,686,0.05997,14.83
cell_010,687,0.05944,13.81
cell_010,688,0.06005,14.97
cell_010,689,0.06021,15.28
cell_010,690,0.05944,13.81
cell_010,691,0.06001,14.91
cell_010,692,0.06012,15.11
cell_010,693,0.05969,14.28
cell_010,694,0.06016,15.19
cell_010,695,0.05931,13.57
cell_010,696,0.05997,14.83
cell_010,697,0.05962,14.16
cell_010,698,0.05969,14.29
cell_010,699,0.05952,13.96
cell_010,700,0.06026,15.37
cell_010,701,0.05949,13.91
cell_010,702,0.05968,14.27
cell_010,703,0.05972,14.35
cell_010,704,0.06018,15.24
cell_010,705,0.05981,14.52
cell_010,706,0.06011,15.09
cell_010,707,0.06025,15.35
cell_010,708,0.06018,15.22
cell_010,709,0.05945,13.83
cell_010,710,0.05991,14.72
cell_010,711,0.06002,14.91
cell_010,712,0.05965,14.21
cell_010,713,0.05978,14.47
cell_010,714,0.05969,14.29
cell_010,715,0.06008,15.03
cell_010,716,0.06013,15.14
cell_010,717,0.06003,14.95
cell_010,718,0.06036,15.58
cell_010,719,0.06028,15.43
cell_010,720,0.05955,14.02
cell_010,721,0.06035,15.55
cell_010,722,0.05996,14.81
cell_010,723,0.06028,15.42
cell_010,724,0.06012,15.12
cell_010,725,0.06018,15.22
cell_010,726,0.06035,15.56
cell_010,727,0.06053,15.89
cell_010,728,0.06022,15.3
cell_010,729,0.06045,15.74
cell_010,730,0.06013,15.14
cell_010,731,0.05998,14.84
cell_010,732,0.06068,16.18
cell_010,733,0.06034,15.53
cell_010,734,0.05971,14.33
cell_010,735,0.06068,16.19
cell_010,736,0.06055,15.94
cell_010,737,0.0599,14.7
cell_010,738,0.06034,15.53
cell_010,739,0.05977,14.45
cell_010,740,0.06057,15.98
cell_010,741,0.05983,14.56
cell_010,742,0.06023,15.32
cell_010,743,0.05995,14.79
cell_010,744,0.0608,16.41
cell_010,745,0.06007,15.02
cell_010,746,0.06071,16.24
cell_010,747,0.06004,14.95
cell_010,748,0.06017,15.21
cell_010,749,0.06084,16.5
cell_010,750,0.0604,15.65
cell_010,751,0.06012,15.1
cell_010,752,0.05996,14.81
cell_010,753,0.06005,14.98
cell_010,754,0.06001,14.9
cell_010,755,0.06029,15.43
cell_010,756,0.06039,15.62
cell_010,757,0.06098,16.75
cell_010,758,0.0605,15.85
cell_010,759,0.06099,16.77
cell_010,760,0.0602,15.27
cell_010,761,0.06094,16.67
cell_010,762,0.06044,15.72
cell_010,763,0.0603,15.46
cell_010,764,0.06025,15.36
cell_010,765,0.06097,16.74
cell_010,766,0.06075,16.33
cell_010,767,0.06045,15.74
cell_010,768,0.06068,16.19
cell_010,769,0.06015,15.18
cell_010,770,0.06024,15.35
cell_010,771,0.06061,16.05
cell_010,772,0.06061,16.04
cell_010,773,0.06089,16.58
cell_010,774,0.06072,16.26
cell_010,775,0.06087,16.55
cell_010,776,0.06057,15.97
cell_010,777,0.06026,15.39
cell_010,778,0.06046,15.76
cell_010,779,0.061,16.8
cell_010,780,0.06106,16.91
cell_010,781,0.06051,15.86
cell_010,782,0.06058,15.99
cell_010,783,0.06114,17.08
cell_010,784,0.06062,16.07
cell_010,785,0.06131,17.38
cell_010,786,0.06075,16.32
cell_010,787,0.06077,16.35
cell_010,788,0.0611,16.99
cell_010,789,0.061,16.79
cell_010,790,0.06071,16.23
cell_010,791,0.06073,16.27
cell_010,792,0.0611,16.99
cell_010,793,0.06128,17.33
cell_010,794,0.06101,16.81
cell_010,795,0.06088,16.56
cell_010,796,0.06071,16.25
cell_010,797,0.06143,17.63
cell_010,798,0.06115,17.09
cell_010,799,0.06048,15.8
cell_010,800,0.06146,17.68
