cell_id,cycle,capacity_ah,capacity_pct,temperature_c,charge_rate_c,discharge_rate_c
cell_001,1,1.9683,98.36,23.6,1.5,2.0
cell_001,2,2.0292,101.4,23.6,1.5,2.0
cell_001,3,1.9862,99.26,23.6,1.5,2.0
cell_001,4,1.9929,99.59,23.6,1.5,2.0
cell_001,5,1.9855,99.22,23.6,1.5,2.0
cell_001,6,2.0369,101.79,23.6,1.5,2.0
cell_001,7,2.0337,101.63,23.6,1.5,2.0
cell_001,8,2.0311,101.5,23.6,1.5,2.0
cell_001,9,1.9651,98.2,23.6,1.5,2.0
cell_001,10,2.0179,100.84,23.6,1.5,2.0
cell_001,11,1.9837,99.13,23.6,1.5,2.0
cell_001,12,1.9744,98.67,23.6,1.5,2.0
cell_001,13,1.9892,99.4,23.6,1.5,2.0
cell_001,14,1.9657,98.23,23.6,1.5,2.0
cell_001,15,2.0148,100.69,23.6,1.5,2.0
cell_001,16,1.9865,99.27,23.6,1.5,2.0
cell_001,17,1.9646,98.17,23.6,1.5,2.0
cell_001,18,1.9923,99.56,23.6,1.5,2.0
cell_001,19,1.9739,98.64,23.6,1.5,2.0
cell_001,20,1.9867,99.28,23.6,1.5,2.0
cell_001,21,2.0258,101.24,23.6,1.5,2.0
cell_001,22,1.9812,99.0,23.6,1.5,2.0
cell_001,23,1.997,99.79,23.6,1.5,2.0
cell_001,24,1.9577,97.83,23.6,1.5,2.0
cell_001,25,1.9582,97.85,23.6,1.5,2.0
cell_001,26,1.9978,99.84,23.6,1.5,2.0
cell_001,27,2.0027,100.08,23.6,1.5,2.0
cell_001,28,1.9907,99.48,23.6,1.5,2.0
cell_001,29,2.0075,100.32,23.6,1.5,2.0
cell_001,30,2.0023,100.06,23.6,1.5,2.0
cell_001,31,2.0241,101.15,23.6,1.5,2.0
cell_001,32,2.0002,99.96,23.6,1.5,2.0
cell_001,33,2.0192,100.9,23.6,1.5,2.0
cell_001,34,1.9817,99.03,23.6,1.5,2.0
cell_001,35,2.0224,101.06,23.6,1.5,2.0
cell_001,36,1.9606,97.97,23.6,1.5,2.0
cell_001,37,2.0041,100.15,23.6,1.5,2.0
cell_001,38,1.9685,98.37,23.6,1.5,2.0
cell_001,39,2.0,99.95,23.6,1.5,2.0
cell_001,40,1.9743,98.66,23.6,1.5,2.0
cell_001,41,1.9665,98.27,23.6,1.5,2.0
cell_001,42,2.0083,100.36,23.6,1.5,2.0
cell_001,43,1.9615,98.02,23.6,1.5,2.0
cell_001,44,2.0216,101.02,23.6,1.5,2.0
cell_001,45,2.0187,100.88,23.6,1.5,2.0
cell_001,46,1.9966,99.77,23.6,1.5,2.0
cell_001,47,1.9465,97.27,23.6,1.5,2.0
cell_001,48,1.9742,98.65,23.6,1.5,2.0
cell_001,49,1.9673,98.31,23.6,1.5,2.0
cell_001,50,1.9925,99.57,23.6,1.5,2.0
cell_001,51,1.9557,97.73,23.6,1.5,2.0
cell_001,52,2.0187,100.88,23.6,1.5,2.0
cell_001,53,1.9734,98.62,23.6,1.5,2.0
cell_001,54,1.9903,99.46,23.6,1.5,2.0
cell_001,55,2.0169,100.79,23.6,1.5,2.0
cell_001,56,1.9999,99.94,23.6,1.5,2.0
cell_001,57,2.0153,100.71,23.6,1.5,2.0
cell_001,58,1.9858,99.23,23.6,1.5,2.0
cell_001,59,1.9643,98.16,23.6,1.5,2.0
cell_001,60,2.0042,100.16,23.6,1.5,2.0
cell_001,61,2.0122,100.55,23.6,1.5,2.0
cell_001,62,1.9642,98.15,23.6,1.5,2.0
cell_001,63,1.9818,99.04,23.6,1.5,2.0
cell_001,64,1.9911,99.5,23.6,1.5,2.0
cell_001,65,1.9623,98.06,23.6,1.5,2.0
cell_001,66,1.9513,97.51,23.6,1.5,2.0
cell_001,67,1.9953,99.71,23.6,1.5,2.0
cell_001,68,1.995,99.7,23.6,1.5,2.0
cell_001,69,1.9504,97.46,23.6,1.5,2.0
cell_001,70,1.9792,98.91,23.6,1.5,2.0
cell_001,71,2.0059,100.24,23.6,1.5,2.0
cell_001,72,2.01,100.45,23.6,1.5,2.0
cell_001,73,1.9774,98.82,23.6,1.5,2.0
cell_001,74,1.9737,98.63,23.6,1.5,2.0
cell_001,75,1.9721,98.55,23.6,1.5,2.0
cell_001,76,1.9871,99.3,23.6,1.5,2.0
cell_001,77,1.999,99.9,23.6,1.5,2.0
cell_001,78,1.9437,97.13,23.6,1.5,2.0
cell_001,79,1.9592,97.91,23.6,1.5,2.0
cell_001,80,1.9741,98.65,23.6,1.5,2.0
cell_001,81,2.0076,100.33,23.6,1.5,2.0
cell_001,82,1.9682,98.36,23.6,1.5,2.0
cell_001,83,1.942,97.05,23.6,1.5,2.0
cell_001,84,1.9736,98.62,23.6,1.5,2.0
cell_001,85,2.0043,100.16,23.6,1.5,2.0
cell_001,86,1.9774,98.82,23.6,1.5,2.0
cell_001,87,2.0104,100.47,23.6,1.5,2.0
cell_001,88,1.982,99.04,23.6,1.5,2.0
cell_001,89,1.966,98.25,23.6,1.5,2.0
cell_001,90,1.9734,98.61,23.6,1.5,2.0
cell_001,91,1.9882,99.36,23.6,1.5,2.0
cell_001,92,1.9598,97.93,23.6,1.5,2.0
cell_001,93,1.9367,96.78,23.6,1.5,2.0
cell_001,94,1.9323,96.56,23.6,1.5,2.0
cell_001,95,1.9458,97.24,23.6,1.5,2.0
cell_001,96,1.9617,98.03,23.6,1.5,2.0
cell_001,97,1.9702,98.46,23.6,1.5,2.0
cell_001,98,1.9769,98.79,23.6,1.5,2.0
cell_001,99,1.9906,99.47,23.6,1.5,2.0
cell_001,100,1.9565,97.77,23.6,1.5,2.0
cell_001,101,1.9649,98.19,23.6,1.5,2.0
cell_001,102,1.9757,98.73,23.6,1.5,2.0
cell_001,103,1.9866,99.28,23.6,1.5,2.0
cell_001,104,1.9465,97.27,23.6,1.5,2.0
cell_001,105,1.9871,99.3,23.6,1.5,2.0
cell_001,106,2.0046,100.17,23.6,1.5,2.0
cell_001,107,1.9602,97.95,23.6,1.5,2.0
cell_001,108,1.9933,99.61,23.6,1.5,2.0
cell_001,109,1.9647,98.18,23.6,1.5,2.0
cell_001,110,1.9749,98.69,23.6,1.5,2.0
cell_001,111,1.943,97.1,23.6,1.5,2.0
cell_001,112,1.9825,99.07,23.6,1.5,2.0
cell_001,113,1.992,99.55,23.6,1.5,2.0
cell_001,114,1.9242,96.16,23.6,1.5,2.0
cell_001,115,1.9576,97.83,23.6,1.5,2.0
cell_001,116,1.9987,99.88,23.6,1.5,2.0
cell_001,117,1.9577,97.83,23.6,1.5,2.0
cell_001,118,1.9385,96.87,23.6,1.5,2.0
cell_001,119,1.9786,98.88,23.6,1.5,2.0
cell_001,120,1.944,97.14,23.6,1.5,2.0
cell_001,121,1.9265,96.27,23.6,1.5,2.0
cell_001,122,1.9524,97.56,23.6,1.5,2.0
cell_001,123,1.9975,99.82,23.6,1.5,2.0
cell_001,124,1.988,99.35,23.6,1.5,2.0
cell_001,125,1.9575,97.82,23.6,1.5,2.0
cell_001,126,1.9199,95.94,23.6,1.5,2.0
cell_001,127,1.9181,95.85,23.6,1.5,2.0
cell_001,128,1.938,96.85,23.6,1.5,2.0
cell_001,129,1.957,97.8,23.6,1.5,2.0
cell_001,130,1.9412,97.01,23.6,1.5,2.0
cell_001,131,1.9784,98.87,23.6,1.5,2.0
cell_001,132,1.9901,99.45,23.6,1.5,2.0
cell_001,133,1.9481,97.35,23.6,1.5,2.0
cell_001,134,1.9552,97.71,23.6,1.5,2.0
cell_001,135,1.9283,96.36,23.6,1.5,2.0
cell_001,136,1.9481,97.35,23.6,1.5,2.0
cell_001,137,1.9653,98.21,23.6,1.5,2.0
cell_001,138,1.9137,95.63,23.6,1.5,2.0
cell_001,139,1.9596,97.93,23.6,1.5,2.0
cell_001,140,1.9854,99.22,23.6,1.5,2.0
cell_001,141,1.9418,97.04,23.6,1.5,2.0
cell_001,142,1.9573,97.81,23.6,1.5,2.0
cell_001,143,1.9505,97.47,23.6,1.5,2.0
cell_001,144,1.9615,98.02,23.6,1.5,2.0
cell_001,145,1.9695,98.42,23.6,1.5,2.0
cell_001,146,1.9277,96.33,23.6,1.5,2.0
cell_001,147,1.9259,96.24,23.6,1.5,2.0
cell_001,148,1.9743,98.66,23.6,1.5,2.0
cell_001,149,1.9477,97.33,23.6,1.5,2.0
cell_001,150,1.9418,97.03,23.6,1.5,2.0
cell_001,151,1.9151,95.7,23.6,1.5,2.0
cell_001,152,1.957,97.8,23.6,1.5,2.0
cell_001,153,1.9616,98.03,23.6,1.5,2.0
cell_001,154,1.9642,98.15,23.6,1.5,2.0
cell_001,155,1.966,98.25,23.6,1.5,2.0
cell_001,156,1.9448,97.18,23.6,1.5,2.0
cell_001,157,1.9118,95.54,23.6,1.5,2.0
cell_001,158,1.963,98.1,23.6,1.5,2.0
cell_001,159,1.9474,97.32,23.6,1.5,2.0
cell_001,160,1.9427,97.08,23.6,1.5,2.0
cell_001,161,1.9136,95.63,23.6,1.5,2.0
cell_001,162,1.9103,95.46,23.6,1.5,2.0
cell_001,163,1.9273,96.31,23.6,1.5,2.0
cell_001,164,1.9552,97.71,23.6,1.5,2.0
cell_001,165,1.9211,96.0,23.6,1.5,2.0
cell_001,166,1.9248,96.18,23.6,1.5,2.0
cell_001,167,1.9803,98.96,23.6,1.5,2.0
cell_001,168,1.9672,98.3,23.6,1.5,2.0
cell_001,169,1.9466,97.28,23.6,1.5,2.0
cell_001,170,1.9222,96.06,23.6,1.5,2.0
cell_001,171,1.931,96.5,23.6,1.5,2.0
cell_001,172,1.9638,98.13,23.6,1.5,2.0
cell_001,173,1.968,98.35,23.6,1.5,2.0
cell_001,174,1.9291,96.4,23.6,1.5,2.0
cell_001,175,1.9353,96.71,23.6,1.5,2.0
cell_001,176,1.9361,96.75,23.6,1.5,2.0
cell_001,177,1.9668,98.28,23.6,1.5,2.0
cell_001,178,1.9705,98.47,23.6,1.5,2.0
cell_001,179,1.9025,95.07,23.6,1.5,2.0
cell_001,180,1.9224,96.07,23.6,1.5,2.0
cell_001,181,1.9248,96.19,23.6,1.5,2.0
cell_001,182,1.9046,95.18,23.6,1.5,2.0
cell_001,183,1.9081,95.35,23.6,1.5,2.0
cell_001,184,1.9585,97.87,23.6,1.5,2.0
cell_001,185,1.933,96.59,23.6,1.5,2.0
cell_001,186,1.9396,96.93,23.6,1.5,2.0
cell_001,187,1.9332,96.61,23.6,1.5,2.0
cell_001,188,1.9369,96.79,23.6,1.5,2.0
cell_001,189,1.9582,97.86,23.6,1.5,2.0
cell_001,190,1.917,95.8,23.6,1.5,2.0
cell_001,191,1.9393,96.91,23.6,1.5,2.0
cell_001,192,1.9162,95.76,23.6,1.5,2.0
cell_001,193,1.9215,96.02,23.6,1.5,2.0
cell_001,194,1.9021,95.05,23.6,1.5,2.0
cell_001,195,1.9209,95.99,23.6,1.5,2.0
cell_001,196,1.9445,97.17,23.6,1.5,2.0
cell_001,197,1.9289,96.39,23.6,1.5,2.0
cell_001,198,1.9393,96.91,23.6,1.5,2.0
cell_001,199,1.9227,96.08,23.6,1.5,2.0
cell_001,200,1.9578,97.84,23.6,1.5,2.0
cell_001,201,1.9442,97.15,23.6,1.5,2.0
cell_001,202,1.9378,96.84,23.6,1.5,2.0
cell_001,203,1.9143,95.66,23.6,1.5,2.0
cell_001,204,1.9623,98.06,23.6,1.5,2.0
cell_001,205,1.9508,97.48,23.6,1.5,2.0
cell_001,206,1.9398,96.93,23.6,1.5,2.0
cell_001,207,1.9538,97.64,23.6,1.5,2.0
cell_001,208,1.9555,97.72,23.6,1.5,2.0
cell_001,209,1.8957,94.73,23.6,1.5,2.0
cell_001,210,1.9293,96.41,23.6,1.5,2.0
cell_001,211,1.9582,97.86,23.6,1.5,2.0
cell_001,212,1.9456,97.23,23.6,1.5,2.0
cell_001,213,1.9635,98.12,23.6,1.5,2.0
cell_001,214,1.8901,94.45,23.6,1.5,2.0
cell_001,215,1.9329,96.59,23.6,1.5,2.0
cell_001,216,1.922,96.05,23.6,1.5,2.0
cell_001,217,1.9546,97.68,23.6,1.5,2.0
cell_001,218,1.8832,94.11,23.6,1.5,2.0
cell_001,219,1.8953,94.71,23.6,1.5,2.0
cell_001,220,1.932,96.55,23.6,1.5,2.0
cell_001,221,1.8997,94.93,23.6,1.5,2.0
cell_001,222,1.9239,96.14,23.6,1.5,2.0
cell_001,223,1.9507,97.48,23.6,1.5,2.0
cell_001,224,1.9375,96.82,23.6,1.5,2.0
cell_001,225,1.9544,97.67,23.6,1.5,2.0
cell_001,226,1.9008,94.99,23.6,1.5,2.0
cell_001,227,1.888,94.35,23.6,1.5,2.0
cell_001,228,1.916,95.75,23.6,1.5,2.0
cell_001,229,1.8973,94.81,23.6,1.5,2.0
cell_001,230,1.8793,93.92,23.6,1.5,2.0
cell_001,231,1.895,94.7,23.6,1.5,2.0
cell_001,232,1.9226,96.07,23.6,1.5,2.0
cell_001,233,1.9049,95.19,23.6,1.5,2.0
cell_001,234,1.9108,95.49,23.6,1.5,2.0
cell_001,235,1.8837,94.14,23.6,1.5,2.0
cell_001,236,1.9229,96.09,23.6,1.5,2.0
cell_001,237,1.899,94.9,23.6,1.5,2.0
cell_001,238,1.9473,97.31,23.6,1.5,2.0
cell_001,239,1.9409,96.99,23.6,1.5,2.0
cell_001,240,1.8779,93.84,23.6,1.5,2.0
cell_001,241,1.9211,96.0,23.6,1.5,2.0
cell_001,242,1.9251,96.2,23.6,1.5,2.0
cell_001,243,1.8895,94.42,23.6,1.5,2.0
cell_001,244,1.9167,95.78,23.6,1.5,2.0
cell_001,245,1.9407,96.98,23.6,1.5,2.0
cell_001,246,1.9394,96.91,23.6,1.5,2.0
cell_001,247,1.9287,96.38,23.6,1.5,2.0
cell_001,248,1.8787,93.88,23.6,1.5,2.0
cell_001,249,1.9321,96.55,23.6,1.5,2.0
cell_001,250,1.9195,95.92,23.6,1.5,2.0
cell_001,251,1.8845,94.17,23.6,1.5,2.0
cell_001,252,1.8808,93.99,23.6,1.5,2.0
cell_001,253,1.9336,96.63,23.6,1.5,2.0
cell_001,254,1.8975,94.82,23.6,1.5,2.0
cell_001,255,1.8802,93.96,23.6,1.5,2.0
cell_001,256,1.9037,95.13,23.6,1.5,2.0
cell_001,257,1.8978,94.84,23.6,1.5,2.0
cell_001,258,1.8814,94.02,23.6,1.5,2.0
cell_001,259,1.8844,94.17,23.6,1.5,2.0
cell_001,260,1.8648,93.19,23.6,1.5,2.0
cell_001,261,1.878,93.85,23.6,1.5,2.0
cell_001,262,1.9003,94.96,23.6,1.5,2.0
cell_001,263,1.885,94.2,23.6,1.5,2.0
cell_001,264,1.8857,94.23,23.6,1.5,2.0
cell_001,265,1.8803,93.96,23.6,1.5,2.0
cell_001,266,1.8843,94.16,23.6,1.5,2.0
cell_001,267,1.9302,96.46,23.6,1.5,2.0
cell_001,268,1.8864,94.27,23.6,1.5,2.0
cell_001,269,1.9103,95.46,23.6,1.5,2.0
cell_001,270,1.8757,93.73,23.6,1.5,2.0
cell_001,271,1.8979,94.84,23.6,1.5,2.0
cell_001,272,1.9175,95.82,23.6,1.5,2.0
cell_001,273,1.8736,93.63,23.6,1.5,2.0
cell_001,274,1.8865,94.27,23.6,1.5,2.0
cell_001,275,1.936,96.74,23.6,1.5,2.0
cell_001,276,1.8818,94.04,23.6,1.5,2.0
cell_001,277,1.9313,96.51,23.6,1.5,2.0
cell_001,278,1.9281,96.35,23.6,1.5,2.0
cell_001,279,1.8952,94.71,23.6,1.5,2.0
cell_001,280,1.8867,94.28,23.6,1.5,2.0
cell_001,281,1.9118,95.54,23.6,1.5,2.0
cell_001,282,1.9246,96.18,23.6,1.5,2.0
cell_001,283,1.8979,94.84,23.6,1.5,2.0
cell_001,284,1.9227,96.08,23.6,1.5,2.0
cell_001,285,1.8887,94.38,23.6,1.5,2.0
cell_001,286,1.8728,93.59,23.6,1.5,2.0
cell_001,287,1.8574,92.82,23.6,1.5,2.0
cell_001,288,1.9085,95.37,23.6,1.5,2.0
cell_001,289,1.8534,92.62,23.6,1.5,2.0
cell_001,290,1.8553,92.71,23.6,1.5,2.0
cell_001,291,1.8746,93.68,23.6,1.5,2.0
cell_001,292,1.8969,94.79,23.6,1.5,2.0
cell_001,293,1.8866,94.28,23.6,1.5,2.0
cell_001,294,1.9245,96.17,23.6,1.5,2.0
cell_001,295,1.8694,93.42,23.6,1.5,2.0
cell_001,296,1.9001,94.95,23.6,1.5,2.0
cell_001,297,1.8808,93.99,23.6,1.5,2.0
cell_001,298,1.91,95.45,23.6,1.5,2.0
cell_001,299,1.8649,93.19,23.6,1.5,2.0
cell_001,300,1.8797,93.93,23.6,1.5,2.0
cell_001,301,1.8641,93.15,23.6,1.5,2.0
cell_001,302,1.9208,95.99,23.6,1.5,2.0
cell_001,303,1.9058,95.24,23.6,1.5,2.0
cell_001,304,1.8981,94.85,23.6,1.5,2.0
cell_001,305,1.8931,94.6,23.6,1.5,2.0
cell_001,306,1.9042,95.16,23.6,1.5,2.0
cell_001,307,1.8495,92.42,23.6,1.5,2.0
cell_001,308,1.8853,94.21,23.6,1.5,2.0
cell_001,309,1.9101,95.45,23.6,1.5,2.0
cell_001,310,1.8784,93.87,23.6,1.5,2.0
cell_001,311,1.8666,93.28,23.6,1.5,2.0
cell_001,312,1.9125,95.57,23.6,1.5,2.0
cell_001,313,1.8763,93.76,23.6,1.5,2.0
cell_001,314,1.8585,92.87,23.6,1.5,2.0
cell_001,315,1.8573,92.82,23.6,1.5,2.0
cell_001,316,1.8741,93.65,23.6,1.5,2.0
cell_001,317,1.8805,93.98,23.6,1.5,2.0
cell_001,318,1.9189,95.89,23.6,1.5,2.0
cell_001,319,1.899,94.9,23.6,1.5,2.0
cell_001,320,1.845,92.2,23.6,1.5,2.0
cell_001,321,1.916,95.75,23.6,1.5,2.0
cell_001,322,1.8839,94.14,23.6,1.5,2.0
cell_001,323,1.8985,94.87,23.6,1.5,2.0
cell_001,324,1.8785,93.87,23.6,1.5,2.0
cell_001,325,1.8516,92.53,23.6,1.5,2.0
cell_001,326,1.8986,94.88,23.6,1.5,2.0
cell_001,327,1.8971,94.8,23.6,1.5,2.0
cell_001,328,1.857,92.8,23.6,1.5,2.0
cell_001,329,1.8422,92.06,23.6,1.5,2.0
cell_001,330,1.8524,92.57,23.6,1.5,2.0
cell_001,331,1.8704,93.47,23.6,1.5,2.0
cell_001,332,1.9019,95.04,23.6,1.5,2.0
cell_001,333,1.8494,92.42,23.6,1.5,2.0
cell_001,334,1.9055,95.22,23.6,1.5,2.0
cell_001,335,1.8355,91.73,23.6,1.5,2.0
cell_001,336,1.837,91.8,23.6,1.5,2.0
cell_001,337,1.8484,92.37,23.6,1.5,2.0
cell_001,338,1.8785,93.88,23.6,1.5,2.0
cell_001,339,1.8535,92.62,23.6,1.5,2.0
cell_001,340,1.8802,93.96,23.6,1.5,2.0
cell_001,341,1.8946,94.68,23.6,1.5,2.0
cell_001,342,1.9067,95.28,23.6,1.5,2.0
cell_001,343,1.8791,93.9,23.6,1.5,2.0
cell_001,344,1.8415,92.03,23.6,1.5,2.0
cell_001,345,1.8683,93.36,23.6,1.5,2.0
cell_001,346,1.8607,92.98,23.6,1.5,2.0
cell_001,347,1.8751,93.7,23.6,1.5,2.0
cell_001,348,1.8609,92.99,23.6,1.5,2.0
cell_001,349,1.8765,93.77,23.6,1.5,2.0
cell_001,350,1.8417,92.03,23.6,1.5,2.0
cell_001,351,1.8676,93.33,23.6,1.5,2.0
cell_001,352,1.8852,94.21,23.6,1.5,2.0
cell_001,353,1.8361,91.76,23.6,1.5,2.0
cell_001,354,1.833,91.6,23.6,1.5,2.0
cell_001,355,1.8733,93.61,23.6,1.5,2.0
cell_001,356,1.8819,94.04,23.6,1.5,2.0
cell_001,357,1.8312,91.51,23.6,1.5,2.0
cell_001,358,1.8912,94.51,23.6,1.5,2.0
cell_001,359,1.853,92.6,23.6,1.5,2.0
cell_001,360,1.8785,93.87,23.6,1.5,2.0
cell_001,361,1.8927,94.58,23.6,1.5,2.0
cell_001,362,1.8739,93.64,23.6,1.5,2.0
cell_001,363,1.8592,92.91,23.6,1.5,2.0
cell_001,364,1.828,91.35,23.6,1.5,2.0
cell_001,365,1.8395,91.93,23.6,1.5,2.0
cell_001,366,1.8792,93.91,23.6,1.5,2.0
cell_001,367,1.8683,93.36,23.6,1.5,2.0
cell_001,368,1.8481,92.35,23.6,1.5,2.0
cell_001,369,1.8362,91.76,23.6,1.5,2.0
cell_001,370,1.8614,93.02,23.6,1.5,2.0
cell_001,371,1.8441,92.15,23.6,1.5,2.0
cell_001,372,1.8258,91.24,23.6,1.5,2.0
cell_001,373,1.8291,91.41,23.6,1.5,2.0
cell_001,374,1.8437,92.13,23.6,1.5,2.0
cell_001,375,1.8357,91.73,23.6,1.5,2.0
cell_001,376,1.8895,94.42,23.6,1.5,2.0
cell_001,377,1.8686,93.38,23.6,1.5,2.0
cell_001,378,1.8767,93.78,23.6,1.5,2.0
cell_001,379,1.8348,91.69,23.6,1.5,2.0
cell_001,380,1.875,93.7,23.6,1.5,2.0
cell_001,381,1.8853,94.21,23.6,1.5,2.0
cell_001,382,1.8769,93.79,23.6,1.5,2.0
cell_001,383,1.8758,93.74,23.6,1.5,2.0
cell_001,384,1.8528,92.59,23.6,1.5,2.0
cell_001,385,1.8887,94.38,23.6,1.5,2.0
cell_001,386,1.826,91.25,23.6,1.5,2.0
cell_001,387,1.836,91.75,23.6,1.5,2.0
cell_001,388,1.8865,94.27,23.6,1.5,2.0
cell_001,389,1.834,91.65,23.6,1.5,2.0
cell_001,390,1.8324,91.57,23.6,1.5,2.0
cell_001,391,1.8353,91.71,23.6,1.5,2.0
cell_001,392,1.8425,92.07,23.6,1.5,2.0
cell_001,393,1.8448,92.19,23.6,1.5,2.0
cell_001,394,1.8223,91.06,23.6,1.5,2.0
cell_001,395,1.8383,91.86,23.6,1.5,2.0
cell_001,396,1.8598,92.94,23.6,1.5,2.0
cell_001,397,1.8531,92.6,23.6,1.5,2.0
cell_001,398,1.8286,91.38,23.6,1.5,2.0
cell_001,399,1.8207,90.99,23.6,1.5,2.0
cell_001,400,1.8185,90.88,23.6,1.5,2.0
cell_001,401,1.8491,92.4,23.6,1.5,2.0
cell_001,402,1.884,94.15,23.6,1.5,2.0
cell_001,403,1.827,91.3,23.6,1.5,2.0
cell_001,404,1.8654,93.22,23.6,1.5,2.0
cell_001,405,1.8769,93.79,23.6,1.5,2.0
cell_001,406,1.8722,93.56,23.6,1.5,2.0
cell_001,407,1.8068,90.29,23.6,1.5,2.0
cell_001,408,1.8681,93.35,23.6,1.5,2.0
cell_001,409,1.8579,92.85,23.6,1.5,2.0
cell_001,410,1.8406,91.98,23.6,1.5,2.0
cell_001,411,1.8087,90.39,23.6,1.5,2.0
cell_001,412,1.8523,92.56,23.6,1.5,2.0
cell_001,413,1.8139,90.65,23.6,1.5,2.0
cell_001,414,1.8617,93.03,23.6,1.5,2.0
cell_001,415,1.8089,90.4,23.6,1.5,2.0
cell_001,416,1.8691,93.4,23.6,1.5,2.0
cell_001,417,1.7989,89.89,23.6,1.5,2.0
cell_001,418,1.8635,93.12,23.6,1.5,2.0
cell_001,419,1.8378,91.84,23.6,1.5,2.0
cell_001,420,1.8082,90.36,23.6,1.5,2.0
cell_001,421,1.8057,90.24,23.6,1.5,2.0
cell_001,422,1.8476,92.33,23.6,1.5,2.0
cell_001,423,1.8673,93.31,23.6,1.5,2.0
cell_001,424,1.868,93.35,23.6,1.5,2.0
cell_001,425,1.8256,91.23,23.6,1.5,2.0
cell_001,426,1.795,89.7,23.6,1.5,2.0
cell_001,427,1.8073,90.31,23.6,1.5,2.0
cell_001,428,1.799,89.9,23.6,1.5,2.0
cell_001,429,1.8606,92.98,23.6,1.5,2.0
cell_001,430,1.8423,92.06,23.6,1.5,2.0
cell_001,431,1.858,92.85,23.6,1.5,2.0
cell_001,432,1.8083,90.37,23.6,1.5,2.0
cell_001,433,1.8518,92.54,23.6,1.5,2.0
cell_001,434,1.8205,90.98,23.6,1.5,2.0
cell_001,435,1.8557,92.73,23.6,1.5,2.0
cell_001,436,1.8607,92.98,23.6,1.5,2.0
cell_001,437,1.8413,92.01,23.6,1.5,2.0
cell_001,438,1.8523,92.57,23.6,1.5,2.0
cell_001,439,1.8141,90.65,23.6,1.5,2.0
cell_001,440,1.8631,93.1,23.6,1.5,2.0
cell_001,441,1.806,90.25,23.6,1.5,2.0
cell_001,442,1.8158,90.74,23.6,1.5,2.0
cell_001,443,1.7952,89.71,23.6,1.5,2.0
cell_001,444,1.7904,89.47,23.6,1.5,2.0
cell_001,445,1.852,92.55,23.6,1.5,2.0
cell_001,446,1.8307,91.48,23.6,1.5,2.0
cell_001,447,1.8214,91.02,23.6,1.5,2.0
cell_001,448,1.8527,92.58,23.6,1.5,2.0
cell_001,449,1.7909,89.49,23.6,1.5,2.0
cell_001,450,1.8237,91.14,23.6,1.5,2.0
cell_001,451,1.8352,91.71,23.6,1.5,2.0
cell_001,452,1.8441,92.15,23.6,1.5,2.0
cell_001,453,1.8288,91.39,23.6,1.5,2.0
cell_001,454,1.8296,91.43,23.6,1.5,2.0
cell_001,455,1.8143,90.67,23.6,1.5,2.0
cell_001,456,1.7963,89.77,23.6,1.5,2.0
cell_001,457,1.799,89.9,23.6,1.5,2.0
cell_001,458,1.7865,89.28,23.6,1.5,2.0
cell_001,459,1.8385,91.88,23.6,1.5,2.0
cell_001,460,1.8451,92.21,23.6,1.5,2.0
cell_001,461,1.8374,91.82,23.6,1.5,2.0
cell_001,462,1.794,89.65,23.6,1.5,2.0
cell_001,463,1.8385,91.87,23.6,1.5,2.0
cell_001,464,1.8143,90.66,23.6,1.5,2.0
cell_001,465,1.7916,89.53,23.6,1.5,2.0
cell_001,466,1.8042,90.16,23.6,1.5,2.0
cell_001,467,1.8396,91.93,23.6,1.5,2.0
cell_001,468,1.8434,92.12,23.6,1.5,2.0
cell_001,469,1.8177,90.83,23.6,1.5,2.0
cell_001,470,1.8294,91.42,23.6,1.5,2.0
cell_001,471,1.8214,91.02,23.6,1.5,2.0
cell_001,472,1.7817,89.03,23.6,1.5,2.0
cell_001,473,1.846,92.25,23.6,1.5,2.0
cell_001,474,1.8007,89.98,23.6,1.5,2.0
cell_001,475,1.7882,89.36,23.6,1.5,2.0
cell_001,476,1.8138,90.64,23.6,1.5,2.0
cell_001,477,1.845,92.2,23.6,1.5,2.0
cell_001,478,1.839,91.9,23.6,1.5,2.0
cell_001,479,1.8318,91.54,23.6,1.5,2.0
cell_001,480,1.7769,88.8,23.6,1.5,2.0
cell_001,481,1.8,89.95,23.6,1.5,2.0
cell_001,482,1.7919,89.55,23.6,1.5,2.0
cell_001,483,1.7987,89.89,23.6,1.5,2.0
cell_001,484,1.8306,91.48,23.6,1.5,2.0
cell_001,485,1.8093,90.42,23.6,1.5,2.0
cell_001,486,1.788,89.35,23.6,1.5,2.0
cell_001,487,1.8161,90.76,23.6,1.5,2.0
cell_001,488,1.794,89.65,23.6,1.5,2.0
cell_001,489,1.8013,90.01,23.6,1.5,2.0
cell_001,490,1.8064,90.27,23.6,1.5,2.0
cell_001,491,1.7944,89.67,23.6,1.5,2.0
cell_001,492,1.818,90.85,23.6,1.5,2.0
cell_001,493,1.7767,88.78,23.6,1.5,2.0
cell_001,494,1.7922,89.56,23.6,1.5,2.0
cell_001,495,1.78,88.95,23.6,1.5,2.0
cell_001,496,1.8072,90.31,23.6,1.5,2.0
cell_001,497,1.7991,89.91,23.6,1.5,2.0
cell_001,498,1.8006,89.98,23.6,1.5,2.0
cell_001,499,1.8212,91.01,23.6,1.5,2.0
cell_001,500,1.7916,89.53,23.6,1.5,2.0
cell_001,501,1.7855,89.23,23.6,1.5,2.0
cell_001,502,1.8078,90.34,23.6,1.5,2.0
cell_001,503,1.7904,89.47,23.6,1.5,2.0
cell_001,504,1.7658,88.24,23.6,1.5,2.0
cell_001,505,1.7635,88.13,23.6,1.5,2.0
cell_001,506,1.7992,89.91,23.6,1.5,2.0
cell_001,507,1.7622,88.06,23.6,1.5,2.0
cell_001,508,1.7677,88.33,23.6,1.5,2.0
cell_001,509,1.7637,88.13,23.6,1.5,2.0
cell_001,510,1.8154,90.72,23.6,1.5,2.0
cell_001,511,1.761,88.0,23.6,1.5,2.0
cell_001,512,1.8233,91.11,23.6,1.5,2.0
cell_001,513,1.8284,91.37,23.6,1.5,2.0
cell_001,514,1.7687,88.38,23.6,1.5,2.0
cell_001,515,1.792,89.55,23.6,1.5,2.0
cell_001,516,1.8194,90.92,23.6,1.5,2.0
cell_001,517,1.8101,90.46,23.6,1.5,2.0
cell_001,518,1.7639,88.15,23.6,1.5,2.0
cell_001,519,1.7961,89.76,23.6,1.5,2.0
cell_001,520,1.8077,90.33,23.6,1.5,2.0
cell_001,521,1.7737,88.64,23.6,1.5,2.0
cell_001,522,1.8168,90.79,23.6,1.5,2.0
cell_001,523,1.8183,90.86,23.6,1.5,2.0
cell_001,524,1.8136,90.63,23.6,1.5,2.0
cell_001,525,1.8219,91.05,23.6,1.5,2.0
cell_001,526,1.7982,89.86,23.6,1.5,2.0
cell_001,527,1.7707,88.49,23.6,1.5,2.0
cell_001,528,1.7903,89.47,23.6,1.5,2.0
cell_001,529,1.8051,90.21,23.6,1.5,2.0
cell_001,530,1.8253,91.21,23.6,1.5,2.0
cell_001,531,1.8181,90.86,23.6,1.5,2.0
cell_001,532,1.8235,91.12,23.6,1.5,2.0
cell_001,533,1.8284,91.37,23.6,1.5,2.0
cell_001,534,1.8174,90.82,23.6,1.5,2.0
cell_001,535,1.8069,90.3,23.6,1.5,2.0
cell_001,536,1.7879,89.35,23.6,1.5,2.0
cell_001,537,1.7617,88.04,23.6,1.5,2.0
cell_001,538,1.825,91.2,23.6,1.5,2.0
cell_001,539,1.8043,90.17,23.6,1.5,2.0
cell_001,540,1.8143,90.67,23.6,1.5,2.0
cell_001,541,1.7617,88.04,23.6,1.5,2.0
cell_001,542,1.7808,88.99,23.6,1.5,2.0
cell_001,543,1.7897,89.44,23.6,1.5,2.0
cell_001,544,1.7964,89.77,23.6,1.5,2.0
cell_001,545,1.823,91.1,23.6,1.5,2.0
cell_001,546,1.7482,87.36,23.6,1.5,2.0
cell_001,547,1.8143,90.67,23.6,1.5,2.0
cell_001,548,1.7991,89.9,23.6,1.5,2.0
cell_001,549,1.814,90.65,23.6,1.5,2.0
cell_001,550,1.7472,87.31,23.6,1.5,2.0
cell_001,551,1.7763,88.77,23.6,1.5,2.0
cell_001,552,1.7797,88.93,23.6,1.5,2.0
cell_001,553,1.7657,88.24,23.6,1.5,2.0
cell_001,554,1.7613,88.02,23.6,1.5,2.0
cell_001,555,1.7575,87.82,23.6,1.5,2.0
cell_001,556,1.7913,89.51,23.6,1.5,2.0
cell_001,557,1.7837,89.14,23.6,1.5,2.0
cell_001,558,1.7961,89.75,23.6,1.5,2.0
cell_001,559,1.8032,90.11,23.6,1.5,2.0
cell_001,560,1.785,89.2,23.6,1.5,2.0
cell_001,561,1.7875,89.33,23.6,1.5,2.0
cell_001,562,1.7697,88.44,23.6,1.5,2.0
cell_001,563,1.7618,88.04,23.6,1.5,2.0
cell_001,564,1.7393,86.92,23.6,1.5,2.0
cell_001,565,1.7517,87.54,23.6,1.5,2.0
cell_001,566,1.744,87.15,23.6,1.5,2.0
cell_001,567,1.7482,87.36,23.6,1.5,2.0
cell_001,568,1.7583,87.87,23.6,1.5,2.0
cell_001,569,1.7821,89.06,23.6,1.5,2.0
cell_001,570,1.7943,89.67,23.6,1.5,2.0
cell_001,571,1.8096,90.43,23.6,1.5,2.0
cell_001,572,1.7649,88.2,23.6,1.5,2.0
cell_001,573,1.7647,88.18,23.6,1.5,2.0
cell_001,574,1.7448,87.19,23.6,1.5,2.0
cell_001,575,1.7483,87.37,23.6,1.5,2.0
cell_001,576,1.7307,86.49,23.6,1.5,2.0
cell_001,577,1.7763,88.77,23.6,1.5,2.0
cell_001,578,1.7975,89.83,23.6,1.5,2.0
cell_001,579,1.765,88.2,23.6,1.5,2.0
cell_001,580,1.8059,90.24,23.6,1.5,2.0
cell_001,581,1.7505,87.47,23.6,1.5,2.0
cell_001,582,1.7935,89.63,23.6,1.5,2.0
cell_001,583,1.7313,86.52,23.6,1.5,2.0
cell_001,584,1.7874,89.32,23.6,1.5,2.0
cell_001,585,1.786,89.25,23.6,1.5,2.0
cell_001,586,1.8012,90.01,23.6,1.5,2.0
cell_001,587,1.7584,87.87,23.6,1.5,2.0
cell_001,588,1.7667,88.29,23.6,1.5,2.0
cell_001,589,1.7727,88.59,23.6,1.5,2.0
cell_001,590,1.7463,87.27,23.6,1.5,2.0
cell_001,591,1.7599,87.95,23.6,1.5,2.0
cell_001,592,1.7282,86.36,23.6,1.5,2.0
cell_001,593,1.7264,86.27,23.6,1.5,2.0
cell_001,594,1.7559,87.74,23.6,1.5,2.0
cell_001,595,1.7977,89.84,23.6,1.5,2.0
cell_001,596,1.7883,89.37,23.6,1.5,2.0
cell_001,597,1.7743,88.66,23.6,1.5,2.0
cell_001,598,1.7573,87.82,23.6,1.5,2.0
cell_001,599,1.7971,89.81,23.6,1.5,2.0
cell_001,600,1.7959,89.75,23.6,1.5,2.0
cell_001,601,1.7592,87.91,23.6,1.5,2.0
cell_001,602,1.7667,88.29,23.6,1.5,2.0
cell_001,603,1.7969,89.79,23.6,1.5,2.0
cell_001,604,1.7685,88.38,23.6,1.5,2.0
cell_001,605,1.7486,87.38,23.6,1.5,2.0
cell_001,606,1.7503,87.47,23.6,1.5,2.0
cell_001,607,1.7571,87.81,23.6,1.5,2.0
cell_001,608,1.7769,88.8,23.6,1.5,2.0
cell_001,609,1.7869,89.29,23.6,1.5,2.0
cell_001,610,1.7565,87.78,23.6,1.5,2.0
cell_001,611,1.7782,88.86,23.6,1.5,2.0
cell_001,612,1.7722,88.56,23.6,1.5,2.0
cell_001,613,1.7844,89.17,23.6,1.5,2.0
cell_001,614,1.7694,88.42,23.6,1.5,2.0
cell_001,615,1.7424,87.07,23.6,1.5,2.0
cell_001,616,1.7289,86.4,23.6,1.5,2.0
cell_001,617,1.753,87.6,23.6,1.5,2.0
cell_001,618,1.7333,86.61,23.6,1.5,2.0
cell_001,619,1.7369,86.8,23.6,1.5,2.0
cell_001,620,1.7115,85.53,23.6,1.5,2.0
cell_001,621,1.7584,87.87,23.6,1.5,2.0
cell_001,622,1.7482,87.36,23.6,1.5,2.0
cell_001,623,1.7867,89.29,23.6,1.5,2.0
cell_001,624,1.7226,86.08,23.6,1.5,2.0
cell_001,625,1.7154,85.72,23.6,1.5,2.0
cell_001,626,1.7635,88.13,23.6,1.5,2.0
cell_001,627,1.7781,88.86,23.6,1.5,2.0
cell_001,628,1.7234,86.12,23.6,1.5,2.0
cell_001,629,1.751,87.5,23.6,1.5,2.0
cell_001,630,1.7374,86.82,23.6,1.5,2.0
cell_001,631,1.776,88.75,23.6,1.5,2.0
cell_001,632,1.7764,88.77,23.6,1.5,2.0
cell_001,633,1.7379,86.85,23.6,1.5,2.0
cell_001,634,1.7446,87.18,23.6,1.5,2.0
cell_001,635,1.7736,88.63,23.6,1.5,2.0
cell_001,636,1.7345,86.68,23.6,1.5,2.0
cell_001,637,1.7744,88.67,23.6,1.5,2.0
cell_001,638,1.7286,86.38,23.6,1.5,2.0
cell_001,639,1.7338,86.64,23.6,1.5,2.0
cell_001,640,1.7479,87.35,23.6,1.5,2.0
cell_001,641,1.7299,86.45,23.6,1.5,2.0
cell_001,642,1.7762,88.76,23.6,1.5,2.0
cell_001,643,1.7261,86.26,23.6,1.5,2.0
cell_001,644,1.7418,87.04,23.6,1.5,2.0
cell_001,645,1.7341,86.66,23.6,1.5,2.0
cell_001,646,1.7765,88.78,23.6,1.5,2.0
cell_001,647,1.724,86.15,23.6,1.5,2.0
cell_001,648,1.7659,88.25,23.6,1.5,2.0
cell_001,649,1.7644,88.17,23.6,1.5,2.0
cell_001,650,1.7664,88.27,23.6,1.5,2.0
cell_001,651,1.7726,88.58,23.6,1.5,2.0
cell_001,652,1.7349,86.7,23.6,1.5,2.0
cell_001,653,1.7579,87.85,23.6,1.5,2.0
cell_001,654,1.6971,84.81,23.6,1.5,2.0
cell_001,655,1.7636,88.13,23.6,1.5,2.0
cell_001,656,1.7608,87.99,23.6,1.5,2.0
cell_001,657,1.7425,87.08,23.6,1.5,2.0
cell_001,658,1.7071,85.31,23.6,1.5,2.0
cell_001,659,1.7472,87.31,23.6,1.5,2.0
cell_001,660,1.7363,86.77,23.6,1.5,2.0
cell_001,661,1.7267,86.29,23.6,1.5,2.0
cell_001,662,1.76,87.95,23.6,1.5,2.0
cell_001,663,1.6952,84.71,23.6,1.5,2.0
cell_001,664,1.6941,84.66,23.6,1.5,2.0
cell_001,665,1.7504,87.47,23.6,1.5,2.0
cell_001,666,1.7665,88.28,23.6,1.5,2.0
cell_001,667,1.7616,88.03,23.6,1.5,2.0
cell_001,668,1.6892,84.41,23.6,1.5,2.0
cell_001,669,1.7374,86.82,23.6,1.5,2.0
cell_001,670,1.7599,87.95,23.6,1.5,2.0
cell_001,671,1.7629,88.1,23.6,1.5,2.0
cell_001,672,1.7076,85.33,23.6,1.5,2.0
cell_001,673,1.7158,85.74,23.6,1.5,2.0
cell_001,674,1.6893,84.42,23.6,1.5,2.0
cell_001,675,1.7121,85.56,23.6,1.5,2.0
cell_001,676,1.7004,84.97,23.6,1.5,2.0
cell_001,677,1.7354,86.72,23.6,1.5,2.0
cell_001,678,1.7373,86.81,23.6,1.5,2.0
cell_001,679,1.7592,87.91,23.6,1.5,2.0
cell_001,680,1.7046,85.18,23.6,1.5,2.0
cell_001,681,1.7209,86.0,23.6,1.5,2.0
cell_001,682,1.6985,84.88,23.6,1.5,2.0
cell_001,683,1.7277,86.33,23.6,1.5,2.0
cell_001,684,1.6982,84.86,23.6,1.5,2.0
cell_001,685,1.7333,86.61,23.6,1.5,2.0
cell_001,686,1.7189,85.9,23.6,1.5,2.0
cell_001,687,1.7389,86.9,23.6,1.5,2.0
cell_001,688,1.7002,84.96,23.6,1.5,2.0
cell_001,689,1.7128,85.59,23.6,1.5,2.0
cell_001,690,1.7332,86.61,23.6,1.5,2.0
cell_001,691,1.6947,84.69,23.6,1.5,2.0
cell_001,692,1.6972,84.81,23.6,1.5,2.0
cell_001,693,1.7553,87.72,23.6,1.5,2.0
cell_001,694,1.7226,86.08,23.6,1.5,2.0
cell_001,695,1.7503,87.47,23.6,1.5,2.0
cell_001,696,1.7304,86.47,23.6,1.5,2.0
cell_001,697,1.6985,84.88,23.6,1.5,2.0
cell_001,698,1.7488,87.39,23.6,1.5,2.0
cell_001,699,1.7174,85.82,23.6,1.5,2.0
cell_001,700,1.682,84.05,23.6,1.5,2.0
cell_001,701,1.7033,85.12,23.6,1.5,2.0
cell_001,702,1.7525,87.58,23.6,1.5,2.0
cell_001,703,1.7485,87.38,23.6,1.5,2.0
cell_001,704,1.7105,85.48,23.6,1.5,2.0
cell_001,705,1.7044,85.17,23.6,1.5,2.0
cell_001,706,1.7116,85.53,23.6,1.5,2.0
cell_001,707,1.7348,86.69,23.6,1.5,2.0
cell_001,708,1.735,86.7,23.6,1.5,2.0
cell_001,709,1.6853,84.22,23.6,1.5,2.0
cell_001,710,1.6789,83.9,23.6,1.5,2.0
cell_001,711,1.7147,85.69,23.6,1.5,2.0
cell_001,712,1.6819,84.05,23.6,1.5,2.0
cell_001,713,1.7057,85.24,23.6,1.5,2.0
cell_001,714,1.6919,84.55,23.6,1.5,2.0
cell_001,715,1.7131,85.61,23.6,1.5,2.0
cell_001,716,1.7114,85.52,23.6,1.5,2.0
cell_001,717,1.717,85.8,23.6,1.5,2.0
cell_001,718,1.6883,84.37,23.6,1.5,2.0
cell_001,719,1.7007,84.99,23.6,1.5,2.0
cell_001,720,1.7413,87.02,23.6,1.5,2.0
cell_001,721,1.6847,84.19,23.6,1.5,2.0
cell_001,722,1.6826,84.08,23.6,1.5,2.0
cell_001,723,1.7168,85.79,23.6,1.5,2.0
cell_001,724,1.6686,83.38,23.6,1.5,2.0
cell_001,725,1.6983,84.87,23.6,1.5,2.0
cell_001,726,1.6821,84.06,23.6,1.5,2.0
cell_001,727,1.6909,84.5,23.6,1.5,2.0
cell_001,728,1.705,85.2,23.6,1.5,2.0
cell_001,729,1.6637,83.14,23.6,1.5,2.0
cell_001,730,1.6627,83.09,23.6,1.5,2.0
cell_001,731,1.6832,84.11,23.6,1.5,2.0
cell_001,732,1.7065,85.28,23.6,1.5,2.0
cell_001,733,1.7042,85.16,23.6,1.5,2.0
cell_001,734,1.7301,86.46,23.6,1.5,2.0
cell_001,735,1.683,84.1,23.6,1.5,2.0
cell_001,736,1.7191,85.91,23.6,1.5,2.0
cell_001,737,1.7266,86.28,23.6,1.5,2.0
cell_001,738,1.7068,85.29,23.6,1.5,2.0
cell_001,739,1.6679,83.35,23.6,1.5,2.0
cell_001,740,1.7044,85.17,23.6,1.5,2.0
cell_001,741,1.728,86.35,23.6,1.5,2.0
cell_001,742,1.6803,83.97,23.6,1.5,2.0
cell_001,743,1.6673,83.32,23.6,1.5,2.0
cell_001,744,1.6714,83.53,23.6,1.5,2.0
cell_001,745,1.6671,83.31,23.6,1.5,2.0
cell_001,746,1.6934,84.62,23.6,1.5,2.0
cell_001,747,1.6553,82.72,23.6,1.5,2.0
cell_001,748,1.7198,85.94,23.6,1.5,2.0
cell_001,749,1.7258,86.24,23.6,1.5,2.0
cell_001,750,1.6664,83.28,23.6,1.5,2.0
cell_001,751,1.654,82.65,23.6,1.5,2.0
cell_001,752,1.7037,85.14,23.6,1.5,2.0
cell_001,753,1.7177,85.84,23.6,1.5,2.0
cell_001,754,1.6551,82.71,23.6,1.5,2.0
cell_001,755,1.7008,84.99,23.6,1.5,2.0
cell_001,756,1.708,85.35,23.6,1.5,2.0
cell_001,757,1.7085,85.38,23.6,1.5,2.0
cell_001,758,1.6865,84.28,23.6,1.5,2.0
cell_001,759,1.7051,85.21,23.6,1.5,2.0
cell_001,760,1.6908,84.49,23.6,1.5,2.0
cell_001,761,1.7216,86.03,23.6,1.5,2.0
cell_001,762,1.6504,82.47,23.6,1.5,2.0
cell_001,763,1.7065,85.28,23.6,1.5,2.0
cell_001,764,1.7163,85.77,23.6,1.5,2.0
cell_001,765,1.6941,84.66,23.6,1.5,2.0
cell_001,766,1.6659,83.25,23.6,1.5,2.0
cell_001,767,1.683,84.1,23.6,1.5,2.0
cell_001,768,1.6641,83.16,23.6,1.5,2.0
cell_001,769,1.6902,84.46,23.6,1.5,2.0
cell_001,770,1.7172,85.81,23.6,1.5,2.0
cell_001,771,1.6966,84.78,23.6,1.5,2.0
cell_001,772,1.6887,84.39,23.6,1.5,2.0
cell_001,773,1.7114,85.52,23.6,1.5,2.0
cell_001,774,1.7075,85.33,23.6,1.5,2.0
cell_001,775,1.6809,84.0,23.6,1.5,2.0
cell_001,776,1.6613,83.02,23.6,1.5,2.0
cell_001,777,1.7147,85.69,23.6,1.5,2.0
cell_001,778,1.6464,82.27,23.6,1.5,2.0
cell_001,779,1.6937,84.64,23.6,1.5,2.0
cell_001,780,1.6902,84.47,23.6,1.5,2.0
cell_001,781,1.6669,83.3,23.6,1.5,2.0
cell_001,782,1.6842,84.16,23.6,1.5,2.0
cell_001,783,1.6726,83.58,23.6,1.5,2.0
cell_001,784,1.6855,84.23,23.6,1.5,2.0
cell_001,785,1.7017,85.04,23.6,1.5,2.0
cell_001,786,1.6934,84.62,23.6,1.5,2.0
cell_001,787,1.6932,84.61,23.6,1.5,2.0
cell_001,788,1.661,83.0,23.6,1.5,2.0
cell_001,789,1.7038,85.14,23.6,1.5,2.0
cell_001,790,1.6856,84.23,23.6,1.5,2.0
cell_001,791,1.6711,83.51,23.6,1.5,2.0
cell_001,792,1.705,85.2,23.6,1.5,2.0
cell_001,793,1.7008,84.99,23.6,1.5,2.0
cell_001,794,1.6898,84.45,23.6,1.5,2.0
cell_001,795,1.6641,83.16,23.6,1.5,2.0
cell_001,796,1.6815,84.03,23.6,1.5,2.0
cell_001,797,1.6663,83.27,23.6,1.5,2.0
cell_001,798,1.6975,84.83,23.6,1.5,2.0
cell_001,799,1.6626,83.09,23.6,1.5,2.0
cell_001,800,1.633,81.6,23.6,1.5,2.0
cell_002,1,1.942,98.42,31.5,0.5,1.0
cell_002,2,1.936,98.12,31.5,0.5,1.0
cell_002,3,1.9878,100.75,31.5,0.5,1.0
cell_002,4,1.9751,100.1,31.5,0.5,1.0
cell_002,5,1.944,98.52,31.5,0.5,1.0
cell_002,6,1.9497,98.81,31.5,0.5,1.0
cell_002,7,2.0102,101.88,31.5,0.5,1.0
cell_002,8,1.9354,98.09,31.5,0.5,1.0
cell_002,9,1.9901,100.86,31.5,0.5,1.0
cell_002,10,1.9746,100.07,31.5,0.5,1.0
cell_002,11,1.9623,99.45,31.5,0.5,1.0
cell_002,12,1.9758,100.14,31.5,0.5,1.0
cell_002,13,1.9626,99.47,31.5,0.5,1.0
cell_002,14,1.9825,100.47,31.5,0.5,1.0
cell_002,15,2.0063,101.68,31.5,0.5,1.0
cell_002,16,1.9984,101.28,31.5,0.5,1.0
cell_002,17,1.9783,100.27,31.5,0.5,1.0
cell_002,18,1.9319,97.91,31.5,0.5,1.0
cell_002,19,1.9811,100.4,31.5,0.5,1.0
cell_002,20,1.9313,97.88,31.5,0.5,1.0
cell_002,21,2.0048,101.6,31.5,0.5,1.0
cell_002,22,1.967,99.69,31.5,0.5,1.0
cell_002,23,1.9764,100.17,31.5,0.5,1.0
cell_002,24,1.9716,99.93,31.5,0.5,1.0
cell_002,25,1.9516,98.91,31.5,0.5,1.0
cell_002,26,1.9877,100.74,31.5,0.5,1.0
cell_002,27,1.9932,101.02,31.5,0.5,1.0
cell_002,28,1.9783,100.26,31.5,0.5,1.0
cell_002,29,1.9832,100.51,31.5,0.5,1.0
cell_002,30,1.9737,100.03,31.5,0.5,1.0
cell_002,31,1.9965,101.18,31.5,0.5,1.0
cell_002,32,1.9425,98.45,31.5,0.5,1.0
cell_002,33,1.9503,98.84,31.5,0.5,1.0
cell_002,34,1.9535,99.01,31.5,0.5,1.0
cell_002,35,1.9264,97.63,31.5,0.5,1.0
cell_002,36,1.9298,97.81,31.5,0.5,1.0
cell_002,37,1.9837,100.54,31.5,0.5,1.0
cell_002,38,1.9461,98.63,31.5,0.5,1.0
cell_002,39,1.9363,98.14,31.5,0.5,1.0
cell_002,40,1.9357,98.1,31.5,0.5,1.0
cell_002,41,1.9669,99.69,31.5,0.5,1.0
cell_002,42,1.9798,100.34,31.5,0.5,1.0
cell_002,43,1.9879,100.75,31.5,0.5,1.0
cell_002,44,1.9363,98.13,31.5,0.5,1.0
cell_002,45,1.9709,99.89,31.5,0.5,1.0
cell_002,46,1.9264,97.63,31.5,0.5,1.0
cell_002,47,1.9692,99.8,31.5,0.5,1.0
cell_002,48,1.9418,98.41,31.5,0.5,1.0
cell_002,49,1.9846,100.58,31.5,0.5,1.0
cell_002,50,1.9904,100.88,31.5,0.5,1.0
cell_002,51,1.938,98.22,31.5,0.5,1.0
cell_002,52,1.9661,99.64,31.5,0.5,1.0
cell_002,53,1.9297,97.8,31.5,0.5,1.0
cell_002,54,1.9479,98.72,31.5,0.5,1.0
cell_002,55,1.9406,98.35,31.5,0.5,1.0
cell_002,56,1.9504,98.85,31.5,0.5,1.0
cell_002,57,1.9867,100.69,31.5,0.5,1.0
cell_002,58,1.9615,99.41,31.5,0.5,1.0
cell_002,59,1.9694,99.81,31.5,0.5,1.0
cell_002,60,1.9333,97.98,31.5,0.5,1.0
cell_002,61,1.9681,99.75,31.5,0.5,1.0
cell_002,62,1.9437,98.51,31.5,0.5,1.0
cell_002,63,1.9741,100.05,31.5,0.5,1.0
cell_002,64,1.98,100.35,31.5,0.5,1.0
cell_002,65,1.9913,100.92,31.5,0.5,1.0
cell_002,66,1.9904,100.88,31.5,0.5,1.0
cell_002,67,1.9147,97.04,31.5,0.5,1.0
cell_002,68,1.9362,98.13,31.5,0.5,1.0
cell_002,69,1.9635,99.51,31.5,0.5,1.0
cell_002,70,1.99,100.85,31.5,0.5,1.0
cell_002,71,1.9521,98.93,31.5,0.5,1.0
cell_002,72,1.9148,97.05,31.5,0.5,1.0
cell_002,73,1.9494,98.8,31.5,0.5,1.0
cell_002,74,1.9888,100.8,31.5,0.5,1.0
cell_002,75,1.9778,100.24,31.5,0.5,1.0
cell_002,76,1.9147,97.04,31.5,0.5,1.0
cell_002,77,1.9793,100.32,31.5,0.5,1.0
cell_002,78,1.9179,97.2,31.5,0.5,1.0
cell_002,79,1.9088,96.74,31.5,0.5,1.0
cell_002,80,1.9805,100.37,31.5,0.5,1.0
cell_002,81,1.9817,100.43,31.5,0.5,1.0
cell_002,82,1.9251,97.57,31.5,0.5,1.0
cell_002,83,1.9533,99.0,31.5,0.5,1.0
cell_002,84,1.9254,97.58,31.5,0.5,1.0
cell_002,85,1.9636,99.52,31.5,0.5,1.0
cell_002,86,1.9503,98.84,31.5,0.5,1.0
cell_002,87,1.9434,98.49,31.5,0.5,1.0
cell_002,88,1.9488,98.77,31.5,0.5,1.0
cell_002,89,1.94,98.32,31.5,0.5,1.0
cell_002,90,1.9436,98.51,31.5,0.5,1.0
cell_002,91,1.9076,96.68,31.5,0.5,1.0
cell_002,92,1.9311,97.87,31.5,0.5,1.0
cell_002,93,1.9655,99.61,31.5,0.5,1.0
cell_002,94,1.979,100.3,31.5,0.5,1.0
cell_002,95,1.9411,98.38,31.5,0.5,1.0
cell_002,96,1.9571,99.19,31.5,0.5,1.0
cell_002,97,1.9605,99.36,31.5,0.5,1.0
cell_002,98,1.9233,97.48,31.5,0.5,1.0
cell_002,99,1.9517,98.91,31.5,0.5,1.0
cell_002,100,1.9712,99.91,31.5,0.5,1.0
cell_002,101,1.9709,99.89,31.5,0.5,1.0
cell_002,102,1.9305,97.84,31.5,0.5,1.0
cell_002,103,1.9598,99.33,31.5,0.5,1.0
cell_002,104,1.9449,98.57,31.5,0.5,1.0
cell_002,105,1.9472,98.69,31.5,0.5,1.0
cell_002,106,1.9069,96.65,31.5,0.5,1.0
cell_002,107,1.9104,96.82,31.5,0.5,1.0
cell_002,108,1.9423,98.44,31.5,0.5,1.0
cell_002,109,1.9641,99.55,31.5,0.5,1.0
cell_002,110,1.9084,96.72,31.5,0.5,1.0
cell_002,111,1.921,97.36,31.5,0.5,1.0
cell_002,112,1.9179,97.2,31.5,0.5,1.0
cell_002,113,1.9579,99.23,31.5,0.5,1.0
cell_002,114,1.958,99.23,31.5,0.5,1.0
cell_002,115,1.9042,96.51,31.5,0.5,1.0
cell_002,116,1.9006,96.32,31.5,0.5,1.0
cell_002,117,1.9589,99.28,31.5,0.5,1.0
cell_002,118,1.9623,99.45,31.5,0.5,1.0
cell_002,119,1.9088,96.74,31.5,0.5,1.0
cell_002,120,1.9653,99.6,31.5,0.5,1.0
cell_002,121,1.9556,99.11,31.5,0.5,1.0
cell_002,122,1.9496,98.81,31.5,0.5,1.0
cell_002,123,1.8941,96.0,31.5,0.5,1.0
cell_002,124,1.9247,97.55,31.5,0.5,1.0
cell_002,125,1.8932,95.95,31.5,0.5,1.0
cell_002,126,1.9251,97.57,31.5,0.5,1.0
cell_002,127,1.8927,95.92,31.5,0.5,1.0
cell_002,128,1.8956,96.07,31.5,0.5,1.0
cell_002,129,1.9136,96.98,31.5,0.5,1.0
cell_002,130,1.963,99.49,31.5,0.5,1.0
cell_002,131,1.9378,98.21,31.5,0.5,1.0
cell_002,132,1.9178,97.2,31.5,0.5,1.0
cell_002,133,1.9551,99.09,31.5,0.5,1.0
cell_002,134,1.903,96.45,31.5,0.5,1.0
cell_002,135,1.891,95.84,31.5,0.5,1.0
cell_002,136,1.964,99.54,31.5,0.5,1.0
cell_002,137,1.9496,98.81,31.5,0.5,1.0
cell_002,138,1.9521,98.93,31.5,0.5,1.0
cell_002,139,1.9091,96.75,31.5,0.5,1.0
cell_002,140,1.9095,96.78,31.5,0.5,1.0
cell_002,141,1.9423,98.44,31.5,0.5,1.0
cell_002,142,1.9173,97.17,31.5,0.5,1.0
cell_002,143,1.9565,99.16,31.5,0.5,1.0
cell_002,144,1.9284,97.73,31.5,0.5,1.0
cell_002,145,1.946,98.62,31.5,0.5,1.0
cell_002,146,1.9485,98.75,31.5,0.5,1.0
cell_002,147,1.9018,96.38,31.5,0.5,1.0
cell_002,148,1.9163,97.12,31.5,0.5,1.0
cell_002,149,1.9117,96.89,31.5,0.5,1.0
cell_002,150,1.9064,96.62,31.5,0.5,1.0
cell_002,151,1.9127,96.94,31.5,0.5,1.0
cell_002,152,1.9531,98.99,31.5,0.5,1.0
cell_002,153,1.9429,98.47,31.5,0.5,1.0
cell_002,154,1.9497,98.81,31.5,0.5,1.0
cell_002,155,1.8941,95.99,31.5,0.5,1.0
cell_002,156,1.9515,98.9,31.5,0.5,1.0
cell_002,157,1.8887,95.72,31.5,0.5,1.0
cell_002,158,1.8887,95.72,31.5,0.5,1.0
cell_002,159,1.8826,95.41,31.5,0.5,1.0
cell_002,160,1.8894,95.76,31.5,0.5,1.0
cell_002,161,1.8945,96.02,31.5,0.5,1.0
cell_002,162,1.8898,95.78,31.5,0.5,1.0
cell_002,163,1.9439,98.52,31.5,0.5,1.0
cell_002,164,1.9005,96.32,31.5,0.5,1.0
cell_002,165,1.8961,96.1,31.5,0.5,1.0
cell_002,166,1.9187,97.24,31.5,0.5,1.0
cell_002,167,1.9031,96.45,31.5,0.5,1.0
cell_002,168,1.9225,97.44,31.5,0.5,1.0
cell_002,169,1.9096,96.78,31.5,0.5,1.0
cell_002,170,1.9165,97.13,31.5,0.5,1.0
cell_002,171,1.8941,96.0,31.5,0.5,1.0
cell_002,172,1.9315,97.89,31.5,0.5,1.0
cell_002,173,1.8998,96.28,31.5,0.5,1.0
cell_002,174,1.9477,98.71,31.5,0.5,1.0
cell_002,175,1.9111,96.86,31.5,0.5,1.0
cell_002,176,1.9127,96.94,31.5,0.5,1.0
cell_002,177,1.9234,97.48,31.5,0.5,1.0
cell_002,178,1.9119,96.9,31.5,0.5,1.0
cell_002,179,1.8713,94.84,31.5,0.5,1.0
cell_002,180,1.937,98.17,31.5,0.5,1.0
cell_002,181,1.9297,97.8,31.5,0.5,1.0
cell_002,182,1.9252,97.57,31.5,0.5,1.0
cell_002,183,1.9026,96.43,31.5,0.5,1.0
cell_002,184,1.9336,98.0,31.5,0.5,1.0
cell_002,185,1.9329,97.96,31.5,0.5,1.0
cell_002,186,1.9004,96.32,31.5,0.5,1.0
cell_002,187,1.9041,96.5,31.5,0.5,1.0
cell_002,188,1.8809,95.32,31.5,0.5,1.0
cell_002,189,1.9374,98.19,31.5,0.5,1.0
cell_002,190,1.8942,96.0,31.5,0.5,1.0
cell_002,191,1.9161,97.11,31.5,0.5,1.0
cell_002,192,1.9055,96.57,31.5,0.5,1.0
cell_002,193,1.9124,96.92,31.5,0.5,1.0
cell_002,194,1.8746,95.01,31.5,0.5,1.0
cell_002,195,1.8948,96.03,31.5,0.5,1.0
cell_002,196,1.8753,95.05,31.5,0.5,1.0
cell_002,197,1.8779,95.17,31.5,0.5,1.0
cell_002,198,1.8997,96.28,31.5,0.5,1.0
cell_002,199,1.8977,96.18,31.5,0.5,1.0
cell_002,200,1.9178,97.2,31.5,0.5,1.0
cell_002,201,1.9254,97.58,31.5,0.5,1.0
cell_002,202,1.9024,96.42,31.5,0.5,1.0
cell_002,203,1.901,96.35,31.5,0.5,1.0
cell_002,204,1.9215,97.39,31.5,0.5,1.0
cell_002,205,1.877,95.13,31.5,0.5,1.0
cell_002,206,1.8917,95.88,31.5,0.5,1.0
cell_002,207,1.9229,97.46,31.5,0.5,1.0
cell_002,208,1.8985,96.22,31.5,0.5,1.0
cell_002,209,1.9349,98.06,31.5,0.5,1.0
cell_002,210,1.9269,97.66,31.5,0.5,1.0
cell_002,211,1.8918,95.88,31.5,0.5,1.0
cell_002,212,1.9301,97.82,31.5,0.5,1.0
cell_002,213,1.8882,95.7,31.5,0.5,1.0
cell_002,214,1.915,97.05,31.5,0.5,1.0
cell_002,215,1.8654,94.54,31.5,0.5,1.0
cell_002,216,1.9274,97.68,31.5,0.5,1.0
cell_002,217,1.8751,95.03,31.5,0.5,1.0
cell_002,218,1.8868,95.63,31.5,0.5,1.0
cell_002,219,1.9286,97.75,31.5,0.5,1.0
cell_002,220,1.9185,97.23,31.5,0.5,1.0
cell_002,221,1.8715,94.85,31.5,0.5,1.0
cell_002,222,1.9322,97.93,31.5,0.5,1.0
cell_002,223,1.8746,95.01,31.5,0.5,1.0
cell_002,224,1.8892,95.75,31.5,0.5,1.0
cell_002,225,1.9289,97.76,31.5,0.5,1.0
cell_002,226,1.8656,94.55,31.5,0.5,1.0
cell_002,227,1.8603,94.28,31.5,0.5,1.0
cell_002,228,1.9075,96.68,31.5,0.5,1.0
cell_002,229,1.8933,95.95,31.5,0.5,1.0
cell_002,230,1.8668,94.61,31.5,0.5,1.0
cell_002,231,1.9111,96.86,31.5,0.5,1.0
cell_002,232,1.9016,96.38,31.5,0.5,1.0
cell_002,233,1.9175,97.18,31.5,0.5,1.0
cell_002,234,1.9239,97.51,31.5,0.5,1.0
cell_002,235,1.8957,96.08,31.5,0.5,1.0
cell_002,236,1.9256,97.59,31.5,0.5,1.0
cell_002,237,1.9182,97.22,31.5,0.5,1.0
cell_002,238,1.8502,93.77,31.5,0.5,1.0
cell_002,239,1.8821,95.39,31.5,0.5,1.0
cell_002,240,1.8989,96.24,31.5,0.5,1.0
cell_002,241,1.8803,95.3,31.5,0.5,1.0
cell_002,242,1.9188,97.25,31.5,0.5,1.0
cell_002,243,1.8525,93.89,31.5,0.5,1.0
cell_002,244,1.849,93.71,31.5,0.5,1.0
cell_002,245,1.8572,94.12,31.5,0.5,1.0
cell_002,246,1.8618,94.36,31.5,0.5,1.0
cell_002,247,1.8472,93.62,31.5,0.5,1.0
cell_002,248,1.9183,97.22,31.5,0.5,1.0
cell_002,249,1.9133,96.97,31.5,0.5,1.0
cell_002,250,1.8766,95.11,31.5,0.5,1.0
cell_002,251,1.8628,94.41,31.5,0.5,1.0
cell_002,252,1.8986,96.22,31.5,0.5,1.0
cell_002,253,1.8422,93.37,31.5,0.5,1.0
cell_002,254,1.8433,93.42,31.5,0.5,1.0
cell_002,255,1.8462,93.57,31.5,0.5,1.0
cell_002,256,1.8686,94.7,31.5,0.5,1.0
cell_002,257,1.9007,96.33,31.5,0.5,1.0
cell_002,258,1.8802,95.29,31.5,0.5,1.0
cell_002,259,1.8612,94.33,31.5,0.5,1.0
cell_002,260,1.8486,93.69,31.5,0.5,1.0
cell_002,261,1.8725,94.9,31.5,0.5,1.0
cell_002,262,1.876,95.08,31.5,0.5,1.0
cell_002,263,1.9067,96.64,31.5,0.5,1.0
cell_002,264,1.8975,96.17,31.5,0.5,1.0
cell_002,265,1.8618,94.36,31.5,0.5,1.0
cell_002,266,1.8846,95.51,31.5,0.5,1.0
cell_002,267,1.8784,95.2,31.5,0.5,1.0
cell_002,268,1.9072,96.66,31.5,0.5,1.0
cell_002,269,1.8749,95.02,31.5,0.5,1.0
cell_002,270,1.8826,95.41,31.5,0.5,1.0
cell_002,271,1.8835,95.46,31.5,0.5,1.0
cell_002,272,1.8788,95.22,31.5,0.5,1.0
cell_002,273,1.8744,95.0,31.5,0.5,1.0
cell_002,274,1.8944,96.01,31.5,0.5,1.0
cell_002,275,1.8783,95.2,31.5,0.5,1.0
cell_002,276,1.8602,94.28,31.5,0.5,1.0
cell_002,277,1.8943,96.01,31.5,0.5,1.0
cell_002,278,1.8724,94.9,31.5,0.5,1.0
cell_002,279,1.8499,93.76,31.5,0.5,1.0
cell_002,280,1.8679,94.67,31.5,0.5,1.0
cell_002,281,1.8612,94.33,31.5,0.5,1.0
cell_002,282,1.8796,95.26,31.5,0.5,1.0
cell_002,283,1.8832,95.45,31.5,0.5,1.0
cell_002,284,1.8447,93.49,31.5,0.5,1.0
cell_002,285,1.8822,95.39,31.5,0.5,1.0
cell_002,286,1.8317,92.83,31.5,0.5,1.0
cell_002,287,1.8369,93.1,31.5,0.5,1.0
cell_002,288,1.8995,96.27,31.5,0.5,1.0
cell_002,289,1.8829,95.43,31.5,0.5,1.0
cell_002,290,1.8435,93.43,31.5,0.5,1.0
cell_002,291,1.855,94.02,31.5,0.5,1.0
cell_002,292,1.8473,93.63,31.5,0.5,1.0
cell_002,293,1.8353,93.02,31.5,0.5,1.0
cell_002,294,1.8463,93.57,31.5,0.5,1.0
cell_002,295,1.8962,96.1,31.5,0.5,1.0
cell_002,296,1.874,94.98,31.5,0.5,1.0
cell_002,297,1.8874,95.66,31.5,0.5,1.0
cell_002,298,1.8909,95.83,31.5,0.5,1.0
cell_002,299,1.8595,94.24,31.5,0.5,1.0
cell_002,300,1.8415,93.33,31.5,0.5,1.0
cell_002,301,1.8761,95.09,31.5,0.5,1.0
cell_002,302,1.8798,95.27,31.5,0.5,1.0
cell_002,303,1.8267,92.58,31.5,0.5,1.0
cell_002,304,1.8983,96.21,31.5,0.5,1.0
cell_002,305,1.8917,95.88,31.5,0.5,1.0
cell_002,306,1.842,93.35,31.5,0.5,1.0
cell_002,307,1.8739,94.97,31.5,0.5,1.0
cell_002,308,1.8615,94.34,31.5,0.5,1.0
cell_002,309,1.8842,95.49,31.5,0.5,1.0
cell_002,310,1.8648,94.51,31.5,0.5,1.0
cell_002,311,1.8676,94.65,31.5,0.5,1.0
cell_002,312,1.8337,92.94,31.5,0.5,1.0
cell_002,313,1.8501,93.76,31.5,0.5,1.0
cell_002,314,1.841,93.3,31.5,0.5,1.0
cell_002,315,1.8591,94.22,31.5,0.5,1.0
cell_002,316,1.8799,95.27,31.5,0.5,1.0
cell_002,317,1.8552,94.03,31.5,0.5,1.0
cell_002,318,1.8554,94.04,31.5,0.5,1.0
cell_002,319,1.8312,92.81,31.5,0.5,1.0
cell_002,320,1.8446,93.49,31.5,0.5,1.0
cell_002,321,1.871,94.82,31.5,0.5,1.0
cell_002,322,1.8481,93.66,31.5,0.5,1.0
cell_002,323,1.8818,95.37,31.5,0.5,1.0
cell_002,324,1.8861,95.59,31.5,0.5,1.0
cell_002,325,1.8528,93.9,31.5,0.5,1.0
cell_002,326,1.8798,95.27,31.5,0.5,1.0
cell_002,327,1.8891,95.74,31.5,0.5,1.0
cell_002,328,1.8562,94.08,31.5,0.5,1.0
cell_002,329,1.8292,92.71,31.5,0.5,1.0
cell_002,330,1.8183,92.16,31.5,0.5,1.0
cell_002,331,1.8431,93.41,31.5,0.5,1.0
cell_002,332,1.8712,94.84,31.5,0.5,1.0
cell_002,333,1.815,91.98,31.5,0.5,1.0
cell_002,334,1.8748,95.02,31.5,0.5,1.0
cell_002,335,1.8185,92.17,31.5,0.5,1.0
cell_002,336,1.8366,93.08,31.5,0.5,1.0
cell_002,337,1.8631,94.43,31.5,0.5,1.0
cell_002,338,1.8619,94.36,31.5,0.5,1.0
cell_002,339,1.8146,91.97,31.5,0.5,1.0
cell_002,340,1.8624,94.39,31.5,0.5,1.0
cell_002,341,1.8574,94.14,31.5,0.5,1.0
cell_002,342,1.8245,92.47,31.5,0.5,1.0
cell_002,343,1.8176,92.12,31.5,0.5,1.0
cell_002,344,1.8436,93.44,31.5,0.5,1.0
cell_002,345,1.8408,93.3,31.5,0.5,1.0
cell_002,346,1.8516,93.84,31.5,0.5,1.0
cell_002,347,1.8254,92.52,31.5,0.5,1.0
cell_002,348,1.8171,92.09,31.5,0.5,1.0
cell_002,349,1.8605,94.29,31.5,0.5,1.0
cell_002,350,1.8038,91.42,31.5,0.5,1.0
cell_002,351,1.8385,93.18,31.5,0.5,1.0
cell_002,352,1.8449,93.5,31.5,0.5,1.0
cell_002,353,1.8363,93.07,31.5,0.5,1.0
cell_002,354,1.8724,94.9,31.5,0.5,1.0
cell_002,355,1.8391,93.21,31.5,0.5,1.0
cell_002,356,1.8351,93.01,31.5,0.5,1.0
cell_002,357,1.804,91.43,31.5,0.5,1.0
cell_002,358,1.8615,94.34,31.5,0.5,1.0
cell_002,359,1.8138,91.93,31.5,0.5,1.0
cell_002,360,1.8315,92.82,31.5,0.5,1.0
cell_002,361,1.832,92.85,31.5,0.5,1.0
cell_002,362,1.8076,91.61,31.5,0.5,1.0
cell_002,363,1.8082,91.64,31.5,0.5,1.0
cell_002,364,1.8069,91.58,31.5,0.5,1.0
cell_002,365,1.8482,93.67,31.5,0.5,1.0
cell_002,366,1.8665,94.6,31.5,0.5,1.0
cell_002,367,1.8039,91.42,31.5,0.5,1.0
cell_002,368,1.8419,93.35,31.5,0.5,1.0
cell_002,369,1.861,94.32,31.5,0.5,1.0
cell_002,370,1.8411,93.31,31.5,0.5,1.0
cell_002,371,1.8497,93.74,31.5,0.5,1.0
cell_002,372,1.8245,92.47,31.5,0.5,1.0
cell_002,373,1.8504,93.78,31.5,0.5,1.0
cell_002,374,1.8679,94.67,31.5,0.5,1.0
cell_002,375,1.8195,92.22,31.5,0.5,1.0
cell_002,376,1.8568,94.1,31.5,0.5,1.0
cell_002,377,1.8258,92.53,31.5,0.5,1.0
cell_002,378,1.8668,94.61,31.5,0.5,1.0
cell_002,379,1.8095,91.71,31.5,0.5,1.0
cell_002,380,1.8426,93.39,31.5,0.5,1.0
cell_002,381,1.8333,92.92,31.5,0.5,1.0
cell_002,382,1.8583,94.18,31.5,0.5,1.0
cell_002,383,1.8097,91.72,31.5,0.5,1.0
cell_002,384,1.8504,93.78,31.5,0.5,1.0
cell_002,385,1.8573,94.13,31.5,0.5,1.0
cell_002,386,1.7893,90.68,31.5,0.5,1.0
cell_002,387,1.8131,91.89,31.5,0.5,1.0
cell_002,388,1.8617,94.35,31.5,0.5,1.0
cell_002,389,1.8365,93.07,31.5,0.5,1.0
cell_002,390,1.819,92.19,31.5,0.5,1.0
cell_002,391,1.8156,92.02,31.5,0.5,1.0
cell_002,392,1.8161,92.04,31.5,0.5,1.0
cell_002,393,1.7971,91.08,31.5,0.5,1.0
cell_002,394,1.8,91.23,31.5,0.5,1.0
cell_002,395,1.8436,93.44,31.5,0.5,1.0
cell_002,396,1.8589,94.21,31.5,0.5,1.0
cell_002,397,1.8046,91.46,31.5,0.5,1.0
cell_002,398,1.8608,94.31,31.5,0.5,1.0
cell_002,399,1.8029,91.38,31.5,0.5,1.0
cell_002,400,1.833,92.9,31.5,0.5,1.0
cell_002,401,1.8024,91.35,31.5,0.5,1.0
cell_002,402,1.8543,93.98,31.5,0.5,1.0
cell_002,403,1.8335,92.92,31.5,0.5,1.0
cell_002,404,1.7839,90.41,31.5,0.5,1.0
cell_002,405,1.7929,90.87,31.5,0.5,1.0
cell_002,406,1.8457,93.54,31.5,0.5,1.0
cell_002,407,1.817,92.09,31.5,0.5,1.0
cell_002,408,1.7992,91.18,31.5,0.5,1.0
cell_002,409,1.8217,92.33,31.5,0.5,1.0
cell_002,410,1.803,91.38,31.5,0.5,1.0
cell_002,411,1.7803,90.23,31.5,0.5,1.0
cell_002,412,1.787,90.57,31.5,0.5,1.0
cell_002,413,1.812,91.84,31.5,0.5,1.0
cell_002,414,1.8041,91.43,31.5,0.5,1.0
cell_002,415,1.777,90.06,31.5,0.5,1.0
cell_002,416,1.8385,93.18,31.5,0.5,1.0
cell_002,417,1.818,92.14,31.5,0.5,1.0
cell_002,418,1.8058,91.52,31.5,0.5,1.0
cell_002,419,1.8135,91.91,31.5,0.5,1.0
cell_002,420,1.78,90.21,31.5,0.5,1.0
cell_002,421,1.8292,92.71,31.5,0.5,1.0
cell_002,422,1.829,92.7,31.5,0.5,1.0
cell_002,423,1.8475,93.64,31.5,0.5,1.0
cell_002,424,1.833,92.9,31.5,0.5,1.0
cell_002,425,1.7902,90.73,31.5,0.5,1.0
cell_002,426,1.7736,89.89,31.5,0.5,1.0
cell_002,427,1.8386,93.18,31.5,0.5,1.0
cell_002,428,1.7832,90.38,31.5,0.5,1.0
cell_002,429,1.7723,89.82,31.5,0.5,1.0
cell_002,430,1.792,90.82,31.5,0.5,1.0
cell_002,431,1.7746,89.94,31.5,0.5,1.0
cell_002,432,1.7798,90.2,31.5,0.5,1.0
cell_002,433,1.7781,90.11,31.5,0.5,1.0
cell_002,434,1.837,93.1,31.5,0.5,1.0
cell_002,435,1.8187,92.17,31.5,0.5,1.0
cell_002,436,1.7732,89.87,31.5,0.5,1.0
cell_002,437,1.7717,89.79,31.5,0.5,1.0
cell_002,438,1.8385,93.18,31.5,0.5,1.0
cell_002,439,1.8038,91.42,31.5,0.5,1.0
cell_002,440,1.7656,89.48,31.5,0.5,1.0
cell_002,441,1.8273,92.61,31.5,0.5,1.0
cell_002,442,1.827,92.59,31.5,0.5,1.0
cell_002,443,1.7723,89.82,31.5,0.5,1.0
cell_002,444,1.8235,92.42,31.5,0.5,1.0
cell_002,445,1.7654,89.48,31.5,0.5,1.0
cell_002,446,1.8005,91.25,31.5,0.5,1.0
cell_002,447,1.822,92.34,31.5,0.5,1.0
cell_002,448,1.817,92.09,31.5,0.5,1.0
cell_002,449,1.8328,92.89,31.5,0.5,1.0
cell_002,450,1.8377,93.14,31.5,0.5,1.0
cell_002,451,1.7715,89.78,31.5,0.5,1.0
cell_002,452,1.7967,91.06,31.5,0.5,1.0
cell_002,453,1.7972,91.08,31.5,0.5,1.0
cell_002,454,1.823,92.39,31.5,0.5,1.0
cell_002,455,1.7912,90.78,31.5,0.5,1.0
cell_002,456,1.8172,92.1,31.5,0.5,1.0
cell_002,457,1.7679,89.6,31.5,0.5,1.0
cell_002,458,1.7935,90.9,31.5,0.5,1.0
cell_002,459,1.8297,92.73,31.5,0.5,1.0
cell_002,460,1.7868,90.56,31.5,0.5,1.0
cell_002,461,1.8035,91.41,31.5,0.5,1.0
cell_002,462,1.7995,91.2,31.5,0.5,1.0
cell_002,463,1.7863,90.53,31.5,0.5,1.0
cell_002,464,1.8151,91.99,31.5,0.5,1.0
cell_002,465,1.7779,90.11,31.5,0.5,1.0
cell_002,466,1.7891,90.68,31.5,0.5,1.0
cell_002,467,1.7791,90.17,31.5,0.5,1.0
cell_002,468,1.7824,90.34,31.5,0.5,1.0
cell_002,469,1.8281,92.65,31.5,0.5,1.0
cell_002,470,1.798,91.13,31.5,0.5,1.0
cell_002,471,1.8095,91.71,31.5,0.5,1.0
cell_002,472,1.7759,90.01,31.5,0.5,1.0
cell_002,473,1.7581,89.1,31.5,0.5,1.0
cell_002,474,1.8282,92.65,31.5,0.5,1.0
cell_002,475,1.7639,89.4,31.5,0.5,1.0
cell_002,476,1.7679,89.6,31.5,0.5,1.0
cell_002,477,1.7534,88.87,31.5,0.5,1.0
cell_002,478,1.778,90.11,31.5,0.5,1.0
cell_002,479,1.7923,90.83,31.5,0.5,1.0
cell_002,480,1.7972,91.09,31.5,0.5,1.0
cell_002,481,1.8236,92.42,31.5,0.5,1.0
cell_002,482,1.788,90.62,31.5,0.5,1.0
cell_002,483,1.7904,90.74,31.5,0.5,1.0
cell_002,484,1.8001,91.23,31.5,0.5,1.0
cell_002,485,1.8076,91.61,31.5,0.5,1.0
cell_002,486,1.7803,90.23,31.5,0.5,1.0
cell_002,487,1.769,89.65,31.5,0.5,1.0
cell_002,488,1.7813,90.28,31.5,0.5,1.0
cell_002,489,1.7854,90.48,31.5,0.5,1.0
cell_002,490,1.7493,88.66,31.5,0.5,1.0
cell_002,491,1.7692,89.66,31.5,0.5,1.0
cell_002,492,1.8102,91.74,31.5,0.5,1.0
cell_002,493,1.7447,88.43,31.5,0.5,1.0
cell_002,494,1.8073,91.6,31.5,0.5,1.0
cell_002,495,1.786,90.52,31.5,0.5,1.0
cell_002,496,1.7886,90.65,31.5,0.5,1.0
cell_002,497,1.7412,88.24,31.5,0.5,1.0
cell_002,498,1.7504,88.71,31.5,0.5,1.0
cell_002,499,1.8027,91.36,31.5,0.5,1.0
cell_002,500,1.7663,89.52,31.5,0.5,1.0
cell_002,501,1.8179,92.13,31.5,0.5,1.0
cell_002,502,1.7644,89.42,31.5,0.5,1.0
cell_002,503,1.8139,91.93,31.5,0.5,1.0
cell_002,504,1.8076,91.61,31.5,0.5,1.0
cell_002,505,1.7831,90.37,31.5,0.5,1.0
cell_002,506,1.7456,88.47,31.5,0.5,1.0
cell_002,507,1.7662,89.51,31.5,0.5,1.0
cell_002,508,1.7366,88.01,31.5,0.5,1.0
cell_002,509,1.7871,90.57,31.5,0.5,1.0
cell_002,510,1.7899,90.72,31.5,0.5,1.0
cell_002,511,1.8018,91.32,31.5,0.5,1.0
cell_002,512,1.794,90.92,31.5,0.5,1.0
cell_002,513,1.7922,90.83,31.5,0.5,1.0
cell_002,514,1.7693,89.67,31.5,0.5,1.0
cell_002,515,1.7677,89.59,31.5,0.5,1.0
cell_002,516,1.7536,88.88,31.5,0.5,1.0
cell_002,517,1.7852,90.48,31.5,0.5,1.0
cell_002,518,1.7506,88.72,31.5,0.5,1.0
cell_002,519,1.7491,88.65,31.5,0.5,1.0
cell_002,520,1.8007,91.26,31.5,0.5,1.0
cell_002,521,1.7644,89.42,31.5,0.5,1.0
cell_002,522,1.7636,89.38,31.5,0.5,1.0
cell_002,523,1.8054,91.5,31.5,0.5,1.0
cell_002,524,1.7763,90.03,31.5,0.5,1.0
cell_002,525,1.7601,89.21,31.5,0.5,1.0
cell_002,526,1.7712,89.77,31.5,0.5,1.0
cell_002,527,1.8015,91.3,31.5,0.5,1.0
cell_002,528,1.7737,89.89,31.5,0.5,1.0
cell_002,529,1.7677,89.59,31.5,0.5,1.0
cell_002,530,1.7514,88.77,31.5,0.5,1.0
cell_002,531,1.7368,88.02,31.5,0.5,1.0
cell_002,532,1.7326,87.81,31.5,0.5,1.0
cell_002,533,1.7279,87.57,31.5,0.5,1.0
cell_002,534,1.779,90.16,31.5,0.5,1.0
cell_002,535,1.7586,89.13,31.5,0.5,1.0
cell_002,536,1.8003,91.24,31.5,0.5,1.0
cell_002,537,1.7672,89.57,31.5,0.5,1.0
cell_002,538,1.7516,88.77,31.5,0.5,1.0
cell_002,539,1.7546,88.93,31.5,0.5,1.0
cell_002,540,1.7623,89.32,31.5,0.5,1.0
cell_002,541,1.7838,90.41,31.5,0.5,1.0
cell_002,542,1.8005,91.25,31.5,0.5,1.0
cell_002,543,1.7716,89.79,31.5,0.5,1.0
cell_002,544,1.7356,87.96,31.5,0.5,1.0
cell_002,545,1.7969,91.07,31.5,0.5,1.0
cell_002,546,1.7832,90.37,31.5,0.5,1.0
cell_002,547,1.7488,88.63,31.5,0.5,1.0
cell_002,548,1.7977,91.11,31.5,0.5,1.0
cell_002,549,1.7195,87.15,31.5,0.5,1.0
cell_002,550,1.7605,89.23,31.5,0.5,1.0
cell_002,551,1.7465,88.52,31.5,0.5,1.0
cell_002,552,1.7959,91.02,31.5,0.5,1.0
cell_002,553,1.7281,87.58,31.5,0.5,1.0
cell_002,554,1.7261,87.48,31.5,0.5,1.0
cell_002,555,1.7911,90.78,31.5,0.5,1.0
cell_002,556,1.7756,89.99,31.5,0.5,1.0
cell_002,557,1.7722,89.82,31.5,0.5,1.0
cell_002,558,1.7776,90.09,31.5,0.5,1.0
cell_002,559,1.7403,88.2,31.5,0.5,1.0
cell_002,560,1.753,88.85,31.5,0.5,1.0
cell_002,561,1.7247,87.41,31.5,0.5,1.0
cell_002,562,1.7465,88.52,31.5,0.5,1.0
cell_002,563,1.7135,86.84,31.5,0.5,1.0
cell_002,564,1.7797,90.2,31.5,0.5,1.0
cell_002,565,1.7149,86.91,31.5,0.5,1.0
cell_002,566,1.7617,89.28,31.5,0.5,1.0
cell_002,567,1.778,90.11,31.5,0.5,1.0
cell_002,568,1.7349,87.92,31.5,0.5,1.0
cell_002,569,1.7247,87.41,31.5,0.5,1.0
cell_002,570,1.7778,90.1,31.5,0.5,1.0
cell_002,571,1.7158,86.96,31.5,0.5,1.0
cell_002,572,1.7138,86.86,31.5,0.5,1.0
cell_002,573,1.7791,90.17,31.5,0.5,1.0
cell_002,574,1.7557,88.98,31.5,0.5,1.0
cell_002,575,1.7653,89.47,31.5,0.5,1.0
cell_002,576,1.7102,86.68,31.5,0.5,1.0
cell_002,577,1.7278,87.57,31.5,0.5,1.0
cell_002,578,1.7119,86.76,31.5,0.5,1.0
cell_002,579,1.7596,89.18,31.5,0.5,1.0
cell_002,580,1.7685,89.63,31.5,0.5,1.0
cell_002,581,1.7206,87.2,31.5,0.5,1.0
cell_002,582,1.7197,87.16,31.5,0.5,1.0
cell_002,583,1.7158,86.96,31.5,0.5,1.0
cell_002,584,1.7232,87.33,31.5,0.5,1.0
cell_002,585,1.7673,89.57,31.5,0.5,1.0
cell_002,586,1.7747,89.94,31.5,0.5,1.0
cell_002,587,1.7365,88.01,31.5,0.5,1.0
cell_002,588,1.7072,86.53,31.5,0.5,1.0
cell_002,589,1.7662,89.51,31.5,0.5,1.0
cell_002,590,1.7028,86.3,31.5,0.5,1.0
cell_002,591,1.7509,88.74,31.5,0.5,1.0
cell_002,592,1.7126,86.8,31.5,0.5,1.0
cell_002,593,1.7278,87.57,31.5,0.5,1.0
cell_002,594,1.7356,87.96,31.5,0.5,1.0
cell_002,595,1.7113,86.73,31.5,0.5,1.0
cell_002,596,1.7021,86.27,31.5,0.5,1.0
cell_002,597,1.7638,89.39,31.5,0.5,1.0
cell_002,598,1.733,87.83,31.5,0.5,1.0
cell_002,599,1.7344,87.9,31.5,0.5,1.0
cell_002,600,1.7123,86.78,31.5,0.5,1.0
cell_002,601,1.7005,86.18,31.5,0.5,1.0
cell_002,602,1.7419,88.28,31.5,0.5,1.0
cell_002,603,1.7118,86.76,31.5,0.5,1.0
cell_002,604,1.7651,89.46,31.5,0.5,1.0
cell_002,605,1.7686,89.64,31.5,0.5,1.0
cell_002,606,1.7539,88.89,31.5,0.5,1.0
cell_002,607,1.7219,87.27,31.5,0.5,1.0
cell_002,608,1.7537,88.88,31.5,0.5,1.0
cell_002,609,1.741,88.24,31.5,0.5,1.0
cell_002,610,1.6986,86.09,31.5,0.5,1.0
cell_002,611,1.7404,88.21,31.5,0.5,1.0
cell_002,612,1.7698,89.69,31.5,0.5,1.0
cell_002,613,1.7522,88.8,31.5,0.5,1.0
cell_002,614,1.7221,87.28,31.5,0.5,1.0
cell_002,615,1.7327,87.82,31.5,0.5,1.0
cell_002,616,1.738,88.09,31.5,0.5,1.0
cell_002,617,1.7173,87.03,31.5,0.5,1.0
cell_002,618,1.7185,87.1,31.5,0.5,1.0
cell_002,619,1.7554,88.96,31.5,0.5,1.0
cell_002,620,1.7539,88.89,31.5,0.5,1.0
cell_002,621,1.722,87.28,31.5,0.5,1.0
cell_002,622,1.7452,88.45,31.5,0.5,1.0
cell_002,623,1.7476,88.57,31.5,0.5,1.0
cell_002,624,1.7503,88.71,31.5,0.5,1.0
cell_002,625,1.7514,88.77,31.5,0.5,1.0
cell_002,626,1.7405,88.21,31.5,0.5,1.0
cell_002,627,1.7562,89.01,31.5,0.5,1.0
cell_002,628,1.6863,85.46,31.5,0.5,1.0
cell_002,629,1.7483,88.6,31.5,0.5,1.0
cell_002,630,1.6923,85.77,31.5,0.5,1.0
cell_002,631,1.7536,88.87,31.5,0.5,1.0
cell_002,632,1.7399,88.18,31.5,0.5,1.0
cell_002,633,1.7113,86.73,31.5,0.5,1.0
cell_002,634,1.7436,88.37,31.5,0.5,1.0
cell_002,635,1.7232,87.34,31.5,0.5,1.0
cell_002,636,1.6833,85.31,31.5,0.5,1.0
cell_002,637,1.7092,86.63,31.5,0.5,1.0
cell_002,638,1.7423,88.3,31.5,0.5,1.0
cell_002,639,1.7024,86.28,31.5,0.5,1.0
cell_002,640,1.7485,88.62,31.5,0.5,1.0
cell_002,641,1.7312,87.74,31.5,0.5,1.0
cell_002,642,1.6989,86.1,31.5,0.5,1.0
cell_002,643,1.7246,87.41,31.5,0.5,1.0
cell_002,644,1.7295,87.65,31.5,0.5,1.0
cell_002,645,1.6905,85.68,31.5,0.5,1.0
cell_002,646,1.7143,86.88,31.5,0.5,1.0
cell_002,647,1.6769,84.99,31.5,0.5,1.0
cell_002,648,1.6849,85.39,31.5,0.5,1.0
cell_002,649,1.6909,85.7,31.5,0.5,1.0
cell_002,650,1.683,85.3,31.5,0.5,1.0
cell_002,651,1.7462,88.5,31.5,0.5,1.0
cell_002,652,1.6801,85.15,31.5,0.5,1.0
cell_002,653,1.7466,88.52,31.5,0.5,1.0
cell_002,654,1.6766,84.97,31.5,0.5,1.0
cell_002,655,1.6989,86.11,31.5,0.5,1.0
cell_002,656,1.6875,85.52,31.5,0.5,1.0
cell_002,657,1.6834,85.32,31.5,0.5,1.0
cell_002,658,1.6911,85.71,31.5,0.5,1.0
cell_002,659,1.7121,86.77,31.5,0.5,1.0
cell_002,660,1.7322,87.79,31.5,0.5,1.0
cell_002,661,1.6989,86.1,31.5,0.5,1.0
cell_002,662,1.6728,84.78,31.5,0.5,1.0
cell_002,663,1.7176,87.05,31.5,0.5,1.0
cell_002,664,1.6881,85.56,31.5,0.5,1.0
cell_002,665,1.7292,87.64,31.5,0.5,1.0
cell_002,666,1.7261,87.48,31.5,0.5,1.0
cell_002,667,1.7227,87.31,31.5,0.5,1.0
cell_002,668,1.7193,87.14,31.5,0.5,1.0
cell_002,669,1.7166,87.0,31.5,0.5,1.0
cell_002,670,1.6876,85.53,31.5,0.5,1.0
cell_002,671,1.7149,86.92,31.5,0.5,1.0
cell_002,672,1.6968,86.0,31.5,0.5,1.0
cell_002,673,1.7339,87.88,31.5,0.5,1.0
cell_002,674,1.7062,86.47,31.5,0.5,1.0
cell_002,675,1.7048,86.4,31.5,0.5,1.0
cell_002,676,1.6886,85.58,31.5,0.5,1.0
cell_002,677,1.7243,87.39,31.5,0.5,1.0
cell_002,678,1.6782,85.05,31.5,0.5,1.0
cell_002,679,1.6884,85.57,31.5,0.5,1.0
cell_002,680,1.667,84.49,31.5,0.5,1.0
cell_002,681,1.7261,87.48,31.5,0.5,1.0
cell_002,682,1.6922,85.76,31.5,0.5,1.0
cell_002,683,1.681,85.2,31.5,0.5,1.0
cell_002,684,1.7287,87.61,31.5,0.5,1.0
cell_002,685,1.6912,85.71,31.5,0.5,1.0
cell_002,686,1.672,84.74,31.5,0.5,1.0
cell_002,687,1.7326,87.81,31.5,0.5,1.0
cell_002,688,1.7093,86.63,31.5,0.5,1.0
cell_002,689,1.7174,87.04,31.5,0.5,1.0
cell_002,690,1.6808,85.19,31.5,0.5,1.0
cell_002,691,1.6599,84.13,31.5,0.5,1.0
cell_002,692,1.7168,87.01,31.5,0.5,1.0
cell_002,693,1.6855,85.42,31.5,0.5,1.0
cell_002,694,1.6826,85.28,31.5,0.5,1.0
cell_002,695,1.6612,84.19,31.5,0.5,1.0
cell_002,696,1.6898,85.64,31.5,0.5,1.0
cell_002,697,1.7001,86.16,31.5,0.5,1.0
cell_002,698,1.6805,85.17,31.5,0.5,1.0
cell_002,699,1.729,87.63,31.5,0.5,1.0
cell_002,700,1.7281,87.58,31.5,0.5,1.0
cell_002,701,1.6977,86.04,31.5,0.5,1.0
cell_002,702,1.6646,84.36,31.5,0.5,1.0
cell_002,703,1.7146,86.9,31.5,0.5,1.0
cell_002,704,1.6676,84.52,31.5,0.5,1.0
cell_002,705,1.6574,84.0,31.5,0.5,1.0
cell_002,706,1.7137,86.85,31.5,0.5,1.0
cell_002,707,1.686,85.45,31.5,0.5,1.0
cell_002,708,1.6733,84.81,31.5,0.5,1.0
cell_002,709,1.6917,85.74,31.5,0.5,1.0
cell_002,710,1.7055,86.44,31.5,0.5,1.0
cell_002,711,1.7262,87.49,31.5,0.5,1.0
cell_002,712,1.677,84.99,31.5,0.5,1.0
cell_002,713,1.6882,85.56,31.5,0.5,1.0
cell_002,714,1.6712,84.7,31.5,0.5,1.0
cell_002,715,1.7045,86.38,31.5,0.5,1.0
cell_002,716,1.7184,87.09,31.5,0.5,1.0
cell_002,717,1.6526,83.75,31.5,0.5,1.0
cell_002,718,1.6537,83.81,31.5,0.5,1.0
cell_002,719,1.7163,86.98,31.5,0.5,1.0
cell_002,720,1.6516,83.71,31.5,0.5,1.0
cell_002,721,1.646,83.42,31.5,0.5,1.0
cell_002,722,1.6808,85.19,31.5,0.5,1.0
cell_002,723,1.6986,86.09,31.5,0.5,1.0
cell_002,724,1.6776,85.02,31.5,0.5,1.0
cell_002,725,1.7158,86.96,31.5,0.5,1.0
cell_002,726,1.7045,86.39,31.5,0.5,1.0
cell_002,727,1.6442,83.33,31.5,0.5,1.0
cell_002,728,1.6857,85.44,31.5,0.5,1.0
cell_002,729,1.6471,83.48,31.5,0.5,1.0
cell_002,730,1.6856,85.43,31.5,0.5,1.0
cell_002,731,1.7005,86.19,31.5,0.5,1.0
cell_002,732,1.6782,85.05,31.5,0.5,1.0
cell_002,733,1.6414,83.19,31.5,0.5,1.0
cell_002,734,1.6526,83.76,31.5,0.5,1.0
cell_002,735,1.7099,86.66,31.5,0.5,1.0
cell_002,736,1.6609,84.17,31.5,0.5,1.0
cell_002,737,1.6463,83.44,31.5,0.5,1.0
cell_002,738,1.6658,84.43,31.5,0.5,1.0
cell_002,739,1.6829,85.29,31.5,0.5,1.0
cell_002,740,1.6511,83.68,31.5,0.5,1.0
cell_002,741,1.6677,84.52,31.5,0.5,1.0
cell_002,742,1.6699,84.63,31.5,0.5,1.0
cell_002,743,1.7105,86.69,31.5,0.5,1.0
cell_002,744,1.7121,86.77,31.5,0.5,1.0
cell_002,745,1.6484,83.55,31.5,0.5,1.0
cell_002,746,1.6945,85.88,31.5,0.5,1.0
cell_002,747,1.6523,83.74,31.5,0.5,1.0
cell_002,748,1.6796,85.13,31.5,0.5,1.0
cell_002,749,1.6733,84.8,31.5,0.5,1.0
cell_002,750,1.6868,85.49,31.5,0.5,1.0
cell_002,751,1.6418,83.21,31.5,0.5,1.0
cell_002,752,1.6573,83.99,31.5,0.5,1.0
cell_002,753,1.6305,82.64,31.5,0.5,1.0
cell_002,754,1.6632,84.3,31.5,0.5,1.0
cell_002,755,1.6696,84.62,31.5,0.5,1.0
cell_002,756,1.6501,83.63,31.5,0.5,1.0
cell_002,757,1.6764,84.96,31.5,0.5,1.0
cell_002,758,1.6729,84.79,31.5,0.5,1.0
cell_002,759,1.6279,82.5,31.5,0.5,1.0
cell_002,760,1.6426,83.25,31.5,0.5,1.0
cell_002,761,1.659,84.08,31.5,0.5,1.0
cell_002,762,1.6303,82.62,31.5,0.5,1.0
cell_002,763,1.6698,84.63,31.5,0.5,1.0
cell_002,764,1.6823,85.26,31.5,0.5,1.0
cell_002,765,1.6579,84.02,31.5,0.5,1.0
cell_002,766,1.633,82.76,31.5,0.5,1.0
cell_002,767,1.6587,84.06,31.5,0.5,1.0
cell_002,768,1.6479,83.52,31.5,0.5,1.0
cell_002,769,1.6268,82.45,31.5,0.5,1.0
cell_002,770,1.6473,83.49,31.5,0.5,1.0
cell_002,771,1.6222,82.22,31.5,0.5,1.0
cell_002,772,1.6752,84.9,31.5,0.5,1.0
cell_002,773,1.6519,83.72,31.5,0.5,1.0
cell_002,774,1.6918,85.74,31.5,0.5,1.0
cell_002,775,1.6724,84.76,31.5,0.5,1.0
cell_002,776,1.6724,84.76,31.5,0.5,1.0
cell_002,777,1.6911,85.71,31.5,0.5,1.0
cell_002,778,1.6966,85.98,31.5,0.5,1.0
cell_002,779,1.6214,82.17,31.5,0.5,1.0
cell_002,780,1.6213,82.17,31.5,0.5,1.0
cell_002,781,1.6792,85.1,31.5,0.5,1.0
cell_002,782,1.6919,85.75,31.5,0.5,1.0
cell_002,783,1.6563,83.95,31.5,0.5,1.0
cell_002,784,1.6771,85.0,31.5,0.5,1.0
cell_002,785,1.6317,82.7,31.5,0.5,1.0
cell_002,786,1.6801,85.15,31.5,0.5,1.0
cell_002,787,1.6669,84.48,31.5,0.5,1.0
cell_002,788,1.6206,82.13,31.5,0.5,1.0
cell_002,789,1.6415,83.2,31.5,0.5,1.0
cell_002,790,1.6786,85.08,31.5,0.5,1.0
cell_002,791,1.6706,84.67,31.5,0.5,1.0
cell_002,792,1.6132,81.76,31.5,0.5,1.0
cell_002,793,1.651,83.68,31.5,0.5,1.0
cell_002,794,1.6516,83.7,31.5,0.5,1.0
cell_002,795,1.6369,82.96,31.5,0.5,1.0
cell_002,796,1.6161,81.91,31.5,0.5,1.0
cell_002,797,1.6332,82.77,31.5,0.5,1.0
cell_002,798,1.6771,85.0,31.5,0.5,1.0
cell_002,799,1.6107,81.63,31.5,0.5,1.0
cell_002,800,1.6821,85.25,31.5,0.5,1.0
cell_003,1,2.001,99.57,23.6,1.0,3.0
cell_003,2,2.0082,99.93,23.6,1.0,3.0
cell_003,3,1.9937,99.21,23.6,1.0,3.0
cell_003,4,1.9801,98.53,23.6,1.0,3.0
cell_003,5,1.985,98.77,23.6,1.0,3.0
cell_003,6,1.993,99.17,23.6,1.0,3.0
cell_003,7,2.0441,101.72,23.6,1.0,3.0
cell_003,8,2.0157,100.3,23.6,1.0,3.0
cell_003,9,2.0432,101.67,23.6,1.0,3.0
cell_003,10,2.041,101.56,23.6,1.0,3.0
cell_003,11,2.0384,101.43,23.6,1.0,3.0
cell_003,12,1.9734,98.2,23.6,1.0,3.0
cell_003,13,2.0344,101.23,23.6,1.0,3.0
cell_003,14,2.0163,100.33,23.6,1.0,3.0
cell_003,15,1.9698,98.02,23.6,1.0,3.0
cell_003,16,2.0378,101.4,23.6,1.0,3.0
cell_003,17,2.0248,100.75,23.6,1.0,3.0
cell_003,18,2.02,100.51,23.6,1.0,3.0
cell_003,19,2.026,100.81,23.6,1.0,3.0
cell_003,20,1.969,97.98,23.6,1.0,3.0
cell_003,21,1.9712,98.09,23.6,1.0,3.0
cell_003,22,1.9936,99.2,23.6,1.0,3.0
cell_003,23,2.0102,100.03,23.6,1.0,3.0
cell_003,24,1.9921,99.13,23.6,1.0,3.0
cell_003,25,2.0384,101.43,23.6,1.0,3.0
cell_003,26,1.9772,98.38,23.6,1.0,3.0
cell_003,27,2.012,100.11,23.6,1.0,3.0
cell_003,28,1.9945,99.25,23.6,1.0,3.0
cell_003,29,2.0272,100.87,23.6,1.0,3.0
cell_003,30,2.0365,101.33,23.6,1.0,3.0
cell_003,31,2.0017,99.6,23.6,1.0,3.0
cell_003,32,2.0345,101.23,23.6,1.0,3.0
cell_003,33,1.9681,97.93,23.6,1.0,3.0
cell_003,34,1.9846,98.76,23.6,1.0,3.0
cell_003,35,1.9799,98.52,23.6,1.0,3.0
cell_003,36,2.0227,100.65,23.6,1.0,3.0
cell_003,37,1.9815,98.6,23.6,1.0,3.0
cell_003,38,2.0279,100.91,23.6,1.0,3.0
cell_003,39,2.012,100.11,23.6,1.0,3.0
cell_003,40,2.0197,100.5,23.6,1.0,3.0
cell_003,41,1.9818,98.61,23.6,1.0,3.0
cell_003,42,2.0066,99.85,23.6,1.0,3.0
cell_003,43,1.9745,98.25,23.6,1.0,3.0
cell_003,44,1.9716,98.1,23.6,1.0,3.0
cell_003,45,2.0135,100.19,23.6,1.0,3.0
cell_003,46,2.0096,100.0,23.6,1.0,3.0
cell_003,47,2.0172,100.38,23.6,1.0,3.0
cell_003,48,2.0328,101.15,23.6,1.0,3.0
cell_003,49,2.0179,100.41,23.6,1.0,3.0
cell_003,50,1.9783,98.44,23.6,1.0,3.0
cell_003,51,1.9581,97.44,23.6,1.0,3.0
cell_003,52,2.0249,100.76,23.6,1.0,3.0
cell_003,53,1.9992,99.48,23.6,1.0,3.0
cell_003,54,1.9658,97.82,23.6,1.0,3.0
cell_003,55,2.0271,100.87,23.6,1.0,3.0
cell_003,56,1.9575,97.4,23.6,1.0,3.0
cell_003,57,1.9544,97.25,23.6,1.0,3.0
cell_003,58,1.9741,98.23,23.6,1.0,3.0
cell_003,59,2.0257,100.8,23.6,1.0,3.0
cell_003,60,2.0302,101.02,23.6,1.0,3.0
cell_003,61,1.9881,98.93,23.6,1.0,3.0
cell_003,62,1.9822,98.63,23.6,1.0,3.0
cell_003,63,2.0237,100.7,23.6,1.0,3.0
cell_003,64,1.9629,97.67,23.6,1.0,3.0
cell_003,65,2.0016,99.6,23.6,1.0,3.0
cell_003,66,1.9733,98.19,23.6,1.0,3.0
cell_003,67,1.954,97.23,23.6,1.0,3.0
cell_003,68,2.0139,100.21,23.6,1.0,3.0
cell_003,69,1.959,97.48,23.6,1.0,3.0
cell_003,70,1.9864,98.84,23.6,1.0,3.0
cell_003,71,1.9757,98.31,23.6,1.0,3.0
cell_003,72,1.9887,98.96,23.6,1.0,3.0
cell_003,73,1.9893,98.99,23.6,1.0,3.0
cell_003,74,2.0099,100.01,23.6,1.0,3.0
cell_003,75,2.005,99.77,23.6,1.0,3.0
cell_003,76,2.0178,100.41,23.6,1.0,3.0
cell_003,77,1.9871,98.88,23.6,1.0,3.0
cell_003,78,2.0013,99.58,23.6,1.0,3.0
cell_003,79,1.9715,98.1,23.6,1.0,3.0
cell_003,80,2.0011,99.57,23.6,1.0,3.0
cell_003,81,2.0006,99.55,23.6,1.0,3.0
cell_003,82,1.9842,98.73,23.6,1.0,3.0
cell_003,83,1.9641,97.73,23.6,1.0,3.0
cell_003,84,1.9911,99.07,23.6,1.0,3.0
cell_003,85,1.951,97.08,23.6,1.0,3.0
cell_003,86,2.0128,100.16,23.6,1.0,3.0
cell_003,87,2.0157,100.3,23.6,1.0,3.0
cell_003,88,1.9985,99.44,23.6,1.0,3.0
cell_003,89,1.9882,98.93,23.6,1.0,3.0
cell_003,90,2.0112,100.08,23.6,1.0,3.0
cell_003,91,1.9742,98.24,23.6,1.0,3.0
cell_003,92,1.9862,98.83,23.6,1.0,3.0
cell_003,93,1.9688,97.97,23.6,1.0,3.0
cell_003,94,2.0132,100.18,23.6,1.0,3.0
cell_003,95,2.0069,99.86,23.6,1.0,3.0
cell_003,96,1.9801,98.53,23.6,1.0,3.0
cell_003,97,1.9974,99.39,23.6,1.0,3.0
cell_003,98,1.9477,96.92,23.6,1.0,3.0
cell_003,99,1.9523,97.14,23.6,1.0,3.0
cell_003,100,1.9573,97.39,23.6,1.0,3.0
cell_003,101,2.0094,99.99,23.6,1.0,3.0
cell_003,102,1.9634,97.7,23.6,1.0,3.0
cell_003,103,1.966,97.83,23.6,1.0,3.0
cell_003,104,1.9803,98.54,23.6,1.0,3.0
cell_003,105,2.0117,100.1,23.6,1.0,3.0
cell_003,106,1.9688,97.97,23.6,1.0,3.0
cell_003,107,1.9672,97.88,23.6,1.0,3.0
cell_003,108,1.9723,98.14,23.6,1.0,3.0
cell_003,109,1.9945,99.24,23.6,1.0,3.0
cell_003,110,1.9722,98.14,23.6,1.0,3.0
cell_003,111,2.0071,99.87,23.6,1.0,3.0
cell_003,112,1.9555,97.31,23.6,1.0,3.0
cell_003,113,1.9363,96.35,23.6,1.0,3.0
cell_003,114,1.933,96.19,23.6,1.0,3.0
cell_003,115,1.9944,99.24,23.6,1.0,3.0
cell_003,116,1.9407,96.57,23.6,1.0,3.0
cell_003,117,1.969,97.98,23.6,1.0,3.0
cell_003,118,1.97,98.03,23.6,1.0,3.0
cell_003,119,1.9941,99.22,23.6,1.0,3.0
cell_003,120,1.9949,99.26,23.6,1.0,3.0
cell_003,121,1.938,96.43,23.6,1.0,3.0
cell_003,122,1.9976,99.4,23.6,1.0,3.0
cell_003,123,1.9514,97.1,23.6,1.0,3.0
cell_003,124,1.9618,97.62,23.6,1.0,3.0
cell_003,125,1.946,96.83,23.6,1.0,3.0
cell_003,126,1.9806,98.56,23.6,1.0,3.0
cell_003,127,1.9829,98.67,23.6,1.0,3.0
cell_003,128,1.9516,97.11,23.6,1.0,3.0
cell_003,129,1.9826,98.65,23.6,1.0,3.0
cell_003,130,1.9437,96.72,23.6,1.0,3.0
cell_003,131,1.9398,96.52,23.6,1.0,3.0
cell_003,132,1.975,98.27,23.6,1.0,3.0
cell_003,133,1.9433,96.7,23.6,1.0,3.0
cell_003,134,1.9569,97.38,23.6,1.0,3.0
cell_003,135,1.9441,96.74,23.6,1.0,3.0
cell_003,136,1.9588,97.47,23.6,1.0,3.0
cell_003,137,1.9513,97.09,23.6,1.0,3.0
cell_003,138,1.9992,99.48,23.6,1.0,3.0
cell_003,139,1.9233,95.7,23.6,1.0,3.0
cell_003,140,1.929,95.99,23.6,1.0,3.0
cell_003,141,1.9789,98.47,23.6,1.0,3.0
cell_003,142,1.989,98.97,23.6,1.0,3.0
cell_003,143,1.9198,95.53,23.6,1.0,3.0
cell_003,144,1.9618,97.62,23.6,1.0,3.0
cell_003,145,1.929,95.99,23.6,1.0,3.0
cell_003,146,1.9706,98.06,23.6,1.0,3.0
cell_003,147,1.9866,98.85,23.6,1.0,3.0
cell_003,148,1.9778,98.41,23.6,1.0,3.0
cell_003,149,1.9646,97.76,23.6,1.0,3.0
cell_003,150,1.9625,97.65,23.6,1.0,3.0
cell_003,151,1.9322,96.15,23.6,1.0,3.0
cell_003,152,1.9675,97.9,23.6,1.0,3.0
cell_003,153,1.9613,97.59,23.6,1.0,3.0
cell_003,154,1.9232,95.7,23.6,1.0,3.0
cell_003,155,1.9224,95.66,23.6,1.0,3.0
cell_003,156,1.9936,99.2,23.6,1.0,3.0
cell_003,157,1.9735,98.2,23.6,1.0,3.0
cell_003,158,1.946,96.83,23.6,1.0,3.0
cell_003,159,1.9773,98.39,23.6,1.0,3.0
cell_003,160,1.9815,98.6,23.6,1.0,3.0
cell_003,161,1.9819,98.62,23.6,1.0,3.0
cell_003,162,1.9192,95.5,23.6,1.0,3.0
cell_003,163,1.9595,97.5,23.6,1.0,3.0
cell_003,164,1.9693,97.99,23.6,1.0,3.0
cell_003,165,1.9127,95.18,23.6,1.0,3.0
cell_003,166,1.986,98.82,23.6,1.0,3.0
cell_003,167,1.958,97.43,23.6,1.0,3.0
cell_003,168,1.9488,96.97,23.6,1.0,3.0
cell_003,169,1.9567,97.37,23.6,1.0,3.0
cell_003,170,1.958,97.43,23.6,1.0,3.0
cell_003,171,1.988,98.92,23.6,1.0,3.0
cell_003,172,1.948,96.93,23.6,1.0,3.0
cell_003,173,1.9827,98.66,23.6,1.0,3.0
cell_003,174,1.9765,98.35,23.6,1.0,3.0
cell_003,175,1.9373,96.4,23.6,1.0,3.0
cell_003,176,1.9115,95.12,23.6,1.0,3.0
cell_003,177,1.9186,95.47,23.6,1.0,3.0
cell_003,178,1.9743,98.24,23.6,1.0,3.0
cell_003,179,1.9369,96.38,23.6,1.0,3.0
cell_003,180,1.9157,95.32,23.6,1.0,3.0
cell_003,181,1.9654,97.8,23.6,1.0,3.0
cell_003,182,1.9323,96.15,23.6,1.0,3.0
cell_003,183,1.9136,95.22,23.6,1.0,3.0
cell_003,184,1.9313,96.1,23.6,1.0,3.0
cell_003,185,1.9451,96.79,23.6,1.0,3.0
cell_003,186,1.9122,95.15,23.6,1.0,3.0
cell_003,187,1.9723,98.14,23.6,1.0,3.0
cell_003,188,1.9068,94.88,23.6,1.0,3.0
cell_003,189,1.938,96.44,23.6,1.0,3.0
cell_003,190,1.9703,98.04,23.6,1.0,3.0
cell_003,191,1.9254,95.81,23.6,1.0,3.0
cell_003,192,1.9247,95.77,23.6,1.0,3.0
cell_003,193,1.9754,98.29,23.6,1.0,3.0
cell_003,194,1.9627,97.66,23.6,1.0,3.0
cell_003,195,1.9189,95.48,23.6,1.0,3.0
cell_003,196,1.9245,95.76,23.6,1.0,3.0
cell_003,197,1.9002,94.55,23.6,1.0,3.0
cell_003,198,1.958,97.43,23.6,1.0,3.0
cell_003,199,1.9238,95.73,23.6,1.0,3.0
cell_003,200,1.9305,96.06,23.6,1.0,3.0
cell_003,201,1.9344,96.26,23.6,1.0,3.0
cell_003,202,1.9371,96.39,23.6,1.0,3.0
cell_003,203,1.9274,95.9,23.6,1.0,3.0
cell_003,204,1.9721,98.13,23.6,1.0,3.0
cell_003,205,1.9273,95.9,23.6,1.0,3.0
cell_003,206,1.8942,94.26,23.6,1.0,3.0
cell_003,207,1.9207,95.58,23.6,1.0,3.0
cell_003,208,1.9629,97.67,23.6,1.0,3.0
cell_003,209,1.9711,98.08,23.6,1.0,3.0
cell_003,210,1.919,95.49,23.6,1.0,3.0
cell_003,211,1.9012,94.6,23.6,1.0,3.0
cell_003,212,1.9243,95.75,23.6,1.0,3.0
cell_003,213,1.9482,96.94,23.6,1.0,3.0
cell_003,214,1.9273,95.9,23.6,1.0,3.0
cell_003,215,1.9041,94.75,23.6,1.0,3.0
cell_003,216,1.9677,97.91,23.6,1.0,3.0
cell_003,217,1.895,94.3,23.6,1.0,3.0
cell_003,218,1.9605,97.55,23.6,1.0,3.0
cell_003,219,1.9096,95.02,23.6,1.0,3.0
cell_003,220,1.8959,94.34,23.6,1.0,3.0
cell_003,221,1.9196,95.52,23.6,1.0,3.0
cell_003,222,1.8936,94.22,23.6,1.0,3.0
cell_003,223,1.9185,95.46,23.6,1.0,3.0
cell_003,224,1.9428,96.67,23.6,1.0,3.0
cell_003,225,1.8964,94.37,23.6,1.0,3.0
cell_003,226,1.8888,93.99,23.6,1.0,3.0
cell_003,227,1.9339,96.23,23.6,1.0,3.0
cell_003,228,1.9053,94.8,23.6,1.0,3.0
cell_003,229,1.9392,96.49,23.6,1.0,3.0
cell_003,230,1.9043,94.76,23.6,1.0,3.0
cell_003,231,1.9031,94.7,23.6,1.0,3.0
cell_003,232,1.9026,94.67,23.6,1.0,3.0
cell_003,233,1.9015,94.62,23.6,1.0,3.0
cell_003,234,1.9556,97.31,23.6,1.0,3.0
cell_003,235,1.9315,96.11,23.6,1.0,3.0
cell_003,236,1.907,94.89,23.6,1.0,3.0
cell_003,237,1.8834,93.71,23.6,1.0,3.0
cell_003,238,1.9372,96.4,23.6,1.0,3.0
cell_003,239,1.8846,93.78,23.6,1.0,3.0
cell_003,240,1.8995,94.52,23.6,1.0,3.0
cell_003,241,1.9155,95.32,23.6,1.0,3.0
cell_003,242,1.934,96.24,23.6,1.0,3.0
cell_003,243,1.8922,94.15,23.6,1.0,3.0
cell_003,244,1.8971,94.4,23.6,1.0,3.0
cell_003,245,1.8998,94.53,23.6,1.0,3.0
cell_003,246,1.9269,95.88,23.6,1.0,3.0
cell_003,247,1.9051,94.79,23.6,1.0,3.0
cell_003,248,1.9183,95.45,23.6,1.0,3.0
cell_003,249,1.9158,95.33,23.6,1.0,3.0
cell_003,250,1.9053,94.81,23.6,1.0,3.0
cell_003,251,1.9173,95.4,23.6,1.0,3.0
cell_003,252,1.8962,94.35,23.6,1.0,3.0
cell_003,253,1.9417,96.62,23.6,1.0,3.0
cell_003,254,1.9362,96.34,23.6,1.0,3.0
cell_003,255,1.9358,96.32,23.6,1.0,3.0
cell_003,256,1.9395,96.51,23.6,1.0,3.0
cell_003,257,1.9468,96.87,23.6,1.0,3.0
cell_003,258,1.8751,93.3,23.6,1.0,3.0
cell_003,259,1.9208,95.58,23.6,1.0,3.0
cell_003,260,1.8723,93.16,23.6,1.0,3.0
cell_003,261,1.8855,93.82,23.6,1.0,3.0
cell_003,262,1.8732,93.21,23.6,1.0,3.0
cell_003,263,1.9097,95.02,23.6,1.0,3.0
cell_003,264,1.9277,95.92,23.6,1.0,3.0
cell_003,265,1.9271,95.89,23.6,1.0,3.0
cell_003,266,1.9458,96.82,23.6,1.0,3.0
cell_003,267,1.9301,96.04,23.6,1.0,3.0
cell_003,268,1.9127,95.18,23.6,1.0,3.0
cell_003,269,1.905,94.79,23.6,1.0,3.0
cell_003,270,1.8889,93.99,23.6,1.0,3.0
cell_003,271,1.88,93.55,23.6,1.0,3.0
cell_003,272,1.9043,94.76,23.6,1.0,3.0
cell_003,273,1.939,96.48,23.6,1.0,3.0
cell_003,274,1.8762,93.36,23.6,1.0,3.0
cell_003,275,1.937,96.38,23.6,1.0,3.0
cell_003,276,1.8885,93.97,23.6,1.0,3.0
cell_003,277,1.9024,94.66,23.6,1.0,3.0
cell_003,278,1.9226,95.67,23.6,1.0,3.0
cell_003,279,1.8653,92.82,23.6,1.0,3.0
cell_003,280,1.8766,93.38,23.6,1.0,3.0
cell_003,281,1.9199,95.53,23.6,1.0,3.0
cell_003,282,1.9305,96.06,23.6,1.0,3.0
cell_003,283,1.917,95.39,23.6,1.0,3.0
cell_003,284,1.9331,96.19,23.6,1.0,3.0
cell_003,285,1.8824,93.67,23.6,1.0,3.0
cell_003,286,1.8643,92.76,23.6,1.0,3.0
cell_003,287,1.9317,96.12,23.6,1.0,3.0
cell_003,288,1.8688,92.99,23.6,1.0,3.0
cell_003,289,1.9009,94.59,23.6,1.0,3.0
cell_003,290,1.9335,96.21,23.6,1.0,3.0
cell_003,291,1.895,94.29,23.6,1.0,3.0
cell_003,292,1.86,92.55,23.6,1.0,3.0
cell_003,293,1.9134,95.21,23.6,1.0,3.0
cell_003,294,1.9111,95.1,23.6,1.0,3.0
cell_003,295,1.8819,93.64,23.6,1.0,3.0
cell_003,296,1.9104,95.06,23.6,1.0,3.0
cell_003,297,1.9248,95.77,23.6,1.0,3.0
cell_003,298,1.9193,95.51,23.6,1.0,3.0
cell_003,299,1.8591,92.51,23.6,1.0,3.0
cell_003,300,1.8916,94.13,23.6,1.0,3.0
cell_003,301,1.8863,93.86,23.6,1.0,3.0
cell_003,302,1.9065,94.87,23.6,1.0,3.0
cell_003,303,1.8926,94.18,23.6,1.0,3.0
cell_003,304,1.8753,93.32,23.6,1.0,3.0
cell_003,305,1.9275,95.91,23.6,1.0,3.0
cell_003,306,1.8856,93.83,23.6,1.0,3.0
cell_003,307,1.9315,96.11,23.6,1.0,3.0
cell_003,308,1.9166,95.37,23.6,1.0,3.0
cell_003,309,1.9067,94.88,23.6,1.0,3.0
cell_003,310,1.9285,95.96,23.6,1.0,3.0
cell_003,311,1.8918,94.14,23.6,1.0,3.0
cell_003,312,1.929,95.99,23.6,1.0,3.0
cell_003,313,1.8822,93.66,23.6,1.0,3.0
cell_003,314,1.8621,92.66,23.6,1.0,3.0
cell_003,315,1.9054,94.81,23.6,1.0,3.0
cell_003,316,1.9007,94.58,23.6,1.0,3.0
cell_003,317,1.9055,94.82,23.6,1.0,3.0
cell_003,318,1.8843,93.76,23.6,1.0,3.0
cell_003,319,1.9248,95.78,23.6,1.0,3.0
cell_003,320,1.9041,94.75,23.6,1.0,3.0
cell_003,321,1.926,95.84,23.6,1.0,3.0
cell_003,322,1.8855,93.82,23.6,1.0,3.0
cell_003,323,1.8735,93.23,23.6,1.0,3.0
cell_003,324,1.8803,93.57,23.6,1.0,3.0
cell_003,325,1.8483,91.97,23.6,1.0,3.0
cell_003,326,1.9224,95.66,23.6,1.0,3.0
cell_003,327,1.8495,92.03,23.6,1.0,3.0
cell_003,328,1.8721,93.15,23.6,1.0,3.0
cell_003,329,1.8864,93.87,23.6,1.0,3.0
cell_003,330,1.8926,94.17,23.6,1.0,3.0
cell_003,331,1.9126,95.17,23.6,1.0,3.0
cell_003,332,1.9199,95.54,23.6,1.0,3.0
cell_003,333,1.905,94.79,23.6,1.0,3.0
cell_003,334,1.8866,93.88,23.6,1.0,3.0
cell_003,335,1.8694,93.02,23.6,1.0,3.0
cell_003,336,1.8505,92.08,23.6,1.0,3.0
cell_003,337,1.8933,94.21,23.6,1.0,3.0
cell_003,338,1.8829,93.69,23.6,1.0,3.0
cell_003,339,1.9176,95.42,23.6,1.0,3.0
cell_003,340,1.8623,92.67,23.6,1.0,3.0
cell_003,341,1.8846,93.78,23.6,1.0,3.0
cell_003,342,1.8742,93.26,23.6,1.0,3.0
cell_003,343,1.8506,92.08,23.6,1.0,3.0
cell_003,344,1.8646,92.78,23.6,1.0,3.0
cell_003,345,1.8389,91.5,23.6,1.0,3.0
cell_003,346,1.9125,95.17,23.6,1.0,3.0
cell_003,347,1.8528,92.19,23.6,1.0,3.0
cell_003,348,1.9076,94.92,23.6,1.0,3.0
cell_003,349,1.872,93.15,23.6,1.0,3.0
cell_003,350,1.8826,93.68,23.6,1.0,3.0
cell_003,351,1.8911,94.1,23.6,1.0,3.0
cell_003,352,1.8539,92.25,23.6,1.0,3.0
cell_003,353,1.9076,94.92,23.6,1.0,3.0
cell_003,354,1.9073,94.91,23.6,1.0,3.0
cell_003,355,1.8979,94.44,23.6,1.0,3.0
cell_003,356,1.8487,91.99,23.6,1.0,3.0
cell_003,357,1.841,91.61,23.6,1.0,3.0
cell_003,358,1.866,92.85,23.6,1.0,3.0
cell_003,359,1.888,93.95,23.6,1.0,3.0
cell_003,360,1.8982,94.45,23.6,1.0,3.0
cell_003,361,1.885,93.8,23.6,1.0,3.0
cell_003,362,1.8305,91.08,23.6,1.0,3.0
cell_003,363,1.8433,91.72,23.6,1.0,3.0
cell_003,364,1.8288,91.0,23.6,1.0,3.0
cell_003,365,1.8708,93.09,23.6,1.0,3.0
cell_003,366,1.9052,94.8,23.6,1.0,3.0
cell_003,367,1.8947,94.28,23.6,1.0,3.0
cell_003,368,1.852,92.15,23.6,1.0,3.0
cell_003,369,1.8268,90.9,23.6,1.0,3.0
cell_003,370,1.8986,94.47,23.6,1.0,3.0
cell_003,371,1.8486,91.98,23.6,1.0,3.0
cell_003,372,1.8991,94.5,23.6,1.0,3.0
cell_003,373,1.8778,93.44,23.6,1.0,3.0
cell_003,374,1.8278,90.95,23.6,1.0,3.0
cell_003,375,1.902,94.64,23.6,1.0,3.0
cell_003,376,1.8708,93.09,23.6,1.0,3.0
cell_003,377,1.8735,93.22,23.6,1.0,3.0
cell_003,378,1.8979,94.44,23.6,1.0,3.0
cell_003,379,1.886,93.85,23.6,1.0,3.0
cell_003,380,1.8363,91.38,23.6,1.0,3.0
cell_003,381,1.8695,93.02,23.6,1.0,3.0
cell_003,382,1.8405,91.58,23.6,1.0,3.0
cell_003,383,1.8461,91.86,23.6,1.0,3.0
cell_003,384,1.8722,93.16,23.6,1.0,3.0
cell_003,385,1.8388,91.5,23.6,1.0,3.0
cell_003,386,1.8325,91.18,23.6,1.0,3.0
cell_003,387,1.8222,90.67,23.6,1.0,3.0
cell_003,388,1.8527,92.19,23.6,1.0,3.0
cell_003,389,1.8425,91.68,23.6,1.0,3.0
cell_003,390,1.895,94.29,23.6,1.0,3.0
cell_003,391,1.8872,93.91,23.6,1.0,3.0
cell_003,392,1.8492,92.02,23.6,1.0,3.0
cell_003,393,1.8525,92.18,23.6,1.0,3.0
cell_003,394,1.8352,91.32,23.6,1.0,3.0
cell_003,395,1.8566,92.38,23.6,1.0,3.0
cell_003,396,1.8847,93.78,23.6,1.0,3.0
cell_003,397,1.8189,90.51,23.6,1.0,3.0
cell_003,398,1.8674,92.92,23.6,1.0,3.0
cell_003,399,1.8476,91.94,23.6,1.0,3.0
cell_003,400,1.8812,93.61,23.6,1.0,3.0
cell_003,401,1.8845,93.77,23.6,1.0,3.0
cell_003,402,1.8767,93.38,23.6,1.0,3.0
cell_003,403,1.8355,91.33,23.6,1.0,3.0
cell_003,404,1.8406,91.59,23.6,1.0,3.0
cell_003,405,1.8702,93.06,23.6,1.0,3.0
cell_003,406,1.8558,92.34,23.6,1.0,3.0
cell_003,407,1.8236,90.74,23.6,1.0,3.0
cell_003,408,1.8304,91.08,23.6,1.0,3.0
cell_003,409,1.8508,92.1,23.6,1.0,3.0
cell_003,410,1.8093,90.03,23.6,1.0,3.0
cell_003,411,1.8353,91.32,23.6,1.0,3.0
cell_003,412,1.8844,93.77,23.6,1.0,3.0
cell_003,413,1.8271,90.92,23.6,1.0,3.0
cell_003,414,1.8828,93.69,23.6,1.0,3.0
cell_003,415,1.8643,92.77,23.6,1.0,3.0
cell_003,416,1.8414,91.62,23.6,1.0,3.0
cell_003,417,1.8069,89.91,23.6,1.0,3.0
cell_003,418,1.823,90.71,23.6,1.0,3.0
cell_003,419,1.8437,91.74,23.6,1.0,3.0
cell_003,420,1.8561,92.36,23.6,1.0,3.0
cell_003,421,1.8314,91.13,23.6,1.0,3.0
cell_003,422,1.8484,91.97,23.6,1.0,3.0
cell_003,423,1.8469,91.9,23.6,1.0,3.0
cell_003,424,1.8146,90.29,23.6,1.0,3.0
cell_003,425,1.8129,90.21,23.6,1.0,3.0
cell_003,426,1.836,91.36,23.6,1.0,3.0
cell_003,427,1.8105,90.09,23.6,1.0,3.0
cell_003,428,1.8106,90.1,23.6,1.0,3.0
cell_003,429,1.8558,92.34,23.6,1.0,3.0
cell_003,430,1.8481,91.96,23.6,1.0,3.0
cell_003,431,1.8015,89.64,23.6,1.0,3.0
cell_003,432,1.8282,90.97,23.6,1.0,3.0
cell_003,433,1.8273,90.92,23.6,1.0,3.0
cell_003,434,1.8232,90.72,23.6,1.0,3.0
cell_003,435,1.8182,90.47,23.6,1.0,3.0
cell_003,436,1.8275,90.94,23.6,1.0,3.0
cell_003,437,1.8259,90.86,23.6,1.0,3.0
cell_003,438,1.8443,91.77,23.6,1.0,3.0
cell_003,439,1.8213,90.63,23.6,1.0,3.0
cell_003,440,1.8602,92.56,23.6,1.0,3.0
cell_003,441,1.8501,92.06,23.6,1.0,3.0
cell_003,442,1.7993,89.53,23.6,1.0,3.0
cell_003,443,1.8623,92.67,23.6,1.0,3.0
cell_003,444,1.8438,91.75,23.6,1.0,3.0
cell_003,445,1.8162,90.37,23.6,1.0,3.0
cell_003,446,1.7976,89.45,23.6,1.0,3.0
cell_003,447,1.8408,91.6,23.6,1.0,3.0
cell_003,448,1.7956,89.35,23.6,1.0,3.0
cell_003,449,1.8436,91.74,23.6,1.0,3.0
cell_003,450,1.8475,91.93,23.6,1.0,3.0
cell_003,451,1.8483,91.97,23.6,1.0,3.0
cell_003,452,1.8674,92.92,23.6,1.0,3.0
cell_003,453,1.8128,90.2,23.6,1.0,3.0
cell_003,454,1.8443,91.77,23.6,1.0,3.0
cell_003,455,1.8607,92.59,23.6,1.0,3.0
cell_003,456,1.8109,90.11,23.6,1.0,3.0
cell_003,457,1.8359,91.35,23.6,1.0,3.0
cell_003,458,1.8207,90.6,23.6,1.0,3.0
cell_003,459,1.7996,89.55,23.6,1.0,3.0
cell_003,460,1.7918,89.16,23.6,1.0,3.0
cell_003,461,1.8291,91.02,23.6,1.0,3.0
cell_003,462,1.7897,89.06,23.6,1.0,3.0
cell_003,463,1.8427,91.69,23.6,1.0,3.0
cell_003,464,1.8098,90.05,23.6,1.0,3.0
cell_003,465,1.7855,88.85,23.6,1.0,3.0
cell_003,466,1.8511,92.11,23.6,1.0,3.0
cell_003,467,1.8153,90.33,23.6,1.0,3.0
cell_003,468,1.8349,91.3,23.6,1.0,3.0
cell_003,469,1.8511,92.11,23.6,1.0,3.0
cell_003,470,1.8297,91.04,23.6,1.0,3.0
cell_003,471,1.8557,92.34,23.6,1.0,3.0
cell_003,472,1.7913,89.13,23.6,1.0,3.0
cell_003,473,1.8481,91.96,23.6,1.0,3.0
cell_003,474,1.8331,91.21,23.6,1.0,3.0
cell_003,475,1.8116,90.14,23.6,1.0,3.0
cell_003,476,1.8504,92.08,23.6,1.0,3.0
cell_003,477,1.8503,92.07,23.6,1.0,3.0
cell_003,478,1.8573,92.42,23.6,1.0,3.0
cell_003,479,1.8526,92.19,23.6,1.0,3.0
cell_003,480,1.8478,91.94,23.6,1.0,3.0
cell_003,481,1.783,88.72,23.6,1.0,3.0
cell_003,482,1.8419,91.65,23.6,1.0,3.0
cell_003,483,1.8046,89.79,23.6,1.0,3.0
cell_003,484,1.7956,89.35,23.6,1.0,3.0
cell_003,485,1.8012,89.63,23.6,1.0,3.0
cell_003,486,1.7967,89.4,23.6,1.0,3.0
cell_003,487,1.8417,91.64,23.6,1.0,3.0
cell_003,488,1.7958,89.36,23.6,1.0,3.0
cell_003,489,1.8447,91.79,23.6,1.0,3.0
cell_003,490,1.8157,90.35,23.6,1.0,3.0
cell_003,491,1.7969,89.41,23.6,1.0,3.0
cell_003,492,1.8282,90.97,23.6,1.0,3.0
cell_003,493,1.8313,91.12,23.6,1.0,3.0
cell_003,494,1.7971,89.42,23.6,1.0,3.0
cell_003,495,1.7839,88.77,23.6,1.0,3.0
cell_003,496,1.799,89.52,23.6,1.0,3.0
cell_003,497,1.8332,91.22,23.6,1.0,3.0
cell_003,498,1.8192,90.52,23.6,1.0,3.0
cell_003,499,1.8277,90.95,23.6,1.0,3.0
cell_003,500,1.8461,91.86,23.6,1.0,3.0
cell_003,501,1.7848,88.81,23.6,1.0,3.0
cell_003,502,1.814,90.27,23.6,1.0,3.0
cell_003,503,1.8356,91.34,23.6,1.0,3.0
cell_003,504,1.8394,91.53,23.6,1.0,3.0
cell_003,505,1.8103,90.08,23.6,1.0,3.0
cell_003,506,1.8055,89.84,23.6,1.0,3.0
cell_003,507,1.8157,90.35,23.6,1.0,3.0
cell_003,508,1.8052,89.82,23.6,1.0,3.0
cell_003,509,1.8263,90.88,23.6,1.0,3.0
cell_003,510,1.8408,91.6,23.6,1.0,3.0
cell_003,511,1.7749,88.32,23.6,1.0,3.0
cell_003,512,1.7877,88.95,23.6,1.0,3.0
cell_003,513,1.8154,90.33,23.6,1.0,3.0
cell_003,514,1.8161,90.37,23.6,1.0,3.0
cell_003,515,1.7965,89.4,23.6,1.0,3.0
cell_003,516,1.7965,89.39,23.6,1.0,3.0
cell_003,517,1.836,91.36,23.6,1.0,3.0
cell_003,518,1.7712,88.14,23.6,1.0,3.0
cell_003,519,1.8119,90.16,23.6,1.0,3.0
cell_003,520,1.8163,90.38,23.6,1.0,3.0
cell_003,521,1.7735,88.25,23.6,1.0,3.0
cell_003,522,1.7642,87.79,23.6,1.0,3.0
cell_003,523,1.8297,91.04,23.6,1.0,3.0
cell_003,524,1.7842,88.78,23.6,1.0,3.0
cell_003,525,1.8137,90.25,23.6,1.0,3.0
cell_003,526,1.8347,91.3,23.6,1.0,3.0
cell_003,527,1.7729,88.22,23.6,1.0,3.0
cell_003,528,1.797,89.42,23.6,1.0,3.0
cell_003,529,1.8083,89.98,23.6,1.0,3.0
cell_003,530,1.8235,90.73,23.6,1.0,3.0
cell_003,531,1.7874,88.94,23.6,1.0,3.0
cell_003,532,1.8263,90.87,23.6,1.0,3.0
cell_003,533,1.7812,88.63,23.6,1.0,3.0
cell_003,534,1.8284,90.98,23.6,1.0,3.0
cell_003,535,1.7621,87.68,23.6,1.0,3.0
cell_003,536,1.7902,89.08,23.6,1.0,3.0
cell_003,537,1.7923,89.19,23.6,1.0,3.0
cell_003,538,1.769,88.02,23.6,1.0,3.0
cell_003,539,1.8202,90.57,23.6,1.0,3.0
cell_003,540,1.7593,87.54,23.6,1.0,3.0
cell_003,541,1.7612,87.64,23.6,1.0,3.0
cell_003,542,1.7857,88.85,23.6,1.0,3.0
cell_003,543,1.8276,90.94,23.6,1.0,3.0
cell_003,544,1.7549,87.32,23.6,1.0,3.0
cell_003,545,1.7813,88.64,23.6,1.0,3.0
cell_003,546,1.769,88.03,23.6,1.0,3.0
cell_003,547,1.8231,90.72,23.6,1.0,3.0
cell_003,548,1.8215,90.64,23.6,1.0,3.0
cell_003,549,1.8142,90.27,23.6,1.0,3.0
cell_003,550,1.8263,90.87,23.6,1.0,3.0
cell_003,551,1.7534,87.25,23.6,1.0,3.0
cell_003,552,1.7737,88.26,23.6,1.0,3.0
cell_003,553,1.8163,90.38,23.6,1.0,3.0
cell_003,554,1.7623,87.69,23.6,1.0,3.0
cell_003,555,1.7634,87.75,23.6,1.0,3.0
cell_003,556,1.7926,89.2,23.6,1.0,3.0
cell_003,557,1.8041,89.77,23.6,1.0,3.0
cell_003,558,1.806,89.87,23.6,1.0,3.0
cell_003,559,1.7633,87.74,23.6,1.0,3.0
cell_003,560,1.7454,86.85,23.6,1.0,3.0
cell_003,561,1.8105,90.09,23.6,1.0,3.0
cell_003,562,1.7912,89.13,23.6,1.0,3.0
cell_003,563,1.767,87.93,23.6,1.0,3.0
cell_003,564,1.7611,87.63,23.6,1.0,3.0
cell_003,565,1.8047,89.8,23.6,1.0,3.0
cell_003,566,1.7618,87.67,23.6,1.0,3.0
cell_003,567,1.7694,88.04,23.6,1.0,3.0
cell_003,568,1.7802,88.58,23.6,1.0,3.0
cell_003,569,1.7937,89.25,23.6,1.0,3.0
cell_003,570,1.7666,87.91,23.6,1.0,3.0
cell_003,571,1.7942,89.28,23.6,1.0,3.0
cell_003,572,1.7664,87.9,23.6,1.0,3.0
cell_003,573,1.7412,86.64,23.6,1.0,3.0
cell_003,574,1.7936,89.25,23.6,1.0,3.0
cell_003,575,1.7983,89.48,23.6,1.0,3.0
cell_003,576,1.7396,86.56,23.6,1.0,3.0
cell_003,577,1.7813,88.63,23.6,1.0,3.0
cell_003,578,1.798,89.47,23.6,1.0,3.0
cell_003,579,1.7575,87.45,23.6,1.0,3.0
cell_003,580,1.7473,86.95,23.6,1.0,3.0
cell_003,581,1.7787,88.51,23.6,1.0,3.0
cell_003,582,1.7575,87.45,23.6,1.0,3.0
cell_003,583,1.7504,87.1,23.6,1.0,3.0
cell_003,584,1.744,86.78,23.6,1.0,3.0
cell_003,585,1.7654,87.84,23.6,1.0,3.0
cell_003,586,1.7739,88.27,23.6,1.0,3.0
cell_003,587,1.7855,88.85,23.6,1.0,3.0
cell_003,588,1.7465,86.91,23.6,1.0,3.0
cell_003,589,1.7837,88.76,23.6,1.0,3.0
cell_003,590,1.8073,89.93,23.6,1.0,3.0
cell_003,591,1.7859,88.86,23.6,1.0,3.0
cell_003,592,1.8078,89.96,23.6,1.0,3.0
cell_003,593,1.7897,89.05,23.6,1.0,3.0
cell_003,594,1.7793,88.54,23.6,1.0,3.0
cell_003,595,1.7547,87.31,23.6,1.0,3.0
cell_003,596,1.7981,89.47,23.6,1.0,3.0
cell_003,597,1.8047,89.8,23.6,1.0,3.0
cell_003,598,1.7415,86.66,23.6,1.0,3.0
cell_003,599,1.7794,88.54,23.6,1.0,3.0
cell_003,600,1.7892,89.03,23.6,1.0,3.0
cell_003,601,1.7985,89.49,23.6,1.0,3.0
cell_003,602,1.7721,88.18,23.6,1.0,3.0
cell_003,603,1.7457,86.87,23.6,1.0,3.0
cell_003,604,1.7633,87.74,23.6,1.0,3.0
cell_003,605,1.7564,87.4,23.6,1.0,3.0
cell_003,606,1.796,89.37,23.6,1.0,3.0
cell_003,607,1.7946,89.3,23.6,1.0,3.0
cell_003,608,1.7419,86.68,23.6,1.0,3.0
cell_003,609,1.7915,89.15,23.6,1.0,3.0
cell_003,610,1.7733,88.24,23.6,1.0,3.0
cell_003,611,1.7784,88.49,23.6,1.0,3.0
cell_003,612,1.7312,86.14,23.6,1.0,3.0
cell_003,613,1.7223,85.7,23.6,1.0,3.0
cell_003,614,1.7622,87.69,23.6,1.0,3.0
cell_003,615,1.7236,85.76,23.6,1.0,3.0
cell_003,616,1.7307,86.12,23.6,1.0,3.0
cell_003,617,1.7735,88.25,23.6,1.0,3.0
cell_003,618,1.7807,88.61,23.6,1.0,3.0
cell_003,619,1.7191,85.54,23.6,1.0,3.0
cell_003,620,1.7313,86.15,23.6,1.0,3.0
cell_003,621,1.7161,85.39,23.6,1.0,3.0
cell_003,622,1.744,86.78,23.6,1.0,3.0
cell_003,623,1.764,87.77,23.6,1.0,3.0
cell_003,624,1.7427,86.72,23.6,1.0,3.0
cell_003,625,1.7448,86.82,23.6,1.0,3.0
cell_003,626,1.7757,88.36,23.6,1.0,3.0
cell_003,627,1.7496,87.06,23.6,1.0,3.0
cell_003,628,1.7205,85.61,23.6,1.0,3.0
cell_003,629,1.7868,88.91,23.6,1.0,3.0
cell_003,630,1.7648,87.82,23.6,1.0,3.0
cell_003,631,1.7864,88.89,23.6,1.0,3.0
cell_003,632,1.7558,87.37,23.6,1.0,3.0
cell_003,633,1.7678,87.97,23.6,1.0,3.0
cell_003,634,1.7741,88.28,23.6,1.0,3.0
cell_003,635,1.7488,87.02,23.6,1.0,3.0
cell_003,636,1.7105,85.11,23.6,1.0,3.0
cell_003,637,1.7598,87.56,23.6,1.0,3.0
cell_003,638,1.7547,87.31,23.6,1.0,3.0
cell_003,639,1.7116,85.17,23.6,1.0,3.0
cell_003,640,1.749,87.03,23.6,1.0,3.0
cell_003,641,1.7552,87.34,23.6,1.0,3.0
cell_003,642,1.7219,85.68,23.6,1.0,3.0
cell_003,643,1.7511,87.13,23.6,1.0,3.0
cell_003,644,1.7456,86.86,23.6,1.0,3.0
cell_003,645,1.7761,88.38,23.6,1.0,3.0
cell_003,646,1.7034,84.76,23.6,1.0,3.0
cell_003,647,1.7304,86.1,23.6,1.0,3.0
cell_003,648,1.7538,87.27,23.6,1.0,3.0
cell_003,649,1.7757,88.36,23.6,1.0,3.0
cell_003,650,1.7157,85.37,23.6,1.0,3.0
cell_003,651,1.7262,85.89,23.6,1.0,3.0
cell_003,652,1.7684,88.0,23.6,1.0,3.0
cell_003,653,1.708,84.99,23.6,1.0,3.0
cell_003,654,1.7786,88.5,23.6,1.0,3.0
cell_003,655,1.7135,85.26,23.6,1.0,3.0
cell_003,656,1.7095,85.06,23.6,1.0,3.0
cell_003,657,1.7669,87.92,23.6,1.0,3.0
cell_003,658,1.7513,87.15,23.6,1.0,3.0
cell_003,659,1.7345,86.31,23.6,1.0,3.0
cell_003,660,1.7255,85.86,23.6,1.0,3.0
cell_003,661,1.73,86.09,23.6,1.0,3.0
cell_003,662,1.7345,86.31,23.6,1.0,3.0
cell_003,663,1.7489,87.02,23.6,1.0,3.0
cell_003,664,1.7687,88.01,23.6,1.0,3.0
cell_003,665,1.7621,87.68,23.6,1.0,3.0
cell_003,666,1.6946,84.32,23.6,1.0,3.0
cell_003,667,1.7539,87.27,23.6,1.0,3.0
cell_003,668,1.7125,85.21,23.6,1.0,3.0
cell_003,669,1.7438,86.77,23.6,1.0,3.0
cell_003,670,1.7228,85.73,23.6,1.0,3.0
cell_003,671,1.7459,86.88,23.6,1.0,3.0
cell_003,672,1.7375,86.46,23.6,1.0,3.0
cell_003,673,1.7684,87.99,23.6,1.0,3.0
cell_003,674,1.768,87.97,23.6,1.0,3.0
cell_003,675,1.7063,84.9,23.6,1.0,3.0
cell_003,676,1.693,84.24,23.6,1.0,3.0
cell_003,677,1.7638,87.77,23.6,1.0,3.0
cell_003,678,1.7641,87.78,23.6,1.0,3.0
cell_003,679,1.7658,87.87,23.6,1.0,3.0
cell_003,680,1.7609,87.62,23.6,1.0,3.0
cell_003,681,1.7448,86.82,23.6,1.0,3.0
cell_003,682,1.7291,86.04,23.6,1.0,3.0
cell_003,683,1.7042,84.8,23.6,1.0,3.0
cell_003,684,1.7218,85.67,23.6,1.0,3.0
cell_003,685,1.7329,86.23,23.6,1.0,3.0
cell_003,686,1.701,84.64,23.6,1.0,3.0
cell_003,687,1.7305,86.11,23.6,1.0,3.0
cell_003,688,1.6869,83.94,23.6,1.0,3.0
cell_003,689,1.7002,84.6,23.6,1.0,3.0
cell_003,690,1.7116,85.17,23.6,1.0,3.0
cell_003,691,1.7564,87.4,23.6,1.0,3.0
cell_003,692,1.7397,86.57,23.6,1.0,3.0
cell_003,693,1.692,84.19,23.6,1.0,3.0
cell_003,694,1.6992,84.55,23.6,1.0,3.0
cell_003,695,1.7011,84.65,23.6,1.0,3.0
cell_003,696,1.7353,86.35,23.6,1.0,3.0
cell_003,697,1.7008,84.63,23.6,1.0,3.0
cell_003,698,1.6977,84.48,23.6,1.0,3.0
cell_003,699,1.7497,87.06,23.6,1.0,3.0
cell_003,700,1.6889,84.04,23.6,1.0,3.0
cell_003,701,1.7282,85.99,23.6,1.0,3.0
cell_003,702,1.7073,84.95,23.6,1.0,3.0
cell_003,703,1.7278,85.97,23.6,1.0,3.0
cell_003,704,1.7533,87.24,23.6,1.0,3.0
cell_003,705,1.6964,84.41,23.6,1.0,3.0
cell_003,706,1.7543,87.29,23.6,1.0,3.0
cell_003,707,1.7278,85.97,23.6,1.0,3.0
cell_003,708,1.6992,84.55,23.6,1.0,3.0
cell_003,709,1.688,83.99,23.6,1.0,3.0
cell_003,710,1.7516,87.16,23.6,1.0,3.0
cell_003,711,1.6746,83.33,23.6,1.0,3.0
cell_003,712,1.6886,84.03,23.6,1.0,3.0
cell_003,713,1.7426,86.71,23.6,1.0,3.0
cell_003,714,1.7201,85.59,23.6,1.0,3.0
cell_003,715,1.7246,85.82,23.6,1.0,3.0
cell_003,716,1.7351,86.34,23.6,1.0,3.0
cell_003,717,1.7204,85.61,23.6,1.0,3.0
cell_003,718,1.7133,85.26,23.6,1.0,3.0
cell_003,719,1.7015,84.66,23.6,1.0,3.0
cell_003,720,1.6962,84.4,23.6,1.0,3.0
cell_003,721,1.7482,86.99,23.6,1.0,3.0
cell_003,722,1.6706,83.13,23.6,1.0,3.0
cell_003,723,1.6685,83.02,23.6,1.0,3.0
cell_003,724,1.7419,86.68,23.6,1.0,3.0
cell_003,725,1.7437,86.77,23.6,1.0,3.0
cell_003,726,1.6829,83.74,23.6,1.0,3.0
cell_003,727,1.7059,84.89,23.6,1.0,3.0
cell_003,728,1.7174,85.46,23.6,1.0,3.0
cell_003,729,1.7158,85.38,23.6,1.0,3.0
cell_003,730,1.7058,84.88,23.6,1.0,3.0
cell_003,731,1.7263,85.9,23.6,1.0,3.0
cell_003,732,1.7274,85.96,23.6,1.0,3.0
cell_003,733,1.742,86.68,23.6,1.0,3.0
cell_003,734,1.6941,84.3,23.6,1.0,3.0
cell_003,735,1.691,84.14,23.6,1.0,3.0
cell_003,736,1.7378,86.47,23.6,1.0,3.0
cell_003,737,1.7009,84.64,23.6,1.0,3.0
cell_003,738,1.6665,82.93,23.6,1.0,3.0
cell_003,739,1.6643,82.82,23.6,1.0,3.0
cell_003,740,1.7216,85.66,23.6,1.0,3.0
cell_003,741,1.6764,83.42,23.6,1.0,3.0
cell_003,742,1.7368,86.42,23.6,1.0,3.0
cell_003,743,1.6874,83.96,23.6,1.0,3.0
cell_003,744,1.7077,84.98,23.6,1.0,3.0
cell_003,745,1.7018,84.68,23.6,1.0,3.0
cell_003,746,1.7047,84.83,23.6,1.0,3.0
cell_003,747,1.7015,84.67,23.6,1.0,3.0
cell_003,748,1.6578,82.49,23.6,1.0,3.0
cell_003,749,1.6748,83.34,23.6,1.0,3.0
cell_003,750,1.7118,85.18,23.6,1.0,3.0
cell_003,751,1.6923,84.21,23.6,1.0,3.0
cell_003,752,1.6863,83.91,23.6,1.0,3.0
cell_003,753,1.6756,83.38,23.6,1.0,3.0
cell_003,754,1.7258,85.88,23.6,1.0,3.0
cell_003,755,1.6845,83.82,23.6,1.0,3.0
cell_003,756,1.6723,83.21,23.6,1.0,3.0
cell_003,757,1.6745,83.32,23.6,1.0,3.0
cell_003,758,1.6778,83.48,23.6,1.0,3.0
cell_003,759,1.6533,82.27,23.6,1.0,3.0
cell_003,760,1.6993,84.56,23.6,1.0,3.0
cell_003,761,1.6659,82.89,23.6,1.0,3.0
cell_003,762,1.7224,85.71,23.6,1.0,3.0
cell_003,763,1.6578,82.49,23.6,1.0,3.0
cell_003,764,1.7127,85.22,23.6,1.0,3.0
cell_003,765,1.6528,82.25,23.6,1.0,3.0
cell_003,766,1.7129,85.23,23.6,1.0,3.0
cell_003,767,1.7001,84.59,23.6,1.0,3.0
cell_003,768,1.6756,83.38,23.6,1.0,3.0
cell_003,769,1.7176,85.47,23.6,1.0,3.0
cell_003,770,1.7095,85.06,23.6,1.0,3.0
cell_003,771,1.7047,84.82,23.6,1.0,3.0
cell_003,772,1.7105,85.11,23.6,1.0,3.0
cell_003,773,1.6705,83.13,23.6,1.0,3.0
cell_003,774,1.691,84.14,23.6,1.0,3.0
cell_003,775,1.6446,81.83,23.6,1.0,3.0
cell_003,776,1.7125,85.21,23.6,1.0,3.0
cell_003,777,1.707,84.94,23.6,1.0,3.0
cell_003,778,1.673,83.25,23.6,1.0,3.0
cell_003,779,1.7192,85.55,23.6,1.0,3.0
cell_003,780,1.6525,82.23,23.6,1.0,3.0
cell_003,781,1.6506,82.13,23.6,1.0,3.0
cell_003,782,1.7024,84.71,23.6,1.0,3.0
cell_003,783,1.6839,83.79,23.6,1.0,3.0
cell_003,784,1.7037,84.78,23.6,1.0,3.0
cell_003,785,1.6916,84.17,23.6,1.0,3.0
cell_003,786,1.6557,82.39,23.6,1.0,3.0
cell_003,787,1.6889,84.04,23.6,1.0,3.0
cell_003,788,1.7152,85.35,23.6,1.0,3.0
cell_003,789,1.6891,84.05,23.6,1.0,3.0
cell_003,790,1.6782,83.51,23.6,1.0,3.0
cell_003,791,1.6526,82.23,23.6,1.0,3.0
cell_003,792,1.6829,83.74,23.6,1.0,3.0
cell_003,793,1.6789,83.54,23.6,1.0,3.0
cell_003,794,1.6492,82.07,23.6,1.0,3.0
cell_003,795,1.641,81.66,23.6,1.0,3.0
cell_003,796,1.6843,83.81,23.6,1.0,3.0
cell_003,797,1.6839,83.79,23.6,1.0,3.0
cell_003,798,1.6675,82.97,23.6,1.0,3.0
cell_003,799,1.6877,83.98,23.6,1.0,3.0
cell_003,800,1.6702,83.11,23.6,1.0,3.0
cell_004,1,1.9643,99.67,20.9,1.5,2.0
cell_004,2,1.9554,99.22,20.9,1.5,2.0
cell_004,3,1.9871,100.83,20.9,1.5,2.0
cell_004,4,2.0035,101.66,20.9,1.5,2.0
cell_004,5,1.9661,99.76,20.9,1.5,2.0
cell_004,6,1.9389,98.38,20.9,1.5,2.0
cell_004,7,1.9325,98.06,20.9,1.5,2.0
cell_004,8,1.9502,98.96,20.9,1.5,2.0
cell_004,9,1.9357,98.22,20.9,1.5,2.0
cell_004,10,1.9911,101.03,20.9,1.5,2.0
cell_004,11,1.9929,101.12,20.9,1.5,2.0
cell_004,12,1.9992,101.44,20.9,1.5,2.0
cell_004,13,1.9311,97.99,20.9,1.5,2.0
cell_004,14,1.9792,100.43,20.9,1.5,2.0
cell_004,15,1.9831,100.63,20.9,1.5,2.0
cell_004,16,1.9863,100.79,20.9,1.5,2.0
cell_004,17,1.9848,100.71,20.9,1.5,2.0
cell_004,18,1.9991,101.44,20.9,1.5,2.0
cell_004,19,1.9745,100.19,20.9,1.5,2.0
cell_004,20,1.9662,99.77,20.9,1.5,2.0
cell_004,21,1.9738,100.15,20.9,1.5,2.0
cell_004,22,1.927,97.78,20.9,1.5,2.0
cell_004,23,1.9252,97.69,20.9,1.5,2.0
cell_004,24,1.9806,100.5,20.9,1.5,2.0
cell_004,25,1.9337,98.12,20.9,1.5,2.0
cell_004,26,1.9585,99.38,20.9,1.5,2.0
cell_004,27,1.9625,99.58,20.9,1.5,2.0
cell_004,28,1.9335,98.11,20.9,1.5,2.0
cell_004,29,1.9541,99.16,20.9,1.5,2.0
cell_004,30,1.9999,101.48,20.9,1.5,2.0
cell_004,31,1.9224,97.55,20.9,1.5,2.0
cell_004,32,1.9271,97.79,20.9,1.5,2.0
cell_004,33,1.9956,101.26,20.9,1.5,2.0
cell_004,34,1.9222,97.54,20.9,1.5,2.0
cell_004,35,1.9901,100.98,20.9,1.5,2.0
cell_004,36,1.9791,100.42,20.9,1.5,2.0
cell_004,37,1.9556,99.23,20.9,1.5,2.0
cell_004,38,1.9798,100.46,20.9,1.5,2.0
cell_004,39,1.9796,100.45,20.9,1.5,2.0
cell_004,40,1.9417,98.52,20.9,1.5,2.0
cell_004,41,1.9867,100.81,20.9,1.5,2.0
cell_004,42,1.9716,100.04,20.9,1.5,2.0
cell_004,43,1.9328,98.07,20.9,1.5,2.0
cell_004,44,1.9711,100.02,20.9,1.5,2.0
cell_004,45,1.9396,98.42,20.9,1.5,2.0
cell_004,46,1.9328,98.07,20.9,1.5,2.0
cell_004,47,1.964,99.66,20.9,1.5,2.0
cell_004,48,1.993,101.13,20.9,1.5,2.0
cell_004,49,1.9905,101.0,20.9,1.5,2.0
cell_004,50,1.9808,100.51,20.9,1.5,2.0
cell_004,51,1.9283,97.85,20.9,1.5,2.0
cell_004,52,1.9221,97.53,20.9,1.5,2.0
cell_004,53,1.9346,98.16,20.9,1.5,2.0
cell_004,54,1.9699,99.95,20.9,1.5,2.0
cell_004,55,1.9155,97.2,20.9,1.5,2.0
cell_004,56,1.978,100.37,20.9,1.5,2.0
cell_004,57,1.9368,98.28,20.9,1.5,2.0
cell_004,58,1.9688,99.9,20.9,1.5,2.0
cell_004,59,1.9595,99.43,20.9,1.5,2.0
cell_004,60,1.9761,100.27,20.9,1.5,2.0
cell_004,61,1.9808,100.51,20.9,1.5,2.0
cell_004,62,1.9788,100.41,20.9,1.5,2.0
cell_004,63,1.9268,97.77,20.9,1.5,2.0
cell_004,64,1.973,100.11,20.9,1.5,2.0
cell_004,65,1.9124,97.04,20.9,1.5,2.0
cell_004,66,1.9862,100.78,20.9,1.5,2.0
cell_004,67,1.9785,100.39,20.9,1.5,2.0
cell_004,68,1.9596,99.44,20.9,1.5,2.0
cell_004,69,1.9305,97.96,20.9,1.5,2.0
cell_004,70,1.9667,99.79,20.9,1.5,2.0
cell_004,71,1.9761,100.27,20.9,1.5,2.0
cell_004,72,1.9445,98.67,20.9,1.5,2.0
cell_004,73,1.9721,100.07,20.9,1.5,2.0
cell_004,74,1.9756,100.24,20.9,1.5,2.0
cell_004,75,1.9131,97.08,20.9,1.5,2.0
cell_004,76,1.9483,98.86,20.9,1.5,2.0
cell_004,77,1.9428,98.58,20.9,1.5,2.0
cell_004,78,1.9721,100.07,20.9,1.5,2.0
cell_004,79,1.9181,97.33,20.9,1.5,2.0
cell_004,80,1.911,96.96,20.9,1.5,2.0
cell_004,81,1.9584,99.37,20.9,1.5,2.0
cell_004,82,1.9434,98.61,20.9,1.5,2.0
cell_004,83,1.9363,98.25,20.9,1.5,2.0
cell_004,84,1.9639,99.65,20.9,1.5,2.0
cell_004,85,1.9624,99.57,20.9,1.5,2.0
cell_004,86,1.9433,98.61,20.9,1.5,2.0
cell_004,87,1.9235,97.6,20.9,1.5,2.0
cell_004,88,1.9244,97.65,20.9,1.5,2.0
cell_004,89,1.9219,97.52,20.9,1.5,2.0
cell_004,90,1.9174,97.29,20.9,1.5,2.0
cell_004,91,1.9726,100.09,20.9,1.5,2.0
cell_004,92,1.9477,98.83,20.9,1.5,2.0
cell_004,93,1.9053,96.68,20.9,1.5,2.0
cell_004,94,1.9724,100.08,20.9,1.5,2.0
cell_004,95,1.9286,97.86,20.9,1.5,2.0
cell_004,96,1.9196,97.4,20.9,1.5,2.0
cell_004,97,1.9727,100.1,20.9,1.5,2.0
cell_004,98,1.9716,100.04,20.9,1.5,2.0
cell_004,99,1.9454,98.71,20.9,1.5,2.0
cell_004,100,1.9061,96.72,20.9,1.5,2.0
cell_004,101,1.9544,99.17,20.9,1.5,2.0
cell_004,102,1.9625,99.58,20.9,1.5,2.0
cell_004,103,1.9385,98.36,20.9,1.5,2.0
cell_004,104,1.9529,99.09,20.9,1.5,2.0
cell_004,105,1.9316,98.01,20.9,1.5,2.0
cell_004,106,1.9493,98.91,20.9,1.5,2.0
cell_004,107,1.9238,97.62,20.9,1.5,2.0
cell_004,108,1.901,96.46,20.9,1.5,2.0
cell_004,109,1.9475,98.82,20.9,1.5,2.0
cell_004,110,1.9349,98.18,20.9,1.5,2.0
cell_004,111,1.9244,97.65,20.9,1.5,2.0
cell_004,112,1.9514,99.02,20.9,1.5,2.0
cell_004,113,1.9228,97.57,20.9,1.5,2.0
cell_004,114,1.9709,100.01,20.9,1.5,2.0
cell_004,115,1.9568,99.29,20.9,1.5,2.0
cell_004,116,1.9295,97.91,20.9,1.5,2.0
cell_004,117,1.9164,97.24,20.9,1.5,2.0
cell_004,118,1.9359,98.23,20.9,1.5,2.0
cell_004,119,1.9366,98.27,20.9,1.5,2.0
cell_004,120,1.8999,96.41,20.9,1.5,2.0
cell_004,121,1.8954,96.18,20.9,1.5,2.0
cell_004,122,1.9654,99.73,20.9,1.5,2.0
cell_004,123,1.9115,96.99,20.9,1.5,2.0
cell_004,124,1.9378,98.33,20.9,1.5,2.0
cell_004,125,1.944,98.64,20.9,1.5,2.0
cell_004,126,1.939,98.39,20.9,1.5,2.0
cell_004,127,1.9148,97.16,20.9,1.5,2.0
cell_004,128,1.8917,95.99,20.9,1.5,2.0
cell_004,129,1.9286,97.86,20.9,1.5,2.0
cell_004,130,1.9205,97.45,20.9,1.5,2.0
cell_004,131,1.8933,96.07,20.9,1.5,2.0
cell_004,132,1.9146,97.15,20.9,1.5,2.0
cell_004,133,1.949,98.9,20.9,1.5,2.0
cell_004,134,1.9345,98.16,20.9,1.5,2.0
cell_004,135,1.929,97.88,20.9,1.5,2.0
cell_004,136,1.9401,98.44,20.9,1.5,2.0
cell_004,137,1.9016,96.49,20.9,1.5,2.0
cell_004,138,1.9471,98.8,20.9,1.5,2.0
cell_004,139,1.9101,96.92,20.9,1.5,2.0
cell_004,140,1.9129,97.06,20.9,1.5,2.0
cell_004,141,1.9586,99.38,20.9,1.5,2.0
cell_004,142,1.929,97.88,20.9,1.5,2.0
cell_004,143,1.9612,99.51,20.9,1.5,2.0
cell_004,144,1.9542,99.16,20.9,1.5,2.0
cell_004,145,1.9407,98.47,20.9,1.5,2.0
cell_004,146,1.9039,96.61,20.9,1.5,2.0
cell_004,147,1.9053,96.68,20.9,1.5,2.0
cell_004,148,1.945,98.69,20.9,1.5,2.0
cell_004,149,1.9568,99.29,20.9,1.5,2.0
cell_004,150,1.953,99.1,20.9,1.5,2.0
cell_004,151,1.9524,99.07,20.9,1.5,2.0
cell_004,152,1.8928,96.05,20.9,1.5,2.0
cell_004,153,1.883,95.55,20.9,1.5,2.0
cell_004,154,1.9105,96.94,20.9,1.5,2.0
cell_004,155,1.9465,98.77,20.9,1.5,2.0
cell_004,156,1.8778,95.28,20.9,1.5,2.0
cell_004,157,1.9416,98.52,20.9,1.5,2.0
cell_004,158,1.8796,95.37,20.9,1.5,2.0
cell_004,159,1.9374,98.31,20.9,1.5,2.0
cell_004,160,1.9007,96.44,20.9,1.5,2.0
cell_004,161,1.9199,97.42,20.9,1.5,2.0
cell_004,162,1.895,96.16,20.9,1.5,2.0
cell_004,163,1.9453,98.71,20.9,1.5,2.0
cell_004,164,1.94,98.44,20.9,1.5,2.0
cell_004,165,1.8967,96.24,20.9,1.5,2.0
cell_004,166,1.8929,96.05,20.9,1.5,2.0
cell_004,167,1.9076,96.8,20.9,1.5,2.0
cell_004,168,1.9253,97.7,20.9,1.5,2.0
cell_004,169,1.8904,95.92,20.9,1.5,2.0
cell_004,170,1.9115,97.0,20.9,1.5,2.0
cell_004,171,1.8831,95.55,20.9,1.5,2.0
cell_004,172,1.9019,96.51,20.9,1.5,2.0
cell_004,173,1.8725,95.01,20.9,1.5,2.0
cell_004,174,1.8974,96.28,20.9,1.5,2.0
cell_004,175,1.8714,94.96,20.9,1.5,2.0
cell_004,176,1.8757,95.18,20.9,1.5,2.0
cell_004,177,1.8729,95.03,20.9,1.5,2.0
cell_004,178,1.8807,95.43,20.9,1.5,2.0
cell_004,179,1.9115,96.99,20.9,1.5,2.0
cell_004,180,1.8786,95.32,20.9,1.5,2.0
cell_004,181,1.9108,96.96,20.9,1.5,2.0
cell_004,182,1.8847,95.63,20.9,1.5,2.0
cell_004,183,1.8996,96.39,20.9,1.5,2.0
cell_004,184,1.9414,98.51,20.9,1.5,2.0
cell_004,185,1.8691,94.84,20.9,1.5,2.0
cell_004,186,1.9361,98.24,20.9,1.5,2.0
cell_004,187,1.9349,98.18,20.9,1.5,2.0
cell_004,188,1.9236,97.61,20.9,1.5,2.0
cell_004,189,1.9417,98.52,20.9,1.5,2.0
cell_004,190,1.8795,95.37,20.9,1.5,2.0
cell_004,191,1.936,98.23,20.9,1.5,2.0
cell_004,192,1.8717,94.97,20.9,1.5,2.0
cell_004,193,1.9244,97.65,20.9,1.5,2.0
cell_004,194,1.8891,95.86,20.9,1.5,2.0
cell_004,195,1.9241,97.63,20.9,1.5,2.0
cell_004,196,1.9322,98.04,20.9,1.5,2.0
cell_004,197,1.9027,96.54,20.9,1.5,2.0
cell_004,198,1.9089,96.86,20.9,1.5,2.0
cell_004,199,1.8932,96.06,20.9,1.5,2.0
cell_004,200,1.8764,95.21,20.9,1.5,2.0
cell_004,201,1.9195,97.4,20.9,1.5,2.0
cell_004,202,1.8757,95.18,20.9,1.5,2.0
cell_004,203,1.8804,95.41,20.9,1.5,2.0
cell_004,204,1.8762,95.2,20.9,1.5,2.0
cell_004,205,1.8984,96.33,20.9,1.5,2.0
cell_004,206,1.8856,95.68,20.9,1.5,2.0
cell_004,207,1.8688,94.83,20.9,1.5,2.0
cell_004,208,1.9325,98.06,20.9,1.5,2.0
cell_004,209,1.8909,95.95,20.9,1.5,2.0
cell_004,210,1.9143,97.14,20.9,1.5,2.0
cell_004,211,1.8701,94.89,20.9,1.5,2.0
cell_004,212,1.9196,97.4,20.9,1.5,2.0
cell_004,213,1.9069,96.76,20.9,1.5,2.0
cell_004,214,1.8632,94.54,20.9,1.5,2.0
cell_004,215,1.9143,97.13,20.9,1.5,2.0
cell_004,216,1.8565,94.2,20.9,1.5,2.0
cell_004,217,1.9231,97.58,20.9,1.5,2.0
cell_004,218,1.8853,95.66,20.9,1.5,2.0
cell_004,219,1.8862,95.71,20.9,1.5,2.0
cell_004,220,1.8898,95.89,20.9,1.5,2.0
cell_004,221,1.8774,95.26,20.9,1.5,2.0
cell_004,222,1.8795,95.37,20.9,1.5,2.0
cell_004,223,1.8693,94.85,20.9,1.5,2.0
cell_004,224,1.9273,97.79,20.9,1.5,2.0
cell_004,225,1.8631,94.54,20.9,1.5,2.0
cell_004,226,1.8951,96.16,20.9,1.5,2.0
cell_004,227,1.8906,95.93,20.9,1.5,2.0
cell_004,228,1.9283,97.85,20.9,1.5,2.0
cell_004,229,1.9128,97.06,20.9,1.5,2.0
cell_004,230,1.9197,97.41,20.9,1.5,2.0
cell_004,231,1.8997,96.4,20.9,1.5,2.0
cell_004,232,1.919,97.37,20.9,1.5,2.0
cell_004,233,1.9045,96.64,20.9,1.5,2.0
cell_004,234,1.9097,96.9,20.9,1.5,2.0
cell_004,235,1.8662,94.7,20.9,1.5,2.0
cell_004,236,1.8746,95.12,20.9,1.5,2.0
cell_004,237,1.8944,96.12,20.9,1.5,2.0
cell_004,238,1.9052,96.67,20.9,1.5,2.0
cell_004,239,1.8886,95.83,20.9,1.5,2.0
cell_004,240,1.8736,95.07,20.9,1.5,2.0
cell_004,241,1.9023,96.52,20.9,1.5,2.0
cell_004,242,1.8815,95.47,20.9,1.5,2.0
cell_004,243,1.8849,95.64,20.9,1.5,2.0
cell_004,244,1.8647,94.62,20.9,1.5,2.0
cell_004,245,1.9058,96.71,20.9,1.5,2.0
cell_004,246,1.8859,95.69,20.9,1.5,2.0
cell_004,247,1.898,96.31,20.9,1.5,2.0
cell_004,248,1.8611,94.44,20.9,1.5,2.0
cell_004,249,1.8948,96.15,20.9,1.5,2.0
cell_004,250,1.8914,95.97,20.9,1.5,2.0
cell_004,251,1.883,95.55,20.9,1.5,2.0
cell_004,252,1.8489,93.82,20.9,1.5,2.0
cell_004,253,1.8702,94.9,20.9,1.5,2.0
cell_004,254,1.8627,94.52,20.9,1.5,2.0
cell_004,255,1.8822,95.51,20.9,1.5,2.0
cell_004,256,1.899,96.36,20.9,1.5,2.0
cell_004,257,1.8729,95.03,20.9,1.5,2.0
cell_004,258,1.8826,95.52,20.9,1.5,2.0
cell_004,259,1.8751,95.14,20.9,1.5,2.0
cell_004,260,1.9136,97.1,20.9,1.5,2.0
cell_004,261,1.8442,93.58,20.9,1.5,2.0
cell_004,262,1.8901,95.91,20.9,1.5,2.0
cell_004,263,1.914,97.12,20.9,1.5,2.0
cell_004,264,1.8698,94.88,20.9,1.5,2.0
cell_004,265,1.8733,95.06,20.9,1.5,2.0
cell_004,266,1.896,96.21,20.9,1.5,2.0
cell_004,267,1.8385,93.29,20.9,1.5,2.0
cell_004,268,1.9116,97.0,20.9,1.5,2.0
cell_004,269,1.8464,93.69,20.9,1.5,2.0
cell_004,270,1.898,96.31,20.9,1.5,2.0
cell_004,271,1.874,95.09,20.9,1.5,2.0
cell_004,272,1.8518,93.96,20.9,1.5,2.0
cell_004,273,1.9106,96.95,20.9,1.5,2.0
cell_004,274,1.8861,95.7,20.9,1.5,2.0
cell_004,275,1.8462,93.68,20.9,1.5,2.0
cell_004,276,1.8522,93.98,20.9,1.5,2.0
cell_004,277,1.8457,93.65,20.9,1.5,2.0
cell_004,278,1.8704,94.91,20.9,1.5,2.0
cell_004,279,1.8619,94.47,20.9,1.5,2.0
cell_004,280,1.8571,94.23,20.9,1.5,2.0
cell_004,281,1.8708,94.93,20.9,1.5,2.0
cell_004,282,1.8674,94.75,20.9,1.5,2.0
cell_004,283,1.8702,94.9,20.9,1.5,2.0
cell_004,284,1.8978,96.3,20.9,1.5,2.0
cell_004,285,1.8731,95.04,20.9,1.5,2.0
cell_004,286,1.8323,92.97,20.9,1.5,2.0
cell_004,287,1.8893,95.86,20.9,1.5,2.0
cell_004,288,1.8474,93.74,20.9,1.5,2.0
cell_004,289,1.8741,95.09,20.9,1.5,2.0
cell_004,290,1.87,94.88,20.9,1.5,2.0
cell_004,291,1.8869,95.74,20.9,1.5,2.0
cell_004,292,1.8375,93.24,20.9,1.5,2.0
cell_004,293,1.8846,95.63,20.9,1.5,2.0
cell_004,294,1.883,95.55,20.9,1.5,2.0
cell_004,295,1.9015,96.48,20.9,1.5,2.0
cell_004,296,1.8679,94.78,20.9,1.5,2.0
cell_004,297,1.855,94.13,20.9,1.5,2.0
cell_004,298,1.8878,95.79,20.9,1.5,2.0
cell_004,299,1.849,93.82,20.9,1.5,2.0
cell_004,300,1.8661,94.69,20.9,1.5,2.0
cell_004,301,1.8722,95.0,20.9,1.5,2.0
cell_004,302,1.894,96.1,20.9,1.5,2.0
cell_004,303,1.8668,94.72,20.9,1.5,2.0
cell_004,304,1.8391,93.32,20.9,1.5,2.0
cell_004,305,1.8526,94.01,20.9,1.5,2.0
cell_004,306,1.8703,94.9,20.9,1.5,2.0
cell_004,307,1.8352,93.12,20.9,1.5,2.0
cell_004,308,1.8935,96.08,20.9,1.5,2.0
cell_004,309,1.8618,94.47,20.9,1.5,2.0
cell_004,310,1.8475,93.74,20.9,1.5,2.0
cell_004,311,1.8938,96.1,20.9,1.5,2.0
cell_004,312,1.8244,92.58,20.9,1.5,2.0
cell_004,313,1.8609,94.42,20.9,1.5,2.0
cell_004,314,1.831,92.91,20.9,1.5,2.0
cell_004,315,1.8507,93.91,20.9,1.5,2.0
cell_004,316,1.8567,94.21,20.9,1.5,2.0
cell_004,317,1.8799,95.39,20.9,1.5,2.0
cell_004,318,1.8734,95.06,20.9,1.5,2.0
cell_004,319,1.8689,94.83,20.9,1.5,2.0
cell_004,320,1.8647,94.62,20.9,1.5,2.0
cell_004,321,1.8335,93.04,20.9,1.5,2.0
cell_004,322,1.8334,93.03,20.9,1.5,2.0
cell_004,323,1.8693,94.85,20.9,1.5,2.0
cell_004,324,1.8499,93.87,20.9,1.5,2.0
cell_004,325,1.8138,92.04,20.9,1.5,2.0
cell_004,326,1.8403,93.38,20.9,1.5,2.0
cell_004,327,1.815,92.1,20.9,1.5,2.0
cell_004,328,1.8849,95.65,20.9,1.5,2.0
cell_004,329,1.8802,95.4,20.9,1.5,2.0
cell_004,330,1.8848,95.64,20.9,1.5,2.0
cell_004,331,1.8101,91.85,20.9,1.5,2.0
cell_004,332,1.8546,94.11,20.9,1.5,2.0
cell_004,333,1.8126,91.97,20.9,1.5,2.0
cell_004,334,1.8616,94.46,20.9,1.5,2.0
cell_004,335,1.8616,94.46,20.9,1.5,2.0
cell_004,336,1.8243,92.57,20.9,1.5,2.0
cell_004,337,1.8561,94.18,20.9,1.5,2.0
cell_004,338,1.8837,95.58,20.9,1.5,2.0
cell_004,339,1.8627,94.52,20.9,1.5,2.0
cell_004,340,1.8096,91.82,20.9,1.5,2.0
cell_004,341,1.8428,93.5,20.9,1.5,2.0
cell_004,342,1.8398,93.36,20.9,1.5,2.0
cell_004,343,1.8574,94.25,20.9,1.5,2.0
cell_004,344,1.8616,94.46,20.9,1.5,2.0
cell_004,345,1.8471,93.72,20.9,1.5,2.0
cell_004,346,1.8071,91.7,20.9,1.5,2.0
cell_004,347,1.8307,92.89,20.9,1.5,2.0
cell_004,348,1.8459,93.67,20.9,1.5,2.0
cell_004,349,1.8647,94.62,20.9,1.5,2.0
cell_004,350,1.867,94.73,20.9,1.5,2.0
cell_004,351,1.8734,95.06,20.9,1.5,2.0
cell_004,352,1.8263,92.67,20.9,1.5,2.0
cell_004,353,1.8163,92.16,20.9,1.5,2.0
cell_004,354,1.852,93.97,20.9,1.5,2.0
cell_004,355,1.8098,91.83,20.9,1.5,2.0
cell_004,356,1.8747,95.13,20.9,1.5,2.0
cell_004,357,1.8489,93.82,20.9,1.5,2.0
cell_004,358,1.8285,92.78,20.9,1.5,2.0
cell_004,359,1.851,93.92,20.9,1.5,2.0
cell_004,360,1.8701,94.89,20.9,1.5,2.0
cell_004,361,1.7966,91.16,20.9,1.5,2.0
cell_004,362,1.8118,91.93,20.9,1.5,2.0
cell_004,363,1.8378,93.25,20.9,1.5,2.0
cell_004,364,1.8566,94.2,20.9,1.5,2.0
cell_004,365,1.8613,94.45,20.9,1.5,2.0
cell_004,366,1.8275,92.73,20.9,1.5,2.0
cell_004,367,1.8245,92.58,20.9,1.5,2.0
cell_004,368,1.8217,92.44,20.9,1.5,2.0
cell_004,369,1.8679,94.78,20.9,1.5,2.0
cell_004,370,1.8267,92.69,20.9,1.5,2.0
cell_004,371,1.85,93.87,20.9,1.5,2.0
cell_004,372,1.8462,93.68,20.9,1.5,2.0
cell_004,373,1.7975,91.21,20.9,1.5,2.0
cell_004,374,1.8049,91.58,20.9,1.5,2.0
cell_004,375,1.8485,93.8,20.9,1.5,2.0
cell_004,376,1.8507,93.91,20.9,1.5,2.0
cell_004,377,1.8307,92.89,20.9,1.5,2.0
cell_004,378,1.7925,90.95,20.9,1.5,2.0
cell_004,379,1.8149,92.09,20.9,1.5,2.0
cell_004,380,1.8112,91.9,20.9,1.5,2.0
cell_004,381,1.813,91.99,20.9,1.5,2.0
cell_004,382,1.8164,92.17,20.9,1.5,2.0
cell_004,383,1.8488,93.81,20.9,1.5,2.0
cell_004,384,1.8393,93.33,20.9,1.5,2.0
cell_004,385,1.815,92.1,20.9,1.5,2.0
cell_004,386,1.8138,92.03,20.9,1.5,2.0
cell_004,387,1.8109,91.89,20.9,1.5,2.0
cell_004,388,1.8051,91.6,20.9,1.5,2.0
cell_004,389,1.8432,93.52,20.9,1.5,2.0
cell_004,390,1.8008,91.37,20.9,1.5,2.0
cell_004,391,1.8323,92.97,20.9,1.5,2.0
cell_004,392,1.8451,93.62,20.9,1.5,2.0
cell_004,393,1.8209,92.39,20.9,1.5,2.0
cell_004,394,1.7867,90.66,20.9,1.5,2.0
cell_004,395,1.8066,91.67,20.9,1.5,2.0
cell_004,396,1.8376,93.24,20.9,1.5,2.0
cell_004,397,1.8138,92.04,20.9,1.5,2.0
cell_004,398,1.829,92.8,20.9,1.5,2.0
cell_004,399,1.8304,92.88,20.9,1.5,2.0
cell_004,400,1.8312,92.92,20.9,1.5,2.0
cell_004,401,1.8125,91.97,20.9,1.5,2.0
cell_004,402,1.8552,94.14,20.9,1.5,2.0
cell_004,403,1.8295,92.83,20.9,1.5,2.0
cell_004,404,1.8519,93.97,20.9,1.5,2.0
cell_004,405,1.8014,91.4,20.9,1.5,2.0
cell_004,406,1.8104,91.86,20.9,1.5,2.0
cell_004,407,1.783,90.47,20.9,1.5,2.0
cell_004,408,1.783,90.47,20.9,1.5,2.0
cell_004,409,1.8254,92.62,20.9,1.5,2.0
cell_004,410,1.8202,92.36,20.9,1.5,2.0
cell_004,411,1.8292,92.82,20.9,1.5,2.0
cell_004,412,1.8115,91.92,20.9,1.5,2.0
cell_004,413,1.8081,91.75,20.9,1.5,2.0
cell_004,414,1.81,91.84,20.9,1.5,2.0
cell_004,415,1.8045,91.56,20.9,1.5,2.0
cell_004,416,1.7901,90.83,20.9,1.5,2.0
cell_004,417,1.8452,93.63,20.9,1.5,2.0
cell_004,418,1.7955,91.11,20.9,1.5,2.0
cell_004,419,1.81,91.84,20.9,1.5,2.0
cell_004,420,1.8225,92.48,20.9,1.5,2.0
cell_004,421,1.7943,91.05,20.9,1.5,2.0
cell_004,422,1.8181,92.25,20.9,1.5,2.0
cell_004,423,1.8338,93.05,20.9,1.5,2.0
cell_004,424,1.7712,89.87,20.9,1.5,2.0
cell_004,425,1.8036,91.52,20.9,1.5,2.0
cell_004,426,1.7858,90.62,20.9,1.5,2.0
cell_004,427,1.7893,90.79,20.9,1.5,2.0
cell_004,428,1.778,90.22,20.9,1.5,2.0
cell_004,429,1.7949,91.07,20.9,1.5,2.0
cell_004,430,1.7868,90.67,20.9,1.5,2.0
cell_004,431,1.804,91.54,20.9,1.5,2.0
cell_004,432,1.8388,93.3,20.9,1.5,2.0
cell_004,433,1.7689,89.76,20.9,1.5,2.0
cell_004,434,1.8181,92.26,20.9,1.5,2.0
cell_004,435,1.8317,92.94,20.9,1.5,2.0
cell_004,436,1.8223,92.47,20.9,1.5,2.0
cell_004,437,1.8305,92.88,20.9,1.5,2.0
cell_004,438,1.8065,91.67,20.9,1.5,2.0
cell_004,439,1.8275,92.73,20.9,1.5,2.0
cell_004,440,1.8031,91.49,20.9,1.5,2.0
cell_004,441,1.7887,90.76,20.9,1.5,2.0
cell_004,442,1.8367,93.2,20.9,1.5,2.0
cell_004,443,1.8171,92.2,20.9,1.5,2.0
cell_004,444,1.7746,90.05,20.9,1.5,2.0
cell_004,445,1.7628,89.45,20.9,1.5,2.0
cell_004,446,1.8247,92.59,20.9,1.5,2.0
cell_004,447,1.7765,90.14,20.9,1.5,2.0
cell_004,448,1.8091,91.8,20.9,1.5,2.0
cell_004,449,1.8189,92.29,20.9,1.5,2.0
cell_004,450,1.7897,90.81,20.9,1.5,2.0
cell_004,451,1.8214,92.42,20.9,1.5,2.0
cell_004,452,1.7696,89.79,20.9,1.5,2.0
cell_004,453,1.8277,92.74,20.9,1.5,2.0
cell_004,454,1.7996,91.32,20.9,1.5,2.0
cell_004,455,1.7759,90.11,20.9,1.5,2.0
cell_004,456,1.8296,92.84,20.9,1.5,2.0
cell_004,457,1.8151,92.1,20.9,1.5,2.0
cell_004,458,1.8222,92.46,20.9,1.5,2.0
cell_004,459,1.7986,91.26,20.9,1.5,2.0
cell_004,460,1.8227,92.49,20.9,1.5,2.0
cell_004,461,1.7754,90.09,20.9,1.5,2.0
cell_004,462,1.8081,91.75,20.9,1.5,2.0
cell_004,463,1.8097,91.83,20.9,1.5,2.0
cell_004,464,1.7637,89.49,20.9,1.5,2.0
cell_004,465,1.7739,90.01,20.9,1.5,2.0
cell_004,466,1.7981,91.24,20.9,1.5,2.0
cell_004,467,1.8259,92.65,20.9,1.5,2.0
cell_004,468,1.7916,90.91,20.9,1.5,2.0
cell_004,469,1.7794,90.29,20.9,1.5,2.0
cell_004,470,1.7987,91.27,20.9,1.5,2.0
cell_004,471,1.8256,92.64,20.9,1.5,2.0
cell_004,472,1.7843,90.54,20.9,1.5,2.0
cell_004,473,1.7978,91.22,20.9,1.5,2.0
cell_004,474,1.8233,92.52,20.9,1.5,2.0
cell_004,475,1.7591,89.26,20.9,1.5,2.0
cell_004,476,1.78,90.32,20.9,1.5,2.0
cell_004,477,1.756,89.1,20.9,1.5,2.0
cell_004,478,1.8113,91.91,20.9,1.5,2.0
cell_004,479,1.8219,92.44,20.9,1.5,2.0
cell_004,480,1.7471,88.65,20.9,1.5,2.0
cell_004,481,1.7841,90.53,20.9,1.5,2.0
cell_004,482,1.7467,88.63,20.9,1.5,2.0
cell_004,483,1.7732,89.98,20.9,1.5,2.0
cell_004,484,1.7719,89.91,20.9,1.5,2.0
cell_004,485,1.8055,91.61,20.9,1.5,2.0
cell_004,486,1.8154,92.12,20.9,1.5,2.0
cell_004,487,1.7583,89.22,20.9,1.5,2.0
cell_004,488,1.8177,92.24,20.9,1.5,2.0
cell_004,489,1.7566,89.13,20.9,1.5,2.0
cell_004,490,1.7649,89.55,20.9,1.5,2.0
cell_004,491,1.8034,91.51,20.9,1.5,2.0
cell_004,492,1.7593,89.27,20.9,1.5,2.0
cell_004,493,1.7519,88.89,20.9,1.5,2.0
cell_004,494,1.8102,91.85,20.9,1.5,2.0
cell_004,495,1.7782,90.23,20.9,1.5,2.0
cell_004,496,1.8154,92.12,20.9,1.5,2.0
cell_004,497,1.8106,91.87,20.9,1.5,2.0
cell_004,498,1.7662,89.62,20.9,1.5,2.0
cell_004,499,1.7644,89.53,20.9,1.5,2.0
cell_004,500,1.7633,89.47,20.9,1.5,2.0
cell_004,501,1.8078,91.73,20.9,1.5,2.0
cell_004,502,1.8017,91.42,20.9,1.5,2.0
cell_004,503,1.8134,92.02,20.9,1.5,2.0
cell_004,504,1.738,88.19,20.9,1.5,2.0
cell_004,505,1.7699,89.81,20.9,1.5,2.0
cell_004,506,1.747,88.65,20.9,1.5,2.0
cell_004,507,1.8136,92.03,20.9,1.5,2.0
cell_004,508,1.8008,91.38,20.9,1.5,2.0
cell_004,509,1.8037,91.52,20.9,1.5,2.0
cell_004,510,1.7716,89.9,20.9,1.5,2.0
cell_004,511,1.7534,88.97,20.9,1.5,2.0
cell_004,512,1.7447,88.53,20.9,1.5,2.0
cell_004,513,1.802,91.44,20.9,1.5,2.0
cell_004,514,1.8001,91.34,20.9,1.5,2.0
cell_004,515,1.751,88.85,20.9,1.5,2.0
cell_004,516,1.7619,89.4,20.9,1.5,2.0
cell_004,517,1.7635,89.48,20.9,1.5,2.0
cell_004,518,1.7329,87.93,20.9,1.5,2.0
cell_004,519,1.7795,90.29,20.9,1.5,2.0
cell_004,520,1.7737,90.0,20.9,1.5,2.0
cell_004,521,1.7959,91.13,20.9,1.5,2.0
cell_004,522,1.747,88.64,20.9,1.5,2.0
cell_004,523,1.7949,91.08,20.9,1.5,2.0
cell_004,524,1.797,91.18,20.9,1.5,2.0
cell_004,525,1.8004,91.36,20.9,1.5,2.0
cell_004,526,1.7835,90.5,20.9,1.5,2.0
cell_004,527,1.7642,89.52,20.9,1.5,2.0
cell_004,528,1.752,88.9,20.9,1.5,2.0
cell_004,529,1.7923,90.95,20.9,1.5,2.0
cell_004,530,1.7794,90.29,20.9,1.5,2.0
cell_004,531,1.797,91.18,20.9,1.5,2.0
cell_004,532,1.7252,87.54,20.9,1.5,2.0
cell_004,533,1.7977,91.22,20.9,1.5,2.0
cell_004,534,1.7462,88.61,20.9,1.5,2.0
cell_004,535,1.7324,87.9,20.9,1.5,2.0
cell_004,536,1.781,90.37,20.9,1.5,2.0
cell_004,537,1.7629,89.45,20.9,1.5,2.0
cell_004,538,1.7595,89.28,20.9,1.5,2.0
cell_004,539,1.7539,89.0,20.9,1.5,2.0
cell_004,540,1.7222,87.39,20.9,1.5,2.0
cell_004,541,1.724,87.48,20.9,1.5,2.0
cell_004,542,1.7799,90.31,20.9,1.5,2.0
cell_004,543,1.7828,90.46,20.9,1.5,2.0
cell_004,544,1.749,88.75,20.9,1.5,2.0
cell_004,545,1.7779,90.22,20.9,1.5,2.0
cell_004,546,1.7355,88.06,20.9,1.5,2.0
cell_004,547,1.7464,88.61,20.9,1.5,2.0
cell_004,548,1.7707,89.85,20.9,1.5,2.0
cell_004,549,1.7663,89.63,20.9,1.5,2.0
cell_004,550,1.7246,87.51,20.9,1.5,2.0
cell_004,551,1.7173,87.14,20.9,1.5,2.0
cell_004,552,1.7432,88.45,20.9,1.5,2.0
cell_004,553,1.7159,87.07,20.9,1.5,2.0
cell_004,554,1.7382,88.2,20.9,1.5,2.0
cell_004,555,1.7442,88.5,20.9,1.5,2.0
cell_004,556,1.7183,87.19,20.9,1.5,2.0
cell_004,557,1.7868,90.67,20.9,1.5,2.0
cell_004,558,1.7365,88.11,20.9,1.5,2.0
cell_004,559,1.7173,87.14,20.9,1.5,2.0
cell_004,560,1.7808,90.36,20.9,1.5,2.0
cell_004,561,1.7821,90.43,20.9,1.5,2.0
cell_004,562,1.7143,86.99,20.9,1.5,2.0
cell_004,563,1.7499,88.79,20.9,1.5,2.0
cell_004,564,1.7296,87.76,20.9,1.5,2.0
cell_004,565,1.7242,87.49,20.9,1.5,2.0
cell_004,566,1.7267,87.61,20.9,1.5,2.0
cell_004,567,1.7665,89.63,20.9,1.5,2.0
cell_004,568,1.7353,88.05,20.9,1.5,2.0
cell_004,569,1.7763,90.13,20.9,1.5,2.0
cell_004,570,1.7706,89.84,20.9,1.5,2.0
cell_004,571,1.7546,89.03,20.9,1.5,2.0
cell_004,572,1.7704,89.83,20.9,1.5,2.0
cell_004,573,1.746,88.6,20.9,1.5,2.0
cell_004,574,1.7613,89.37,20.9,1.5,2.0
cell_004,575,1.7635,89.48,20.9,1.5,2.0
cell_004,576,1.7452,88.56,20.9,1.5,2.0
cell_004,577,1.7124,86.89,20.9,1.5,2.0
cell_004,578,1.7505,88.82,20.9,1.5,2.0
cell_004,579,1.7473,88.66,20.9,1.5,2.0
cell_004,580,1.7684,89.73,20.9,1.5,2.0
cell_004,581,1.7204,87.3,20.9,1.5,2.0
cell_004,582,1.7741,90.02,20.9,1.5,2.0
cell_004,583,1.7569,89.15,20.9,1.5,2.0
cell_004,584,1.7732,89.98,20.9,1.5,2.0
cell_004,585,1.7594,89.28,20.9,1.5,2.0
cell_004,586,1.7083,86.68,20.9,1.5,2.0
cell_004,587,1.7122,86.88,20.9,1.5,2.0
cell_004,588,1.7594,89.27,20.9,1.5,2.0
cell_004,589,1.7296,87.77,20.9,1.5,2.0
cell_004,590,1.7004,86.28,20.9,1.5,2.0
cell_004,591,1.7227,87.41,20.9,1.5,2.0
cell_004,592,1.7702,89.82,20.9,1.5,2.0
cell_004,593,1.7047,86.5,20.9,1.5,2.0
cell_004,594,1.6978,86.15,20.9,1.5,2.0
cell_004,595,1.7469,88.64,20.9,1.5,2.0
cell_004,596,1.7077,86.65,20.9,1.5,2.0
cell_004,597,1.7291,87.74,20.9,1.5,2.0
cell_004,598,1.773,89.97,20.9,1.5,2.0
cell_004,599,1.7561,89.11,20.9,1.5,2.0
cell_004,600,1.7335,87.96,20.9,1.5,2.0
cell_004,601,1.7136,86.95,20.9,1.5,2.0
cell_004,602,1.705,86.51,20.9,1.5,2.0
cell_004,603,1.7236,87.46,20.9,1.5,2.0
cell_004,604,1.6981,86.16,20.9,1.5,2.0
cell_004,605,1.7088,86.71,20.9,1.5,2.0
cell_004,606,1.6938,85.95,20.9,1.5,2.0
cell_004,607,1.7236,87.46,20.9,1.5,2.0
cell_004,608,1.7488,88.74,20.9,1.5,2.0
cell_004,609,1.7045,86.49,20.9,1.5,2.0
cell_004,610,1.7167,87.11,20.9,1.5,2.0
cell_004,611,1.7636,89.49,20.9,1.5,2.0
cell_004,612,1.7056,86.55,20.9,1.5,2.0
cell_004,613,1.7184,87.2,20.9,1.5,2.0
cell_004,614,1.7582,89.21,20.9,1.5,2.0
cell_004,615,1.7171,87.13,20.9,1.5,2.0
cell_004,616,1.6997,86.25,20.9,1.5,2.0
cell_004,617,1.7562,89.11,20.9,1.5,2.0
cell_004,618,1.7499,88.79,20.9,1.5,2.0
cell_004,619,1.7062,86.57,20.9,1.5,2.0
cell_004,620,1.7328,87.93,20.9,1.5,2.0
cell_004,621,1.7425,88.42,20.9,1.5,2.0
cell_004,622,1.7097,86.75,20.9,1.5,2.0
cell_004,623,1.7275,87.66,20.9,1.5,2.0
cell_004,624,1.7351,88.04,20.9,1.5,2.0
cell_004,625,1.7597,89.29,20.9,1.5,2.0
cell_004,626,1.7423,88.41,20.9,1.5,2.0
cell_004,627,1.7204,87.29,20.9,1.5,2.0
cell_004,628,1.7383,88.2,20.9,1.5,2.0
cell_004,629,1.7209,87.32,20.9,1.5,2.0
cell_004,630,1.7077,86.65,20.9,1.5,2.0
cell_004,631,1.6921,85.86,20.9,1.5,2.0
cell_004,632,1.7094,86.74,20.9,1.5,2.0
cell_004,633,1.7123,86.89,20.9,1.5,2.0
cell_004,634,1.7067,86.6,20.9,1.5,2.0
cell_004,635,1.7238,87.47,20.9,1.5,2.0
cell_004,636,1.6895,85.73,20.9,1.5,2.0
cell_004,637,1.6924,85.88,20.9,1.5,2.0
cell_004,638,1.6983,86.18,20.9,1.5,2.0
cell_004,639,1.747,88.65,20.9,1.5,2.0
cell_004,640,1.703,86.41,20.9,1.5,2.0
cell_004,641,1.7429,88.44,20.9,1.5,2.0
cell_004,642,1.7443,88.51,20.9,1.5,2.0
cell_004,643,1.7543,89.02,20.9,1.5,2.0
cell_004,644,1.739,88.24,20.9,1.5,2.0
cell_004,645,1.7275,87.66,20.9,1.5,2.0
cell_004,646,1.7018,86.35,20.9,1.5,2.0
cell_004,647,1.7499,88.79,20.9,1.5,2.0
cell_004,648,1.7063,86.58,20.9,1.5,2.0
cell_004,649,1.6954,86.03,20.9,1.5,2.0
cell_004,650,1.6895,85.73,20.9,1.5,2.0
cell_004,651,1.7401,88.29,20.9,1.5,2.0
cell_004,652,1.7485,88.72,20.9,1.5,2.0
cell_004,653,1.6894,85.73,20.9,1.5,2.0
cell_004,654,1.7068,86.6,20.9,1.5,2.0
cell_004,655,1.7065,86.59,20.9,1.5,2.0
cell_004,656,1.7043,86.48,20.9,1.5,2.0
cell_004,657,1.7433,88.46,20.9,1.5,2.0
cell_004,658,1.6792,85.2,20.9,1.5,2.0
cell_004,659,1.7407,88.33,20.9,1.5,2.0
cell_004,660,1.6798,85.24,20.9,1.5,2.0
cell_004,661,1.7473,88.66,20.9,1.5,2.0
cell_004,662,1.7357,88.07,20.9,1.5,2.0
cell_004,663,1.7135,86.94,20.9,1.5,2.0
cell_004,664,1.7184,87.19,20.9,1.5,2.0
cell_004,665,1.7375,88.16,20.9,1.5,2.0
cell_004,666,1.6984,86.18,20.9,1.5,2.0
cell_004,667,1.7171,87.13,20.9,1.5,2.0
cell_004,668,1.6757,85.03,20.9,1.5,2.0
cell_004,669,1.712,86.87,20.9,1.5,2.0
cell_004,670,1.6714,84.81,20.9,1.5,2.0
cell_004,671,1.7388,88.23,20.9,1.5,2.0
cell_004,672,1.6788,85.19,20.9,1.5,2.0
cell_004,673,1.6942,85.97,20.9,1.5,2.0
cell_004,674,1.727,87.63,20.9,1.5,2.0
cell_004,675,1.6977,86.14,20.9,1.5,2.0
cell_004,676,1.7373,88.15,20.9,1.5,2.0
cell_004,677,1.7044,86.49,20.9,1.5,2.0
cell_004,678,1.685,85.5,20.9,1.5,2.0
cell_004,679,1.6657,84.52,20.9,1.5,2.0
cell_004,680,1.703,86.42,20.9,1.5,2.0
cell_004,681,1.688,85.65,20.9,1.5,2.0
cell_004,682,1.7311,87.84,20.9,1.5,2.0
cell_004,683,1.692,85.86,20.9,1.5,2.0
cell_004,684,1.7066,86.6,20.9,1.5,2.0
cell_004,685,1.669,84.69,20.9,1.5,2.0
cell_004,686,1.6864,85.57,20.9,1.5,2.0
cell_004,687,1.6829,85.39,20.9,1.5,2.0
cell_004,688,1.7256,87.56,20.9,1.5,2.0
cell_004,689,1.6952,86.02,20.9,1.5,2.0
cell_004,690,1.7054,86.54,20.9,1.5,2.0
cell_004,691,1.6899,85.75,20.9,1.5,2.0
cell_004,692,1.7065,86.59,20.9,1.5,2.0
cell_004,693,1.6619,84.33,20.9,1.5,2.0
cell_004,694,1.7095,86.74,20.9,1.5,2.0
cell_004,695,1.6886,85.68,20.9,1.5,2.0
cell_004,696,1.6723,84.85,20.9,1.5,2.0
cell_004,697,1.6564,84.05,20.9,1.5,2.0
cell_004,698,1.7095,86.74,20.9,1.5,2.0
cell_004,699,1.685,85.5,20.9,1.5,2.0
cell_004,700,1.7221,87.38,20.9,1.5,2.0
cell_004,701,1.6576,84.11,20.9,1.5,2.0
cell_004,702,1.7043,86.48,20.9,1.5,2.0
cell_004,703,1.6549,83.97,20.9,1.5,2.0
cell_004,704,1.7175,87.15,20.9,1.5,2.0
cell_004,705,1.6712,84.8,20.9,1.5,2.0
cell_004,706,1.6825,85.37,20.9,1.5,2.0
cell_004,707,1.6764,85.07,20.9,1.5,2.0
cell_004,708,1.6654,84.5,20.9,1.5,2.0
cell_004,709,1.6676,84.62,20.9,1.5,2.0
cell_004,710,1.7127,86.91,20.9,1.5,2.0
cell_004,711,1.7211,87.33,20.9,1.5,2.0
cell_004,712,1.7004,86.28,20.9,1.5,2.0
cell_004,713,1.6736,84.92,20.9,1.5,2.0
cell_004,714,1.6761,85.05,20.9,1.5,2.0
cell_004,715,1.7034,86.43,20.9,1.5,2.0
cell_004,716,1.7016,86.34,20.9,1.5,2.0
cell_004,717,1.6816,85.33,20.9,1.5,2.0
cell_004,718,1.7058,86.55,20.9,1.5,2.0
cell_004,719,1.6495,83.7,20.9,1.5,2.0
cell_004,720,1.6965,86.08,20.9,1.5,2.0
cell_004,721,1.7081,86.67,20.9,1.5,2.0
cell_004,722,1.6605,84.26,20.9,1.5,2.0
cell_004,723,1.6472,83.58,20.9,1.5,2.0
cell_004,724,1.6906,85.78,20.9,1.5,2.0
cell_004,725,1.6522,83.83,20.9,1.5,2.0
cell_004,726,1.6662,84.54,20.9,1.5,2.0
cell_004,727,1.6451,83.48,20.9,1.5,2.0
cell_004,728,1.7132,86.93,20.9,1.5,2.0
cell_004,729,1.6994,86.23,20.9,1.5,2.0
cell_004,730,1.6875,85.63,20.9,1.5,2.0
cell_004,731,1.6929,85.9,20.9,1.5,2.0
cell_004,732,1.7066,86.6,20.9,1.5,2.0
cell_004,733,1.7011,86.32,20.9,1.5,2.0
cell_004,734,1.695,86.01,20.9,1.5,2.0
cell_004,735,1.6981,86.17,20.9,1.5,2.0
cell_004,736,1.6684,84.66,20.9,1.5,2.0
cell_004,737,1.6951,86.01,20.9,1.5,2.0
cell_004,738,1.677,85.09,20.9,1.5,2.0
cell_004,739,1.6497,83.71,20.9,1.5,2.0
cell_004,740,1.7101,86.77,20.9,1.5,2.0
cell_004,741,1.6501,83.73,20.9,1.5,2.0
cell_004,742,1.6807,85.28,20.9,1.5,2.0
cell_004,743,1.6819,85.34,20.9,1.5,2.0
cell_004,744,1.6907,85.79,20.9,1.5,2.0
cell_004,745,1.6928,85.89,20.9,1.5,2.0
cell_004,746,1.7045,86.49,20.9,1.5,2.0
cell_004,747,1.6501,83.73,20.9,1.5,2.0
cell_004,748,1.6996,86.24,20.9,1.5,2.0
cell_004,749,1.6468,83.56,20.9,1.5,2.0
cell_004,750,1.6721,84.85,20.9,1.5,2.0
cell_004,751,1.6381,83.12,20.9,1.5,2.0
cell_004,752,1.7029,86.41,20.9,1.5,2.0
cell_004,753,1.6688,84.68,20.9,1.5,2.0
cell_004,754,1.6312,82.77,20.9,1.5,2.0
cell_004,755,1.6324,82.83,20.9,1.5,2.0
cell_004,756,1.6272,82.57,20.9,1.5,2.0
cell_004,757,1.6662,84.54,20.9,1.5,2.0
cell_004,758,1.6742,84.95,20.9,1.5,2.0
cell_004,759,1.6934,85.93,20.9,1.5,2.0
cell_004,760,1.6611,84.28,20.9,1.5,2.0
cell_004,761,1.6925,85.88,20.9,1.5,2.0
cell_004,762,1.6585,84.15,20.9,1.5,2.0
cell_004,763,1.6476,83.6,20.9,1.5,2.0
cell_004,764,1.66,84.23,20.9,1.5,2.0
cell_004,765,1.6863,85.56,20.9,1.5,2.0
cell_004,766,1.6533,83.89,20.9,1.5,2.0
cell_004,767,1.6983,86.18,20.9,1.5,2.0
cell_004,768,1.6608,84.27,20.9,1.5,2.0
cell_004,769,1.6741,84.95,20.9,1.5,2.0
cell_004,770,1.6951,86.01,20.9,1.5,2.0
cell_004,771,1.6605,84.25,20.9,1.5,2.0
cell_004,772,1.6811,85.3,20.9,1.5,2.0
cell_004,773,1.6293,82.68,20.9,1.5,2.0
cell_004,774,1.6699,84.74,20.9,1.5,2.0
cell_004,775,1.654,83.93,20.9,1.5,2.0
cell_004,776,1.6605,84.26,20.9,1.5,2.0
cell_004,777,1.6961,86.06,20.9,1.5,2.0
cell_004,778,1.6404,83.24,20.9,1.5,2.0
cell_004,779,1.6726,84.87,20.9,1.5,2.0
cell_004,780,1.6858,85.54,20.9,1.5,2.0
cell_004,781,1.657,84.08,20.9,1.5,2.0
cell_004,782,1.641,83.27,20.9,1.5,2.0
cell_004,783,1.6762,85.05,20.9,1.5,2.0
cell_004,784,1.6223,82.32,20.9,1.5,2.0
cell_004,785,1.6197,82.18,20.9,1.5,2.0
cell_004,786,1.6293,82.68,20.9,1.5,2.0
cell_004,787,1.6236,82.39,20.9,1.5,2.0
cell_004,788,1.6739,84.94,20.9,1.5,2.0
cell_004,789,1.6292,82.67,20.9,1.5,2.0
cell_004,790,1.6686,84.67,20.9,1.5,2.0
cell_004,791,1.6274,82.58,20.9,1.5,2.0
cell_004,792,1.6365,83.04,20.9,1.5,2.0
cell_004,793,1.6366,83.04,20.9,1.5,2.0
cell_004,794,1.6414,83.29,20.9,1.5,2.0
cell_004,795,1.6324,82.83,20.9,1.5,2.0
cell_004,796,1.6473,83.58,20.9,1.5,2.0
cell_004,797,1.6104,81.71,20.9,1.5,2.0
cell_004,798,1.675,84.99,20.9,1.5,2.0
cell_004,799,1.6678,84.63,20.9,1.5,2.0
cell_004,800,1.673,84.89,20.9,1.5,2.0
cell_005,1,1.9847,99.8,20.4,1.0,3.0
cell_005,2,2.0213,101.64,20.4,1.0,3.0
cell_005,3,2.0174,101.44,20.4,1.0,3.0
cell_005,4,2.0047,100.8,20.4,1.0,3.0
cell_005,5,1.9701,99.07,20.4,1.0,3.0
cell_005,6,2.0158,101.36,20.4,1.0,3.0
cell_005,7,1.9481,97.96,20.4,1.0,3.0
cell_005,8,1.9552,98.32,20.4,1.0,3.0
cell_005,9,1.9752,99.32,20.4,1.0,3.0
cell_005,10,1.9468,97.89,20.4,1.0,3.0
cell_005,11,1.9522,98.17,20.4,1.0,3.0
cell_005,12,1.9632,98.72,20.4,1.0,3.0
cell_005,13,1.9606,98.59,20.4,1.0,3.0
cell_005,14,2.0193,101.54,20.4,1.0,3.0
cell_005,15,1.9911,100.12,20.4,1.0,3.0
cell_005,16,1.9629,98.7,20.4,1.0,3.0
cell_005,17,2.0216,101.65,20.4,1.0,3.0
cell_005,18,1.956,98.36,20.4,1.0,3.0
cell_005,19,2.0008,100.61,20.4,1.0,3.0
cell_005,20,1.9807,99.6,20.4,1.0,3.0
cell_005,21,1.9775,99.44,20.4,1.0,3.0
cell_005,22,1.9576,98.44,20.4,1.0,3.0
cell_005,23,2.0043,100.79,20.4,1.0,3.0
cell_005,24,1.9712,99.12,20.4,1.0,3.0
cell_005,25,2.0182,101.48,20.4,1.0,3.0
cell_005,26,1.9747,99.3,20.4,1.0,3.0
cell_005,27,1.9762,99.37,20.4,1.0,3.0
cell_005,28,1.9633,98.72,20.4,1.0,3.0
cell_005,29,1.951,98.1,20.4,1.0,3.0
cell_005,30,1.971,99.11,20.4,1.0,3.0
cell_005,31,1.9758,99.35,20.4,1.0,3.0
cell_005,32,1.9745,99.29,20.4,1.0,3.0
cell_005,33,1.9531,98.21,20.4,1.0,3.0
cell_005,34,1.9805,99.59,20.4,1.0,3.0
cell_005,35,1.9843,99.78,20.4,1.0,3.0
cell_005,36,1.999,100.52,20.4,1.0,3.0
cell_005,37,2.017,101.42,20.4,1.0,3.0
cell_005,38,1.9958,100.36,20.4,1.0,3.0
cell_005,39,1.9643,98.78,20.4,1.0,3.0
cell_005,40,2.0074,100.94,20.4,1.0,3.0
cell_005,41,2.0136,101.25,20.4,1.0,3.0
cell_005,42,1.9929,100.21,20.4,1.0,3.0
cell_005,43,1.9367,97.38,20.4,1.0,3.0
cell_005,44,1.9886,100.0,20.4,1.0,3.0
cell_005,45,1.9387,97.48,20.4,1.0,3.0
cell_005,46,2.0092,101.03,20.4,1.0,3.0
cell_005,47,1.9548,98.29,20.4,1.0,3.0
cell_005,48,1.975,99.31,20.4,1.0,3.0
cell_005,49,1.9996,100.55,20.4,1.0,3.0
cell_005,50,1.9503,98.07,20.4,1.0,3.0
cell_005,51,1.9708,99.1,20.4,1.0,3.0
cell_005,52,2.01,101.07,20.4,1.0,3.0
cell_005,53,2.0065,100.9,20.4,1.0,3.0
cell_005,54,1.9858,99.85,20.4,1.0,3.0
cell_005,55,1.9463,97.87,20.4,1.0,3.0
cell_005,56,1.9548,98.29,20.4,1.0,3.0
cell_005,57,1.947,97.9,20.4,1.0,3.0
cell_005,58,1.9548,98.29,20.4,1.0,3.0
cell_005,59,1.9866,99.89,20.4,1.0,3.0
cell_005,60,2.0012,100.63,20.4,1.0,3.0
cell_005,61,1.9585,98.48,20.4,1.0,3.0
cell_005,62,1.9728,99.2,20.4,1.0,3.0
cell_005,63,1.9762,99.37,20.4,1.0,3.0
cell_005,64,1.9814,99.63,20.4,1.0,3.0
cell_005,65,1.9639,98.75,20.4,1.0,3.0
cell_005,66,1.9298,97.04,20.4,1.0,3.0
cell_005,67,1.9805,99.59,20.4,1.0,3.0
cell_005,68,1.9523,98.17,20.4,1.0,3.0
cell_005,69,1.9444,97.77,20.4,1.0,3.0
cell_005,70,1.9496,98.03,20.4,1.0,3.0
cell_005,71,1.9846,99.79,20.4,1.0,3.0
cell_005,72,2.002,100.67,20.4,1.0,3.0
cell_005,73,1.9924,100.19,20.4,1.0,3.0
cell_005,74,1.942,97.65,20.4,1.0,3.0
cell_005,75,1.9909,100.11,20.4,1.0,3.0
cell_005,76,2.0036,100.75,20.4,1.0,3.0
cell_005,77,1.9691,99.02,20.4,1.0,3.0
cell_005,78,1.967,98.91,20.4,1.0,3.0
cell_005,79,1.9969,100.41,20.4,1.0,3.0
cell_005,80,1.9595,98.53,20.4,1.0,3.0
cell_005,81,1.9378,97.44,20.4,1.0,3.0
cell_005,82,1.975,99.31,20.4,1.0,3.0
cell_005,83,1.9821,99.67,20.4,1.0,3.0
cell_005,84,1.9229,96.69,20.4,1.0,3.0
cell_005,85,1.9392,97.51,20.4,1.0,3.0
cell_005,86,1.994,100.26,20.4,1.0,3.0
cell_005,87,1.9674,98.93,20.4,1.0,3.0
cell_005,88,1.9301,97.05,20.4,1.0,3.0
cell_005,89,1.9638,98.75,20.4,1.0,3.0
cell_005,90,1.9901,100.07,20.4,1.0,3.0
cell_005,91,1.9736,99.24,20.4,1.0,3.0
cell_005,92,1.9413,97.62,20.4,1.0,3.0
cell_005,93,1.9858,99.86,20.4,1.0,3.0
cell_005,94,1.9724,99.18,20.4,1.0,3.0
cell_005,95,1.9406,97.58,20.4,1.0,3.0
cell_005,96,1.9668,98.9,20.4,1.0,3.0
cell_005,97,1.9528,98.2,20.4,1.0,3.0
cell_005,98,1.9662,98.87,20.4,1.0,3.0
cell_005,99,1.9923,100.18,20.4,1.0,3.0
cell_005,100,1.9793,99.53,20.4,1.0,3.0
cell_005,101,1.9926,100.19,20.4,1.0,3.0
cell_005,102,1.935,97.3,20.4,1.0,3.0
cell_005,103,1.9308,97.09,20.4,1.0,3.0
cell_005,104,1.9847,99.8,20.4,1.0,3.0
cell_005,105,1.9264,96.87,20.4,1.0,3.0
cell_005,106,1.9865,99.89,20.4,1.0,3.0
cell_005,107,1.9171,96.4,20.4,1.0,3.0
cell_005,108,1.9838,99.75,20.4,1.0,3.0
cell_005,109,1.9805,99.59,20.4,1.0,3.0
cell_005,110,1.9275,96.92,20.4,1.0,3.0
cell_005,111,1.9687,98.99,20.4,1.0,3.0
cell_005,112,1.9783,99.47,20.4,1.0,3.0
cell_005,113,1.9337,97.23,20.4,1.0,3.0
cell_005,114,1.9853,99.83,20.4,1.0,3.0
cell_005,115,1.9225,96.67,20.4,1.0,3.0
cell_005,116,1.9427,97.69,20.4,1.0,3.0
cell_005,117,1.952,98.15,20.4,1.0,3.0
cell_005,118,1.9688,99.0,20.4,1.0,3.0
cell_005,119,1.9673,98.93,20.4,1.0,3.0
cell_005,120,1.9609,98.6,20.4,1.0,3.0
cell_005,121,1.9611,98.61,20.4,1.0,3.0
cell_005,122,1.945,97.8,20.4,1.0,3.0
cell_005,123,1.9815,99.64,20.4,1.0,3.0
cell_005,124,1.9408,97.59,20.4,1.0,3.0
cell_005,125,1.9648,98.8,20.4,1.0,3.0
cell_005,126,1.9277,96.93,20.4,1.0,3.0
cell_005,127,1.9212,96.61,20.4,1.0,3.0
cell_005,128,1.9779,99.46,20.4,1.0,3.0
cell_005,129,1.9302,97.06,20.4,1.0,3.0
cell_005,130,1.926,96.85,20.4,1.0,3.0
cell_005,131,1.969,99.01,20.4,1.0,3.0
cell_005,132,1.9119,96.14,20.4,1.0,3.0
cell_005,133,1.9348,97.29,20.4,1.0,3.0
cell_005,134,1.9049,95.79,20.4,1.0,3.0
cell_005,135,1.9132,96.21,20.4,1.0,3.0
cell_005,136,1.9474,97.92,20.4,1.0,3.0
cell_005,137,1.9471,97.91,20.4,1.0,3.0
cell_005,138,1.9588,98.5,20.4,1.0,3.0
cell_005,139,1.9178,96.43,20.4,1.0,3.0
cell_005,140,1.9022,95.65,20.4,1.0,3.0
cell_005,141,1.9618,98.65,20.4,1.0,3.0
cell_005,142,1.9113,96.11,20.4,1.0,3.0
cell_005,143,1.9663,98.87,20.4,1.0,3.0
cell_005,144,1.9619,98.65,20.4,1.0,3.0
cell_005,145,1.9023,95.65,20.4,1.0,3.0
cell_005,146,1.9495,98.03,20.4,1.0,3.0
cell_005,147,1.9226,96.67,20.4,1.0,3.0
cell_005,148,1.9201,96.55,20.4,1.0,3.0
cell_005,149,1.9696,99.04,20.4,1.0,3.0
cell_005,150,1.9306,97.08,20.4,1.0,3.0
cell_005,151,1.9593,98.52,20.4,1.0,3.0
cell_005,152,1.941,97.6,20.4,1.0,3.0
cell_005,153,1.935,97.3,20.4,1.0,3.0
cell_005,154,1.914,96.24,20.4,1.0,3.0
cell_005,155,1.9573,98.42,20.4,1.0,3.0
cell_005,156,1.9134,96.22,20.4,1.0,3.0
cell_005,157,1.9475,97.93,20.4,1.0,3.0
cell_005,158,1.9309,97.09,20.4,1.0,3.0
cell_005,159,1.915,96.29,20.4,1.0,3.0
cell_005,160,1.9382,97.46,20.4,1.0,3.0
cell_005,161,1.9542,98.27,20.4,1.0,3.0
cell_005,162,1.93,97.05,20.4,1.0,3.0
cell_005,163,1.9037,95.72,20.4,1.0,3.0
cell_005,164,1.9351,97.31,20.4,1.0,3.0
cell_005,165,1.9702,99.07,20.4,1.0,3.0
cell_005,166,1.9073,95.91,20.4,1.0,3.0
cell_005,167,1.9175,96.42,20.4,1.0,3.0
cell_005,168,1.908,95.94,20.4,1.0,3.0
cell_005,169,1.9102,96.05,20.4,1.0,3.0
cell_005,170,1.9664,98.88,20.4,1.0,3.0
cell_005,171,1.9538,98.24,20.4,1.0,3.0
cell_005,172,1.9463,97.87,20.4,1.0,3.0
cell_005,173,1.9319,97.14,20.4,1.0,3.0
cell_005,174,1.8907,95.07,20.4,1.0,3.0
cell_005,175,1.9559,98.35,20.4,1.0,3.0
cell_005,176,1.9454,97.82,20.4,1.0,3.0
cell_005,177,1.9382,97.46,20.4,1.0,3.0
cell_005,178,1.8904,95.06,20.4,1.0,3.0
cell_005,179,1.9553,98.32,20.4,1.0,3.0
cell_005,180,1.916,96.34,20.4,1.0,3.0
cell_005,181,1.9405,97.58,20.4,1.0,3.0
cell_005,182,1.9284,96.97,20.4,1.0,3.0
cell_005,183,1.9357,97.33,20.4,1.0,3.0
cell_005,184,1.9127,96.18,20.4,1.0,3.0
cell_005,185,1.9516,98.13,20.4,1.0,3.0
cell_005,186,1.9138,96.23,20.4,1.0,3.0
cell_005,187,1.9429,97.7,20.4,1.0,3.0
cell_005,188,1.8931,95.19,20.4,1.0,3.0
cell_005,189,1.9462,97.86,20.4,1.0,3.0
cell_005,190,1.9204,96.56,20.4,1.0,3.0
cell_005,191,1.8928,95.18,20.4,1.0,3.0
cell_005,192,1.8899,95.03,20.4,1.0,3.0
cell_005,193,1.9231,96.7,20.4,1.0,3.0
cell_005,194,1.9323,97.16,20.4,1.0,3.0
cell_005,195,1.9214,96.61,20.4,1.0,3.0
cell_005,196,1.8829,94.68,20.4,1.0,3.0
cell_005,197,1.9299,97.04,20.4,1.0,3.0
cell_005,198,1.9517,98.14,20.4,1.0,3.0
cell_005,199,1.8982,95.45,20.4,1.0,3.0
cell_005,200,1.9368,97.39,20.4,1.0,3.0
cell_005,201,1.9442,97.76,20.4,1.0,3.0
cell_005,202,1.9048,95.78,20.4,1.0,3.0
cell_005,203,1.8778,94.42,20.4,1.0,3.0
cell_005,204,1.8776,94.41,20.4,1.0,3.0
cell_005,205,1.9079,95.94,20.4,1.0,3.0
cell_005,206,1.954,98.25,20.4,1.0,3.0
cell_005,207,1.9196,96.53,20.4,1.0,3.0
cell_005,208,1.9029,95.68,20.4,1.0,3.0
cell_005,209,1.9209,96.59,20.4,1.0,3.0
cell_005,210,1.9522,98.16,20.4,1.0,3.0
cell_005,211,1.8738,94.22,20.4,1.0,3.0
cell_005,212,1.9391,97.5,20.4,1.0,3.0
cell_005,213,1.9294,97.02,20.4,1.0,3.0
cell_005,214,1.923,96.69,20.4,1.0,3.0
cell_005,215,1.9344,97.27,20.4,1.0,3.0
cell_005,216,1.9246,96.78,20.4,1.0,3.0
cell_005,217,1.8801,94.54,20.4,1.0,3.0
cell_005,218,1.8716,94.11,20.4,1.0,3.0
cell_005,219,1.9136,96.23,20.4,1.0,3.0
cell_005,220,1.8915,95.11,20.4,1.0,3.0
cell_005,221,1.8834,94.71,20.4,1.0,3.0
cell_005,222,1.9364,97.37,20.4,1.0,3.0
cell_005,223,1.8952,95.3,20.4,1.0,3.0
cell_005,224,1.9402,97.56,20.4,1.0,3.0
cell_005,225,1.9234,96.72,20.4,1.0,3.0
cell_005,226,1.8857,94.82,20.4,1.0,3.0
cell_005,227,1.9291,97.0,20.4,1.0,3.0
cell_005,228,1.913,96.2,20.4,1.0,3.0
cell_005,229,1.8795,94.51,20.4,1.0,3.0
cell_005,230,1.9186,96.47,20.4,1.0,3.0
cell_005,231,1.9205,96.57,20.4,1.0,3.0
cell_005,232,1.9247,96.78,20.4,1.0,3.0
cell_005,233,1.8898,95.03,20.4,1.0,3.0
cell_005,234,1.8704,94.05,20.4,1.0,3.0
cell_005,235,1.9115,96.12,20.4,1.0,3.0
cell_005,236,1.8967,95.37,20.4,1.0,3.0
cell_005,237,1.9401,97.56,20.4,1.0,3.0
cell_005,238,1.8738,94.22,20.4,1.0,3.0
cell_005,239,1.8673,93.89,20.4,1.0,3.0
cell_005,240,1.9077,95.93,20.4,1.0,3.0
cell_005,241,1.9121,96.15,20.4,1.0,3.0
cell_005,242,1.877,94.38,20.4,1.0,3.0
cell_005,243,1.869,93.98,20.4,1.0,3.0
cell_005,244,1.8677,93.92,20.4,1.0,3.0
cell_005,245,1.8924,95.16,20.4,1.0,3.0
cell_005,246,1.9032,95.7,20.4,1.0,3.0
cell_005,247,1.875,94.28,20.4,1.0,3.0
cell_005,248,1.9265,96.87,20.4,1.0,3.0
cell_005,249,1.8797,94.52,20.4,1.0,3.0
cell_005,250,1.9293,97.01,20.4,1.0,3.0
cell_005,251,1.9,95.54,20.4,1.0,3.0
cell_005,252,1.9144,96.26,20.4,1.0,3.0
cell_005,253,1.8784,94.46,20.4,1.0,3.0
cell_005,254,1.8791,94.49,20.4,1.0,3.0
cell_005,255,1.9113,96.11,20.4,1.0,3.0
cell_005,256,1.9211,96.6,20.4,1.0,3.0
cell_005,257,1.88,94.53,20.4,1.0,3.0
cell_005,258,1.8747,94.27,20.4,1.0,3.0
cell_005,259,1.9105,96.07,20.4,1.0,3.0
cell_005,260,1.8549,93.27,20.4,1.0,3.0
cell_005,261,1.914,96.24,20.4,1.0,3.0
cell_005,262,1.8638,93.72,20.4,1.0,3.0
cell_005,263,1.9133,96.21,20.4,1.0,3.0
cell_005,264,1.9278,96.94,20.4,1.0,3.0
cell_005,265,1.9173,96.41,20.4,1.0,3.0
cell_005,266,1.8537,93.21,20.4,1.0,3.0
cell_005,267,1.9,95.54,20.4,1.0,3.0
cell_005,268,1.9192,96.5,20.4,1.0,3.0
cell_005,269,1.8613,93.6,20.4,1.0,3.0
cell_005,270,1.8619,93.62,20.4,1.0,3.0
cell_005,271,1.9091,96.0,20.4,1.0,3.0
cell_005,272,1.888,94.93,20.4,1.0,3.0
cell_005,273,1.904,95.74,20.4,1.0,3.0
cell_005,274,1.8984,95.46,20.4,1.0,3.0
cell_005,275,1.862,93.63,20.4,1.0,3.0
cell_005,276,1.8652,93.79,20.4,1.0,3.0
cell_005,277,1.8808,94.57,20.4,1.0,3.0
cell_005,278,1.9104,96.06,20.4,1.0,3.0
cell_005,279,1.8914,95.11,20.4,1.0,3.0
cell_005,280,1.8831,94.69,20.4,1.0,3.0
cell_005,281,1.8509,93.07,20.4,1.0,3.0
cell_005,282,1.8964,95.36,20.4,1.0,3.0
cell_005,283,1.9157,96.33,20.4,1.0,3.0
cell_005,284,1.8717,94.11,20.4,1.0,3.0
cell_005,285,1.9176,96.42,20.4,1.0,3.0
cell_005,286,1.8899,95.03,20.4,1.0,3.0
cell_005,287,1.8847,94.77,20.4,1.0,3.0
cell_005,288,1.8612,93.59,20.4,1.0,3.0
cell_005,289,1.9158,96.34,20.4,1.0,3.0
cell_005,290,1.857,93.38,20.4,1.0,3.0
cell_005,291,1.8521,93.13,20.4,1.0,3.0
cell_005,292,1.8494,93.0,20.4,1.0,3.0
cell_005,293,1.8564,93.35,20.4,1.0,3.0
cell_005,294,1.8937,95.22,20.4,1.0,3.0
cell_005,295,1.916,96.35,20.4,1.0,3.0
cell_005,296,1.8407,92.56,20.4,1.0,3.0
cell_005,297,1.8558,93.32,20.4,1.0,3.0
cell_005,298,1.9023,95.66,20.4,1.0,3.0
cell_005,299,1.8415,92.6,20.4,1.0,3.0
cell_005,300,1.874,94.23,20.4,1.0,3.0
cell_005,301,1.8468,92.86,20.4,1.0,3.0
cell_005,302,1.8605,93.55,20.4,1.0,3.0
cell_005,303,1.8408,92.56,20.4,1.0,3.0
cell_005,304,1.8635,93.7,20.4,1.0,3.0
cell_005,305,1.9049,95.79,20.4,1.0,3.0
cell_005,306,1.8867,94.87,20.4,1.0,3.0
cell_005,307,1.9107,96.08,20.4,1.0,3.0
cell_005,308,1.8471,92.88,20.4,1.0,3.0
cell_005,309,1.8363,92.34,20.4,1.0,3.0
cell_005,310,1.904,95.74,20.4,1.0,3.0
cell_005,311,1.8375,92.4,20.4,1.0,3.0
cell_005,312,1.8661,93.84,20.4,1.0,3.0
cell_005,313,1.8317,92.1,20.4,1.0,3.0
cell_005,314,1.8383,92.44,20.4,1.0,3.0
cell_005,315,1.8762,94.35,20.4,1.0,3.0
cell_005,316,1.8578,93.42,20.4,1.0,3.0
cell_005,317,1.8465,92.85,20.4,1.0,3.0
cell_005,318,1.8837,94.72,20.4,1.0,3.0
cell_005,319,1.8881,94.94,20.4,1.0,3.0
cell_005,320,1.8611,93.58,20.4,1.0,3.0
cell_005,321,1.8312,92.08,20.4,1.0,3.0
cell_005,322,1.8298,92.01,20.4,1.0,3.0
cell_005,323,1.8678,93.92,20.4,1.0,3.0
cell_005,324,1.8767,94.37,20.4,1.0,3.0
cell_005,325,1.8747,94.27,20.4,1.0,3.0
cell_005,326,1.8436,92.7,20.4,1.0,3.0
cell_005,327,1.9011,95.6,20.4,1.0,3.0
cell_005,328,1.9042,95.75,20.4,1.0,3.0
cell_005,329,1.8478,92.91,20.4,1.0,3.0
cell_005,330,1.8434,92.69,20.4,1.0,3.0
cell_005,331,1.8949,95.28,20.4,1.0,3.0
cell_005,332,1.8677,93.92,20.4,1.0,3.0
cell_005,333,1.8831,94.69,20.4,1.0,3.0
cell_005,334,1.843,92.67,20.4,1.0,3.0
cell_005,335,1.8875,94.91,20.4,1.0,3.0
cell_005,336,1.8416,92.6,20.4,1.0,3.0
cell_005,337,1.8523,93.14,20.4,1.0,3.0
cell_005,338,1.8808,94.58,20.4,1.0,3.0
cell_005,339,1.8723,94.15,20.4,1.0,3.0
cell_005,340,1.8828,94.68,20.4,1.0,3.0
cell_005,341,1.8975,95.42,20.4,1.0,3.0
cell_005,342,1.8646,93.76,20.4,1.0,3.0
cell_005,343,1.8492,92.98,20.4,1.0,3.0
cell_005,344,1.8621,93.63,20.4,1.0,3.0
cell_005,345,1.8629,93.68,20.4,1.0,3.0
cell_005,346,1.8653,93.8,20.4,1.0,3.0
cell_005,347,1.8526,93.16,20.4,1.0,3.0
cell_005,348,1.8198,91.51,20.4,1.0,3.0
cell_005,349,1.8482,92.94,20.4,1.0,3.0
cell_005,350,1.8653,93.79,20.4,1.0,3.0
cell_005,351,1.8203,91.53,20.4,1.0,3.0
cell_005,352,1.8549,93.27,20.4,1.0,3.0
cell_005,353,1.8582,93.44,20.4,1.0,3.0
cell_005,354,1.8717,94.12,20.4,1.0,3.0
cell_005,355,1.8844,94.75,20.4,1.0,3.0
cell_005,356,1.8726,94.16,20.4,1.0,3.0
cell_005,357,1.8622,93.64,20.4,1.0,3.0
cell_005,358,1.8862,94.84,20.4,1.0,3.0
cell_005,359,1.8767,94.37,20.4,1.0,3.0
cell_005,360,1.8626,93.66,20.4,1.0,3.0
cell_005,361,1.8864,94.85,20.4,1.0,3.0
cell_005,362,1.8796,94.51,20.4,1.0,3.0
cell_005,363,1.866,93.83,20.4,1.0,3.0
cell_005,364,1.8382,92.43,20.4,1.0,3.0
cell_005,365,1.8726,94.16,20.4,1.0,3.0
cell_005,366,1.8487,92.96,20.4,1.0,3.0
cell_005,367,1.8424,92.64,20.4,1.0,3.0
cell_005,368,1.835,92.27,20.4,1.0,3.0
cell_005,369,1.8727,94.17,20.4,1.0,3.0
cell_005,370,1.8525,93.15,20.4,1.0,3.0
cell_005,371,1.8462,92.84,20.4,1.0,3.0
cell_005,372,1.8368,92.36,20.4,1.0,3.0
cell_005,373,1.8136,91.2,20.4,1.0,3.0
cell_005,374,1.8219,91.61,20.4,1.0,3.0
cell_005,375,1.8569,93.37,20.4,1.0,3.0
cell_005,376,1.8192,91.48,20.4,1.0,3.0
cell_005,377,1.8383,92.44,20.4,1.0,3.0
cell_005,378,1.8375,92.4,20.4,1.0,3.0
cell_005,379,1.8062,90.82,20.4,1.0,3.0
cell_005,380,1.8348,92.26,20.4,1.0,3.0
cell_005,381,1.8472,92.88,20.4,1.0,3.0
cell_005,382,1.8818,94.63,20.4,1.0,3.0
cell_005,383,1.861,93.58,20.4,1.0,3.0
cell_005,384,1.847,92.87,20.4,1.0,3.0
cell_005,385,1.8167,91.35,20.4,1.0,3.0
cell_005,386,1.8702,94.04,20.4,1.0,3.0
cell_005,387,1.8196,91.5,20.4,1.0,3.0
cell_005,388,1.8471,92.88,20.4,1.0,3.0
cell_005,389,1.8495,93.0,20.4,1.0,3.0
cell_005,390,1.8109,91.06,20.4,1.0,3.0
cell_005,391,1.8664,93.85,20.4,1.0,3.0
cell_005,392,1.855,93.28,20.4,1.0,3.0
cell_005,393,1.8353,92.29,20.4,1.0,3.0
cell_005,394,1.8722,94.14,20.4,1.0,3.0
cell_005,395,1.7986,90.44,20.4,1.0,3.0
cell_005,396,1.8415,92.6,20.4,1.0,3.0
cell_005,397,1.8119,91.11,20.4,1.0,3.0
cell_005,398,1.8332,92.18,20.4,1.0,3.0
cell_005,399,1.8631,93.68,20.4,1.0,3.0
cell_005,400,1.8184,91.44,20.4,1.0,3.0
cell_005,401,1.8021,90.62,20.4,1.0,3.0
cell_005,402,1.8629,93.67,20.4,1.0,3.0
cell_005,403,1.8264,91.84,20.4,1.0,3.0
cell_005,404,1.7984,90.43,20.4,1.0,3.0
cell_005,405,1.8108,91.06,20.4,1.0,3.0
cell_005,406,1.8439,92.72,20.4,1.0,3.0
cell_005,407,1.8164,91.34,20.4,1.0,3.0
cell_005,408,1.8612,93.59,20.4,1.0,3.0
cell_005,409,1.8256,91.8,20.4,1.0,3.0
cell_005,410,1.8228,91.66,20.4,1.0,3.0
cell_005,411,1.8305,92.04,20.4,1.0,3.0
cell_005,412,1.8431,92.68,20.4,1.0,3.0
cell_005,413,1.8438,92.71,20.4,1.0,3.0
cell_005,414,1.815,91.26,20.4,1.0,3.0
cell_005,415,1.8059,90.81,20.4,1.0,3.0
cell_005,416,1.8638,93.72,20.4,1.0,3.0
cell_005,417,1.8453,92.79,20.4,1.0,3.0
cell_005,418,1.8537,93.21,20.4,1.0,3.0
cell_005,419,1.8261,91.83,20.4,1.0,3.0
cell_005,420,1.8179,91.41,20.4,1.0,3.0
cell_005,421,1.7946,90.24,20.4,1.0,3.0
cell_005,422,1.8484,92.95,20.4,1.0,3.0
cell_005,423,1.8133,91.18,20.4,1.0,3.0
cell_005,424,1.8632,93.69,20.4,1.0,3.0
cell_005,425,1.8168,91.36,20.4,1.0,3.0
cell_005,426,1.8517,93.11,20.4,1.0,3.0
cell_005,427,1.8451,92.78,20.4,1.0,3.0
cell_005,428,1.8049,90.76,20.4,1.0,3.0
cell_005,429,1.8078,90.9,20.4,1.0,3.0
cell_005,430,1.8512,93.09,20.4,1.0,3.0
cell_005,431,1.8605,93.56,20.4,1.0,3.0
cell_005,432,1.7884,89.93,20.4,1.0,3.0
cell_005,433,1.8031,90.67,20.4,1.0,3.0
cell_005,434,1.8092,90.97,20.4,1.0,3.0
cell_005,435,1.8082,90.93,20.4,1.0,3.0
cell_005,436,1.8491,92.98,20.4,1.0,3.0
cell_005,437,1.85,93.03,20.4,1.0,3.0
cell_005,438,1.8136,91.2,20.4,1.0,3.0
cell_005,439,1.8227,91.65,20.4,1.0,3.0
cell_005,440,1.7961,90.31,20.4,1.0,3.0
cell_005,441,1.8561,93.33,20.4,1.0,3.0
cell_005,442,1.8203,91.53,20.4,1.0,3.0
cell_005,443,1.8238,91.71,20.4,1.0,3.0
cell_005,444,1.7995,90.49,20.4,1.0,3.0
cell_005,445,1.8122,91.12,20.4,1.0,3.0
cell_005,446,1.8188,91.46,20.4,1.0,3.0
cell_005,447,1.8448,92.76,20.4,1.0,3.0
cell_005,448,1.7833,89.67,20.4,1.0,3.0
cell_005,449,1.807,90.86,20.4,1.0,3.0
cell_005,450,1.8003,90.52,20.4,1.0,3.0
cell_005,451,1.8306,92.05,20.4,1.0,3.0
cell_005,452,1.7745,89.23,20.4,1.0,3.0
cell_005,453,1.8489,92.97,20.4,1.0,3.0
cell_005,454,1.7997,90.5,20.4,1.0,3.0
cell_005,455,1.8365,92.34,20.4,1.0,3.0
cell_005,456,1.8023,90.62,20.4,1.0,3.0
cell_005,457,1.7741,89.21,20.4,1.0,3.0
cell_005,458,1.8183,91.43,20.4,1.0,3.0
cell_005,459,1.8281,91.92,20.4,1.0,3.0
cell_005,460,1.8261,91.83,20.4,1.0,3.0
cell_005,461,1.8399,92.52,20.4,1.0,3.0
cell_005,462,1.8208,91.56,20.4,1.0,3.0
cell_005,463,1.8463,92.84,20.4,1.0,3.0
cell_005,464,1.8332,92.18,20.4,1.0,3.0
cell_005,465,1.822,91.62,20.4,1.0,3.0
cell_005,466,1.7922,90.12,20.4,1.0,3.0
cell_005,467,1.8163,91.33,20.4,1.0,3.0
cell_005,468,1.8087,90.95,20.4,1.0,3.0
cell_005,469,1.8134,91.18,20.4,1.0,3.0
cell_005,470,1.7757,89.29,20.4,1.0,3.0
cell_005,471,1.7962,90.32,20.4,1.0,3.0
cell_005,472,1.8416,92.6,20.4,1.0,3.0
cell_005,473,1.7963,90.33,20.4,1.0,3.0
cell_005,474,1.7934,90.18,20.4,1.0,3.0
cell_005,475,1.7828,89.65,20.4,1.0,3.0
cell_005,476,1.8293,91.99,20.4,1.0,3.0
cell_005,477,1.8288,91.96,20.4,1.0,3.0
cell_005,478,1.8219,91.61,20.4,1.0,3.0
cell_005,479,1.7891,89.96,20.4,1.0,3.0
cell_005,480,1.8107,91.05,20.4,1.0,3.0
cell_005,481,1.8132,91.18,20.4,1.0,3.0
cell_005,482,1.7663,88.82,20.4,1.0,3.0
cell_005,483,1.7846,89.74,20.4,1.0,3.0
cell_005,484,1.79,90.01,20.4,1.0,3.0
cell_005,485,1.8311,92.08,20.4,1.0,3.0
cell_005,486,1.7731,89.16,20.4,1.0,3.0
cell_005,487,1.7967,90.35,20.4,1.0,3.0
cell_005,488,1.7914,90.08,20.4,1.0,3.0
cell_005,489,1.8135,91.19,20.4,1.0,3.0
cell_005,490,1.8294,91.99,20.4,1.0,3.0
cell_005,491,1.8284,91.94,20.4,1.0,3.0
cell_005,492,1.8328,92.16,20.4,1.0,3.0
cell_005,493,1.7563,88.32,20.4,1.0,3.0
cell_005,494,1.7758,89.29,20.4,1.0,3.0
cell_005,495,1.7834,89.68,20.4,1.0,3.0
cell_005,496,1.7966,90.34,20.4,1.0,3.0
cell_005,497,1.7541,88.21,20.4,1.0,3.0
cell_005,498,1.7697,88.99,20.4,1.0,3.0
cell_005,499,1.8172,91.37,20.4,1.0,3.0
cell_005,500,1.8152,91.28,20.4,1.0,3.0
cell_005,501,1.7949,90.26,20.4,1.0,3.0
cell_005,502,1.7653,88.77,20.4,1.0,3.0
cell_005,503,1.8065,90.84,20.4,1.0,3.0
cell_005,504,1.7638,88.69,20.4,1.0,3.0
cell_005,505,1.827,91.87,20.4,1.0,3.0
cell_005,506,1.7833,89.67,20.4,1.0,3.0
cell_005,507,1.8084,90.93,20.4,1.0,3.0
cell_005,508,1.7621,88.61,20.4,1.0,3.0
cell_005,509,1.793,90.16,20.4,1.0,3.0
cell_005,510,1.778,89.41,20.4,1.0,3.0
cell_005,511,1.7812,89.56,20.4,1.0,3.0
cell_005,512,1.7961,90.31,20.4,1.0,3.0
cell_005,513,1.7554,88.27,20.4,1.0,3.0
cell_005,514,1.8198,91.51,20.4,1.0,3.0
cell_005,515,1.7788,89.45,20.4,1.0,3.0
cell_005,516,1.7718,89.09,20.4,1.0,3.0
cell_005,517,1.7672,88.86,20.4,1.0,3.0
cell_005,518,1.7829,89.65,20.4,1.0,3.0
cell_005,519,1.7703,89.02,20.4,1.0,3.0
cell_005,520,1.7971,90.37,20.4,1.0,3.0
cell_005,521,1.7866,89.84,20.4,1.0,3.0
cell_005,522,1.7568,88.34,20.4,1.0,3.0
cell_005,523,1.7578,88.39,20.4,1.0,3.0
cell_005,524,1.7833,89.67,20.4,1.0,3.0
cell_005,525,1.7797,89.49,20.4,1.0,3.0
cell_005,526,1.8036,90.69,20.4,1.0,3.0
cell_005,527,1.7989,90.46,20.4,1.0,3.0
cell_005,528,1.7806,89.54,20.4,1.0,3.0
cell_005,529,1.7673,88.87,20.4,1.0,3.0
cell_005,530,1.7772,89.36,20.4,1.0,3.0
cell_005,531,1.7839,89.7,20.4,1.0,3.0
cell_005,532,1.7427,87.63,20.4,1.0,3.0
cell_005,533,1.7681,88.91,20.4,1.0,3.0
cell_005,534,1.8091,90.97,20.4,1.0,3.0
cell_005,535,1.7644,88.72,20.4,1.0,3.0
cell_005,536,1.8154,91.29,20.4,1.0,3.0
cell_005,537,1.7742,89.21,20.4,1.0,3.0
cell_005,538,1.8032,90.67,20.4,1.0,3.0
cell_005,539,1.7717,89.09,20.4,1.0,3.0
cell_005,540,1.807,90.87,20.4,1.0,3.0
cell_005,541,1.742,87.59,20.4,1.0,3.0
cell_005,542,1.8034,90.68,20.4,1.0,3.0
cell_005,543,1.8017,90.6,20.4,1.0,3.0
cell_005,544,1.7996,90.49,20.4,1.0,3.0
cell_005,545,1.8004,90.53,20.4,1.0,3.0
cell_005,546,1.7777,89.39,20.4,1.0,3.0
cell_005,547,1.7869,89.85,20.4,1.0,3.0
cell_005,548,1.7766,89.33,20.4,1.0,3.0
cell_005,549,1.7558,88.29,20.4,1.0,3.0
cell_005,550,1.7405,87.52,20.4,1.0,3.0
cell_005,551,1.8024,90.63,20.4,1.0,3.0
cell_005,552,1.732,87.09,20.4,1.0,3.0
cell_005,553,1.7827,89.64,20.4,1.0,3.0
cell_005,554,1.7561,88.31,20.4,1.0,3.0
cell_005,555,1.7444,87.71,20.4,1.0,3.0
cell_005,556,1.7427,87.63,20.4,1.0,3.0
cell_005,557,1.8016,90.59,20.4,1.0,3.0
cell_005,558,1.7778,89.4,20.4,1.0,3.0
cell_005,559,1.7987,90.45,20.4,1.0,3.0
cell_005,560,1.7866,89.84,20.4,1.0,3.0
cell_005,561,1.7466,87.83,20.4,1.0,3.0
cell_005,562,1.7687,88.94,20.4,1.0,3.0
cell_005,563,1.786,89.81,20.4,1.0,3.0
cell_005,564,1.7637,88.69,20.4,1.0,3.0
cell_005,565,1.7759,89.3,20.4,1.0,3.0
cell_005,566,1.8028,90.65,20.4,1.0,3.0
cell_005,567,1.7522,88.11,20.4,1.0,3.0
cell_005,568,1.7252,86.75,20.4,1.0,3.0
cell_005,569,1.7767,89.34,20.4,1.0,3.0
cell_005,570,1.7735,89.18,20.4,1.0,3.0
cell_005,571,1.7469,87.84,20.4,1.0,3.0
cell_005,572,1.7785,89.43,20.4,1.0,3.0
cell_005,573,1.7455,87.77,20.4,1.0,3.0
cell_005,574,1.7663,88.82,20.4,1.0,3.0
cell_005,575,1.7791,89.46,20.4,1.0,3.0
cell_005,576,1.7807,89.54,20.4,1.0,3.0
cell_005,577,1.7697,88.99,20.4,1.0,3.0
cell_005,578,1.7566,88.33,20.4,1.0,3.0
cell_005,579,1.79,90.01,20.4,1.0,3.0
cell_005,580,1.7252,86.75,20.4,1.0,3.0
cell_005,581,1.7723,89.12,20.4,1.0,3.0
cell_005,582,1.789,89.96,20.4,1.0,3.0
cell_005,583,1.7932,90.17,20.4,1.0,3.0
cell_005,584,1.7777,89.39,20.4,1.0,3.0
cell_005,585,1.7294,86.96,20.4,1.0,3.0
cell_005,586,1.7273,86.86,20.4,1.0,3.0
cell_005,587,1.7605,88.53,20.4,1.0,3.0
cell_005,588,1.7152,86.25,20.4,1.0,3.0
cell_005,589,1.7437,87.68,20.4,1.0,3.0
cell_005,590,1.785,89.76,20.4,1.0,3.0
cell_005,591,1.7834,89.68,20.4,1.0,3.0
cell_005,592,1.7193,86.45,20.4,1.0,3.0
cell_005,593,1.7573,88.36,20.4,1.0,3.0
cell_005,594,1.7353,87.26,20.4,1.0,3.0
cell_005,595,1.73,86.99,20.4,1.0,3.0
cell_005,596,1.7187,86.42,20.4,1.0,3.0
cell_005,597,1.7269,86.84,20.4,1.0,3.0
cell_005,598,1.7317,87.08,20.4,1.0,3.0
cell_005,599,1.7156,86.27,20.4,1.0,3.0
cell_005,600,1.7276,86.87,20.4,1.0,3.0
cell_005,601,1.7695,88.98,20.4,1.0,3.0
cell_005,602,1.7499,87.99,20.4,1.0,3.0
cell_005,603,1.7384,87.41,20.4,1.0,3.0
cell_005,604,1.7609,88.54,20.4,1.0,3.0
cell_005,605,1.7854,89.78,20.4,1.0,3.0
cell_005,606,1.746,87.8,20.4,1.0,3.0
cell_005,607,1.7641,88.7,20.4,1.0,3.0
cell_005,608,1.7234,86.66,20.4,1.0,3.0
cell_005,609,1.7277,86.88,20.4,1.0,3.0
cell_005,610,1.7613,88.56,20.4,1.0,3.0
cell_005,611,1.7409,87.54,20.4,1.0,3.0
cell_005,612,1.7648,88.74,20.4,1.0,3.0
cell_005,613,1.7046,85.71,20.4,1.0,3.0
cell_005,614,1.7588,88.44,20.4,1.0,3.0
cell_005,615,1.7799,89.5,20.4,1.0,3.0
cell_005,616,1.7311,87.05,20.4,1.0,3.0
cell_005,617,1.7635,88.68,20.4,1.0,3.0
cell_005,618,1.7205,86.51,20.4,1.0,3.0
cell_005,619,1.7266,86.82,20.4,1.0,3.0
cell_005,620,1.7675,88.88,20.4,1.0,3.0
cell_005,621,1.7046,85.72,20.4,1.0,3.0
cell_005,622,1.7368,87.34,20.4,1.0,3.0
cell_005,623,1.7283,86.91,20.4,1.0,3.0
cell_005,624,1.7691,88.96,20.4,1.0,3.0
cell_005,625,1.7127,86.12,20.4,1.0,3.0
cell_005,626,1.7528,88.14,20.4,1.0,3.0
cell_005,627,1.7612,88.56,20.4,1.0,3.0
cell_005,628,1.7124,86.11,20.4,1.0,3.0
cell_005,629,1.7669,88.85,20.4,1.0,3.0
cell_005,630,1.7225,86.62,20.4,1.0,3.0
cell_005,631,1.7202,86.5,20.4,1.0,3.0
cell_005,632,1.7195,86.46,20.4,1.0,3.0
cell_005,633,1.7157,86.27,20.4,1.0,3.0
cell_005,634,1.7407,87.53,20.4,1.0,3.0
cell_005,635,1.7179,86.38,20.4,1.0,3.0
cell_005,636,1.749,87.95,20.4,1.0,3.0
cell_005,637,1.7251,86.74,20.4,1.0,3.0
cell_005,638,1.7518,88.09,20.4,1.0,3.0
cell_005,639,1.7039,85.68,20.4,1.0,3.0
cell_005,640,1.7671,88.86,20.4,1.0,3.0
cell_005,641,1.6995,85.46,20.4,1.0,3.0
cell_005,642,1.76,88.5,20.4,1.0,3.0
cell_005,643,1.7299,86.99,20.4,1.0,3.0
cell_005,644,1.7395,87.47,20.4,1.0,3.0
cell_005,645,1.7208,86.53,20.4,1.0,3.0
cell_005,646,1.7165,86.31,20.4,1.0,3.0
cell_005,647,1.73,86.99,20.4,1.0,3.0
cell_005,648,1.763,88.65,20.4,1.0,3.0
cell_005,649,1.6929,85.13,20.4,1.0,3.0
cell_005,650,1.7124,86.1,20.4,1.0,3.0
cell_005,651,1.7487,87.93,20.4,1.0,3.0
cell_005,652,1.7516,88.08,20.4,1.0,3.0
cell_005,653,1.7335,87.17,20.4,1.0,3.0
cell_005,654,1.7149,86.23,20.4,1.0,3.0
cell_005,655,1.7456,87.78,20.4,1.0,3.0
cell_005,656,1.733,87.14,20.4,1.0,3.0
cell_005,657,1.7018,85.57,20.4,1.0,3.0
cell_005,658,1.7117,86.07,20.4,1.0,3.0
cell_005,659,1.7327,87.13,20.4,1.0,3.0
cell_005,660,1.7413,87.56,20.4,1.0,3.0
cell_005,661,1.6966,85.31,20.4,1.0,3.0
cell_005,662,1.7428,87.63,20.4,1.0,3.0
cell_005,663,1.6996,85.47,20.4,1.0,3.0
cell_005,664,1.6985,85.41,20.4,1.0,3.0
cell_005,665,1.7397,87.48,20.4,1.0,3.0
cell_005,666,1.717,86.34,20.4,1.0,3.0
cell_005,667,1.7166,86.32,20.4,1.0,3.0
cell_005,668,1.7271,86.84,20.4,1.0,3.0
cell_005,669,1.6885,84.91,20.4,1.0,3.0
cell_005,670,1.6879,84.87,20.4,1.0,3.0
cell_005,671,1.7057,85.77,20.4,1.0,3.0
cell_005,672,1.7085,85.91,20.4,1.0,3.0
cell_005,673,1.6912,85.04,20.4,1.0,3.0
cell_005,674,1.7273,86.85,20.4,1.0,3.0
cell_005,675,1.7433,87.66,20.4,1.0,3.0
cell_005,676,1.737,87.34,20.4,1.0,3.0
cell_005,677,1.6839,84.67,20.4,1.0,3.0
cell_005,678,1.7216,86.57,20.4,1.0,3.0
cell_005,679,1.7314,87.06,20.4,1.0,3.0
cell_005,680,1.7093,85.95,20.4,1.0,3.0
cell_005,681,1.7298,86.98,20.4,1.0,3.0
cell_005,682,1.7063,85.8,20.4,1.0,3.0
cell_005,683,1.7062,85.8,20.4,1.0,3.0
cell_005,684,1.7232,86.65,20.4,1.0,3.0
cell_005,685,1.6822,84.59,20.4,1.0,3.0
cell_005,686,1.6923,85.09,20.4,1.0,3.0
cell_005,687,1.6776,84.36,20.4,1.0,3.0
cell_005,688,1.7191,86.44,20.4,1.0,3.0
cell_005,689,1.6966,85.31,20.4,1.0,3.0
cell_005,690,1.696,85.28,20.4,1.0,3.0
cell_005,691,1.7229,86.63,20.4,1.0,3.0
cell_005,692,1.7329,87.14,20.4,1.0,3.0
cell_005,693,1.6788,84.42,20.4,1.0,3.0
cell_005,694,1.736,87.29,20.4,1.0,3.0
cell_005,695,1.7007,85.52,20.4,1.0,3.0
cell_005,696,1.736,87.29,20.4,1.0,3.0
cell_005,697,1.7112,86.05,20.4,1.0,3.0
cell_005,698,1.7145,86.21,20.4,1.0,3.0
cell_005,699,1.6749,84.22,20.4,1.0,3.0
cell_005,700,1.7418,87.59,20.4,1.0,3.0
cell_005,701,1.7023,85.6,20.4,1.0,3.0
cell_005,702,1.7189,86.43,20.4,1.0,3.0
cell_005,703,1.6646,83.7,20.4,1.0,3.0
cell_005,704,1.7052,85.74,20.4,1.0,3.0
cell_005,705,1.6975,85.36,20.4,1.0,3.0
cell_005,706,1.6659,83.77,20.4,1.0,3.0
cell_005,707,1.6669,83.82,20.4,1.0,3.0
cell_005,708,1.7279,86.88,20.4,1.0,3.0
cell_005,709,1.689,84.93,20.4,1.0,3.0
cell_005,710,1.6984,85.4,20.4,1.0,3.0
cell_005,711,1.6702,83.98,20.4,1.0,3.0
cell_005,712,1.7333,87.16,20.4,1.0,3.0
cell_005,713,1.6671,83.83,20.4,1.0,3.0
cell_005,714,1.6672,83.83,20.4,1.0,3.0
cell_005,715,1.694,85.18,20.4,1.0,3.0
cell_005,716,1.7154,86.26,20.4,1.0,3.0
cell_005,717,1.7218,86.58,20.4,1.0,3.0
cell_005,718,1.6581,83.38,20.4,1.0,3.0
cell_005,719,1.7133,86.15,20.4,1.0,3.0
cell_005,720,1.7121,86.09,20.4,1.0,3.0
cell_005,721,1.6707,84.01,20.4,1.0,3.0
cell_005,722,1.6797,84.46,20.4,1.0,3.0
cell_005,723,1.7054,85.75,20.4,1.0,3.0
cell_005,724,1.7275,86.86,20.4,1.0,3.0
cell_005,725,1.6536,83.15,20.4,1.0,3.0
cell_005,726,1.6855,84.76,20.4,1.0,3.0
cell_005,727,1.6956,85.26,20.4,1.0,3.0
cell_005,728,1.6645,83.7,20.4,1.0,3.0
cell_005,729,1.7138,86.18,20.4,1.0,3.0
cell_005,730,1.6538,83.16,20.4,1.0,3.0
cell_005,731,1.6665,83.8,20.4,1.0,3.0
cell_005,732,1.681,84.53,20.4,1.0,3.0
cell_005,733,1.6532,83.13,20.4,1.0,3.0
cell_005,734,1.6774,84.35,20.4,1.0,3.0
cell_005,735,1.7105,86.01,20.4,1.0,3.0
cell_005,736,1.6584,83.39,20.4,1.0,3.0
cell_005,737,1.7102,86.0,20.4,1.0,3.0
cell_005,738,1.6709,84.02,20.4,1.0,3.0
cell_005,739,1.6782,84.39,20.4,1.0,3.0
cell_005,740,1.6594,83.44,20.4,1.0,3.0
cell_005,741,1.6528,83.11,20.4,1.0,3.0
cell_005,742,1.6582,83.38,20.4,1.0,3.0
cell_005,743,1.6671,83.83,20.4,1.0,3.0
cell_005,744,1.6541,83.17,20.4,1.0,3.0
cell_005,745,1.713,86.14,20.4,1.0,3.0
cell_005,746,1.7105,86.01,20.4,1.0,3.0
cell_005,747,1.6708,84.01,20.4,1.0,3.0
cell_005,748,1.6769,84.32,20.4,1.0,3.0
cell_005,749,1.6807,84.51,20.4,1.0,3.0
cell_005,750,1.6483,82.88,20.4,1.0,3.0
cell_005,751,1.671,84.03,20.4,1.0,3.0
cell_005,752,1.6479,82.86,20.4,1.0,3.0
cell_005,753,1.6562,83.28,20.4,1.0,3.0
cell_005,754,1.7133,86.15,20.4,1.0,3.0
cell_005,755,1.6956,85.26,20.4,1.0,3.0
cell_005,756,1.669,83.93,20.4,1.0,3.0
cell_005,757,1.69,84.98,20.4,1.0,3.0
cell_005,758,1.6622,83.58,20.4,1.0,3.0
cell_005,759,1.6804,84.5,20.4,1.0,3.0
cell_005,760,1.6904,85.0,20.4,1.0,3.0
cell_005,761,1.6485,82.89,20.4,1.0,3.0
cell_005,762,1.6407,82.5,20.4,1.0,3.0
cell_005,763,1.6742,84.19,20.4,1.0,3.0
cell_005,764,1.6912,85.04,20.4,1.0,3.0
cell_005,765,1.6684,83.89,20.4,1.0,3.0
cell_005,766,1.67,83.97,20.4,1.0,3.0
cell_005,767,1.635,82.22,20.4,1.0,3.0
cell_005,768,1.6734,84.14,20.4,1.0,3.0
cell_005,769,1.694,85.18,20.4,1.0,3.0
cell_005,770,1.7052,85.75,20.4,1.0,3.0
cell_005,771,1.6331,82.12,20.4,1.0,3.0
cell_005,772,1.6547,83.2,20.4,1.0,3.0
cell_005,773,1.6319,82.06,20.4,1.0,3.0
cell_005,774,1.6717,84.06,20.4,1.0,3.0
cell_005,775,1.68,84.48,20.4,1.0,3.0
cell_005,776,1.651,83.02,20.4,1.0,3.0
cell_005,777,1.6672,83.83,20.4,1.0,3.0
cell_005,778,1.6523,83.08,20.4,1.0,3.0
cell_005,779,1.6706,84.01,20.4,1.0,3.0
cell_005,780,1.6926,85.11,20.4,1.0,3.0
cell_005,781,1.6931,85.14,20.4,1.0,3.0
cell_005,782,1.6797,84.46,20.4,1.0,3.0
cell_005,783,1.7002,85.49,20.4,1.0,3.0
cell_005,784,1.6522,83.08,20.4,1.0,3.0
cell_005,785,1.6986,85.41,20.4,1.0,3.0
cell_005,786,1.6657,83.76,20.4,1.0,3.0
cell_005,787,1.6985,85.41,20.4,1.0,3.0
cell_005,788,1.6255,81.74,20.4,1.0,3.0
cell_005,789,1.6375,82.34,20.4,1.0,3.0
cell_005,790,1.6729,84.12,20.4,1.0,3.0
cell_005,791,1.6812,84.54,20.4,1.0,3.0
cell_005,792,1.6801,84.48,20.4,1.0,3.0
cell_005,793,1.6291,81.92,20.4,1.0,3.0
cell_005,794,1.6588,83.41,20.4,1.0,3.0
cell_005,795,1.6476,82.85,20.4,1.0,3.0
cell_005,796,1.6504,82.99,20.4,1.0,3.0
cell_005,797,1.6426,82.6,20.4,1.0,3.0
cell_005,798,1.6373,82.33,20.4,1.0,3.0
cell_005,799,1.6202,81.47,20.4,1.0,3.0
cell_005,800,1.6854,84.75,20.4,1.0,3.0
cell_006,1,1.9455,98.2,23.3,1.0,1.0
cell_006,2,1.9864,100.27,23.3,1.0,1.0
cell_006,3,1.9793,99.91,23.3,1.0,1.0
cell_006,4,2.0133,101.63,23.3,1.0,1.0
cell_006,5,1.943,98.08,23.3,1.0,1.0
cell_006,6,2.0139,101.66,23.3,1.0,1.0
cell_006,7,2.0182,101.88,23.3,1.0,1.0
cell_006,8,2.0137,101.65,23.3,1.0,1.0
cell_006,9,1.9851,100.2,23.3,1.0,1.0
cell_006,10,2.0018,101.05,23.3,1.0,1.0
cell_006,11,1.9968,100.8,23.3,1.0,1.0
cell_006,12,2.0087,101.39,23.3,1.0,1.0
cell_006,13,1.9958,100.74,23.3,1.0,1.0
cell_006,14,1.9673,99.31,23.3,1.0,1.0
cell_006,15,1.9416,98.01,23.3,1.0,1.0
cell_006,16,1.9731,99.6,23.3,1.0,1.0
cell_006,17,1.9783,99.86,23.3,1.0,1.0
cell_006,18,1.9835,100.12,23.3,1.0,1.0
cell_006,19,1.9986,100.89,23.3,1.0,1.0
cell_006,20,1.9638,99.13,23.3,1.0,1.0
cell_006,21,1.9945,100.68,23.3,1.0,1.0
cell_006,22,1.9397,97.91,23.3,1.0,1.0
cell_006,23,2.0139,101.66,23.3,1.0,1.0
cell_006,24,1.956,98.74,23.3,1.0,1.0
cell_006,25,1.9906,100.48,23.3,1.0,1.0
cell_006,26,2.0072,101.32,23.3,1.0,1.0
cell_006,27,2.0096,101.44,23.3,1.0,1.0
cell_006,28,1.9335,97.6,23.3,1.0,1.0
cell_006,29,1.9662,99.25,23.3,1.0,1.0
cell_006,30,1.9397,97.91,23.3,1.0,1.0
cell_006,31,1.9339,97.62,23.3,1.0,1.0
cell_006,32,2.0083,101.37,23.3,1.0,1.0
cell_006,33,1.9688,99.38,23.3,1.0,1.0
cell_006,34,1.9491,98.39,23.3,1.0,1.0
cell_006,35,1.9698,99.43,23.3,1.0,1.0
cell_006,36,1.9365,97.75,23.3,1.0,1.0
cell_006,37,1.9857,100.23,23.3,1.0,1.0
cell_006,38,1.9589,98.88,23.3,1.0,1.0
cell_006,39,1.9729,99.59,23.3,1.0,1.0
cell_006,40,2.0088,101.4,23.3,1.0,1.0
cell_006,41,1.9643,99.15,23.3,1.0,1.0
cell_006,42,1.9808,99.98,23.3,1.0,1.0
cell_006,43,1.9342,97.64,23.3,1.0,1.0
cell_006,44,1.9297,97.41,23.3,1.0,1.0
cell_006,45,1.968,99.34,23.3,1.0,1.0
cell_006,46,1.934,97.62,23.3,1.0,1.0
cell_006,47,1.9457,98.21,23.3,1.0,1.0
cell_006,48,1.9331,97.58,23.3,1.0,1.0
cell_006,49,2.0049,101.2,23.3,1.0,1.0
cell_006,50,1.951,98.48,23.3,1.0,1.0
cell_006,51,1.9943,100.67,23.3,1.0,1.0
cell_006,52,1.968,99.34,23.3,1.0,1.0
cell_006,53,1.9914,100.52,23.3,1.0,1.0
cell_006,54,2.0032,101.12,23.3,1.0,1.0
cell_006,55,1.9648,99.18,23.3,1.0,1.0
cell_006,56,1.9633,99.1,23.3,1.0,1.0
cell_006,57,1.9688,99.38,23.3,1.0,1.0
cell_006,58,1.9752,99.71,23.3,1.0,1.0
cell_006,59,1.9333,97.59,23.3,1.0,1.0
cell_006,60,1.928,97.32,23.3,1.0,1.0
cell_006,61,1.97,99.44,23.3,1.0,1.0
cell_006,62,1.9663,99.26,23.3,1.0,1.0
cell_006,63,1.9255,97.19,23.3,1.0,1.0
cell_006,64,1.9325,97.55,23.3,1.0,1.0
cell_006,65,1.9842,100.16,23.3,1.0,1.0
cell_006,66,1.9965,100.78,23.3,1.0,1.0
cell_006,67,1.947,98.28,23.3,1.0,1.0
cell_006,68,1.9848,100.19,23.3,1.0,1.0
cell_006,69,1.9354,97.7,23.3,1.0,1.0
cell_006,70,1.9696,99.42,23.3,1.0,1.0
cell_006,71,1.95,98.43,23.3,1.0,1.0
cell_006,72,1.9732,99.61,23.3,1.0,1.0
cell_006,73,1.9265,97.25,23.3,1.0,1.0
cell_006,74,1.9915,100.53,23.3,1.0,1.0
cell_006,75,1.9726,99.58,23.3,1.0,1.0
cell_006,76,1.9533,98.6,23.3,1.0,1.0
cell_006,77,1.9511,98.49,23.3,1.0,1.0
cell_006,78,1.9363,97.74,23.3,1.0,1.0
cell_006,79,1.9384,97.85,23.3,1.0,1.0
cell_006,80,1.9186,96.85,23.3,1.0,1.0
cell_006,81,1.9869,100.29,23.3,1.0,1.0
cell_006,82,1.9529,98.58,23.3,1.0,1.0
cell_006,83,1.98,99.95,23.3,1.0,1.0
cell_006,84,1.9208,96.96,23.3,1.0,1.0
cell_006,85,1.9182,96.83,23.3,1.0,1.0
cell_006,86,1.9687,99.37,23.3,1.0,1.0
cell_006,87,1.9527,98.57,23.3,1.0,1.0
cell_006,88,1.9389,97.87,23.3,1.0,1.0
cell_006,89,1.9833,100.11,23.3,1.0,1.0
cell_006,90,1.9295,97.4,23.3,1.0,1.0
cell_006,91,1.927,97.27,23.3,1.0,1.0
cell_006,92,1.9362,97.74,23.3,1.0,1.0
cell_006,93,1.9904,100.47,23.3,1.0,1.0
cell_006,94,1.9431,98.09,23.3,1.0,1.0
cell_006,95,1.9188,96.86,23.3,1.0,1.0
cell_006,96,1.9746,99.67,23.3,1.0,1.0
cell_006,97,1.9516,98.51,23.3,1.0,1.0
cell_006,98,1.9432,98.09,23.3,1.0,1.0
cell_006,99,1.919,96.87,23.3,1.0,1.0
cell_006,100,1.963,99.09,23.3,1.0,1.0
cell_006,101,1.9764,99.76,23.3,1.0,1.0
cell_006,102,1.987,100.3,23.3,1.0,1.0
cell_006,103,1.9556,98.71,23.3,1.0,1.0
cell_006,104,1.9188,96.86,23.3,1.0,1.0
cell_006,105,1.9384,97.85,23.3,1.0,1.0
cell_006,106,1.9767,99.78,23.3,1.0,1.0
cell_006,107,1.9365,97.75,23.3,1.0,1.0
cell_006,108,1.9323,97.54,23.3,1.0,1.0
cell_006,109,1.9414,98.0,23.3,1.0,1.0
cell_006,110,1.936,97.73,23.3,1.0,1.0
cell_006,111,1.9795,99.92,23.3,1.0,1.0
cell_006,112,1.9089,96.36,23.3,1.0,1.0
cell_006,113,1.9278,97.31,23.3,1.0,1.0
cell_006,114,1.9459,98.23,23.3,1.0,1.0
cell_006,115,1.9542,98.64,23.3,1.0,1.0
cell_006,116,1.9525,98.56,23.3,1.0,1.0
cell_006,117,1.9119,96.51,23.3,1.0,1.0
cell_006,118,1.9258,97.21,23.3,1.0,1.0
cell_006,119,1.9515,98.51,23.3,1.0,1.0
cell_006,120,1.9123,96.53,23.3,1.0,1.0
cell_006,121,1.9172,96.78,23.3,1.0,1.0
cell_006,122,1.9032,96.07,23.3,1.0,1.0
cell_006,123,1.9303,97.44,23.3,1.0,1.0
cell_006,124,1.9551,98.69,23.3,1.0,1.0
cell_006,125,1.9654,99.21,23.3,1.0,1.0
cell_006,126,1.9603,98.95,23.3,1.0,1.0
cell_006,127,1.9161,96.72,23.3,1.0,1.0
cell_006,128,1.9215,96.99,23.3,1.0,1.0
cell_006,129,1.9459,98.23,23.3,1.0,1.0
cell_006,130,1.9347,97.66,23.3,1.0,1.0
cell_006,131,1.9179,96.81,23.3,1.0,1.0
cell_006,132,1.8995,95.88,23.3,1.0,1.0
cell_006,133,1.9041,96.11,23.3,1.0,1.0
cell_006,134,1.9365,97.75,23.3,1.0,1.0
cell_006,135,1.9577,98.82,23.3,1.0,1.0
cell_006,136,1.9583,98.85,23.3,1.0,1.0
cell_006,137,1.9511,98.49,23.3,1.0,1.0
cell_006,138,1.9389,97.87,23.3,1.0,1.0
cell_006,139,1.9607,98.97,23.3,1.0,1.0
cell_006,140,1.9374,97.79,23.3,1.0,1.0
cell_006,141,1.9398,97.92,23.3,1.0,1.0
cell_006,142,1.9421,98.03,23.3,1.0,1.0
cell_006,143,1.9285,97.35,23.3,1.0,1.0
cell_006,144,1.9145,96.64,23.3,1.0,1.0
cell_006,145,1.9621,99.04,23.3,1.0,1.0
cell_006,146,1.925,97.17,23.3,1.0,1.0
cell_006,147,1.9597,98.92,23.3,1.0,1.0
cell_006,148,1.936,97.73,23.3,1.0,1.0
cell_006,149,1.9371,97.78,23.3,1.0,1.0
cell_006,150,1.9021,96.01,23.3,1.0,1.0
cell_006,151,1.9057,96.2,23.3,1.0,1.0
cell_006,152,1.9434,98.1,23.3,1.0,1.0
cell_006,153,1.9499,98.43,23.3,1.0,1.0
cell_006,154,1.8932,95.56,23.3,1.0,1.0
cell_006,155,1.92,96.92,23.3,1.0,1.0
cell_006,156,1.9425,98.05,23.3,1.0,1.0
cell_006,157,1.9352,97.69,23.3,1.0,1.0
cell_006,158,1.8926,95.54,23.3,1.0,1.0
cell_006,159,1.8942,95.62,23.3,1.0,1.0
cell_006,160,1.8959,95.7,23.3,1.0,1.0
cell_006,161,1.9296,97.4,23.3,1.0,1.0
cell_006,162,1.9385,97.85,23.3,1.0,1.0
cell_006,163,1.8899,95.4,23.3,1.0,1.0
cell_006,164,1.9422,98.04,23.3,1.0,1.0
cell_006,165,1.9308,97.46,23.3,1.0,1.0
cell_006,166,1.95,98.43,23.3,1.0,1.0
cell_006,167,1.9464,98.25,23.3,1.0,1.0
cell_006,168,1.8972,95.77,23.3,1.0,1.0
cell_006,169,1.9585,98.86,23.3,1.0,1.0
cell_006,170,1.8844,95.12,23.3,1.0,1.0
cell_006,171,1.8894,95.37,23.3,1.0,1.0
cell_006,172,1.9031,96.06,23.3,1.0,1.0
cell_006,173,1.8932,95.57,23.3,1.0,1.0
cell_006,174,1.9018,96.0,23.3,1.0,1.0
cell_006,175,1.9282,97.33,23.3,1.0,1.0
cell_006,176,1.9505,98.46,23.3,1.0,1.0
cell_006,177,1.9565,98.76,23.3,1.0,1.0
cell_006,178,1.8865,95.23,23.3,1.0,1.0
cell_006,179,1.9301,97.43,23.3,1.0,1.0
cell_006,180,1.9444,98.15,23.3,1.0,1.0
cell_006,181,1.8895,95.38,23.3,1.0,1.0
cell_006,182,1.92,96.92,23.3,1.0,1.0
cell_006,183,1.9294,97.39,23.3,1.0,1.0
cell_006,184,1.8931,95.56,23.3,1.0,1.0
cell_006,185,1.9229,97.06,23.3,1.0,1.0
cell_006,186,1.8837,95.09,23.3,1.0,1.0
cell_006,187,1.921,96.97,23.3,1.0,1.0
cell_006,188,1.9077,96.3,23.3,1.0,1.0
cell_006,189,1.9062,96.22,23.3,1.0,1.0
cell_006,190,1.92,96.92,23.3,1.0,1.0
cell_006,191,1.9151,96.67,23.3,1.0,1.0
cell_006,192,1.9034,96.08,23.3,1.0,1.0
cell_006,193,1.9366,97.76,23.3,1.0,1.0
cell_006,194,1.9304,97.44,23.3,1.0,1.0
cell_006,195,1.9202,96.93,23.3,1.0,1.0
cell_006,196,1.9412,97.99,23.3,1.0,1.0
cell_006,197,1.9111,96.47,23.3,1.0,1.0
cell_006,198,1.9427,98.06,23.3,1.0,1.0
cell_006,199,1.8871,95.26,23.3,1.0,1.0
cell_006,200,1.9175,96.79,23.3,1.0,1.0
cell_006,201,1.9444,98.15,23.3,1.0,1.0
cell_006,202,1.8857,95.18,23.3,1.0,1.0
cell_006,203,1.9239,97.11,23.3,1.0,1.0
cell_006,204,1.9018,96.0,23.3,1.0,1.0
cell_006,205,1.9167,96.75,23.3,1.0,1.0
cell_006,206,1.888,95.3,23.3,1.0,1.0
cell_006,207,1.9431,98.08,23.3,1.0,1.0
cell_006,208,1.9152,96.68,23.3,1.0,1.0
cell_006,209,1.9457,98.22,23.3,1.0,1.0
cell_006,210,1.9188,96.86,23.3,1.0,1.0
cell_006,211,1.9444,98.15,23.3,1.0,1.0
cell_006,212,1.874,94.6,23.3,1.0,1.0
cell_006,213,1.9092,96.38,23.3,1.0,1.0
cell_006,214,1.8906,95.44,23.3,1.0,1.0
cell_006,215,1.891,95.46,23.3,1.0,1.0
cell_006,216,1.913,96.56,23.3,1.0,1.0
cell_006,217,1.9131,96.57,23.3,1.0,1.0
cell_006,218,1.9302,97.43,23.3,1.0,1.0
cell_006,219,1.8768,94.74,23.3,1.0,1.0
cell_006,220,1.8966,95.74,23.3,1.0,1.0
cell_006,221,1.8704,94.41,23.3,1.0,1.0
cell_006,222,1.9171,96.77,23.3,1.0,1.0
cell_006,223,1.8734,94.57,23.3,1.0,1.0
cell_006,224,1.8884,95.32,23.3,1.0,1.0
cell_006,225,1.8713,94.46,23.3,1.0,1.0
cell_006,226,1.9043,96.13,23.3,1.0,1.0
cell_006,227,1.8852,95.16,23.3,1.0,1.0
cell_006,228,1.8873,95.27,23.3,1.0,1.0
cell_006,229,1.9283,97.34,23.3,1.0,1.0
cell_006,230,1.9188,96.86,23.3,1.0,1.0
cell_006,231,1.9217,97.0,23.3,1.0,1.0
cell_006,232,1.9043,96.13,23.3,1.0,1.0
cell_006,233,1.9113,96.48,23.3,1.0,1.0
cell_006,234,1.9193,96.88,23.3,1.0,1.0
cell_006,235,1.92,96.92,23.3,1.0,1.0
cell_006,236,1.8622,94.0,23.3,1.0,1.0
cell_006,237,1.8656,94.17,23.3,1.0,1.0
cell_006,238,1.8718,94.48,23.3,1.0,1.0
cell_006,239,1.8802,94.91,23.3,1.0,1.0
cell_006,240,1.8609,93.93,23.3,1.0,1.0
cell_006,241,1.8993,95.87,23.3,1.0,1.0
cell_006,242,1.8571,93.74,23.3,1.0,1.0
cell_006,243,1.9243,97.14,23.3,1.0,1.0
cell_006,244,1.901,95.96,23.3,1.0,1.0
cell_006,245,1.8879,95.3,23.3,1.0,1.0
cell_006,246,1.8658,94.18,23.3,1.0,1.0
cell_006,247,1.9141,96.62,23.3,1.0,1.0
cell_006,248,1.8576,93.77,23.3,1.0,1.0
cell_006,249,1.9316,97.5,23.3,1.0,1.0
cell_006,250,1.8588,93.83,23.3,1.0,1.0
cell_006,251,1.9276,97.3,23.3,1.0,1.0
cell_006,252,1.8663,94.21,23.3,1.0,1.0
cell_006,253,1.929,97.37,23.3,1.0,1.0
cell_006,254,1.9127,96.55,23.3,1.0,1.0
cell_006,255,1.8852,95.16,23.3,1.0,1.0
cell_006,256,1.9262,97.23,23.3,1.0,1.0
cell_006,257,1.8572,93.75,23.3,1.0,1.0
cell_006,258,1.9249,97.16,23.3,1.0,1.0
cell_006,259,1.9069,96.26,23.3,1.0,1.0
cell_006,260,1.8642,94.1,23.3,1.0,1.0
cell_006,261,1.9127,96.55,23.3,1.0,1.0
cell_006,262,1.8882,95.31,23.3,1.0,1.0
cell_006,263,1.8571,93.74,23.3,1.0,1.0
cell_006,264,1.8737,94.58,23.3,1.0,1.0
cell_006,265,1.9255,97.2,23.3,1.0,1.0
cell_006,266,1.8764,94.72,23.3,1.0,1.0
cell_006,267,1.8929,95.55,23.3,1.0,1.0
cell_006,268,1.9055,96.19,23.3,1.0,1.0
cell_006,269,1.8509,93.43,23.3,1.0,1.0
cell_006,270,1.9109,96.46,23.3,1.0,1.0
cell_006,271,1.8773,94.76,23.3,1.0,1.0
cell_006,272,1.8873,95.27,23.3,1.0,1.0
cell_006,273,1.8608,93.93,23.3,1.0,1.0
cell_006,274,1.9098,96.4,23.3,1.0,1.0
cell_006,275,1.9071,96.27,23.3,1.0,1.0
cell_006,276,1.8732,94.56,23.3,1.0,1.0
cell_006,277,1.8792,94.86,23.3,1.0,1.0
cell_006,278,1.8569,93.73,23.3,1.0,1.0
cell_006,279,1.8856,95.18,23.3,1.0,1.0
cell_006,280,1.8863,95.22,23.3,1.0,1.0
cell_006,281,1.8918,95.49,23.3,1.0,1.0
cell_006,282,1.8884,95.32,23.3,1.0,1.0
cell_006,283,1.8886,95.34,23.3,1.0,1.0
cell_006,284,1.9127,96.55,23.3,1.0,1.0
cell_006,285,1.862,93.99,23.3,1.0,1.0
cell_006,286,1.8765,94.72,23.3,1.0,1.0
cell_006,287,1.8866,95.23,23.3,1.0,1.0
cell_006,288,1.8705,94.42,23.3,1.0,1.0
cell_006,289,1.895,95.66,23.3,1.0,1.0
cell_006,290,1.8647,94.13,23.3,1.0,1.0
cell_006,291,1.8437,93.07,23.3,1.0,1.0
cell_006,292,1.8385,92.8,23.3,1.0,1.0
cell_006,293,1.9111,96.47,23.3,1.0,1.0
cell_006,294,1.8543,93.6,23.3,1.0,1.0
cell_006,295,1.8689,94.34,23.3,1.0,1.0
cell_006,296,1.8368,92.72,23.3,1.0,1.0
cell_006,297,1.8613,93.96,23.3,1.0,1.0
cell_006,298,1.8506,93.41,23.3,1.0,1.0
cell_006,299,1.8826,95.03,23.3,1.0,1.0
cell_006,300,1.848,93.28,23.3,1.0,1.0
cell_006,301,1.844,93.08,23.3,1.0,1.0
cell_006,302,1.9082,96.32,23.3,1.0,1.0
cell_006,303,1.8893,95.37,23.3,1.0,1.0
cell_006,304,1.8647,94.13,23.3,1.0,1.0
cell_006,305,1.8494,93.35,23.3,1.0,1.0
cell_006,306,1.837,92.73,23.3,1.0,1.0
cell_006,307,1.8917,95.49,23.3,1.0,1.0
cell_006,308,1.844,93.08,23.3,1.0,1.0
cell_006,309,1.8935,95.58,23.3,1.0,1.0
cell_006,310,1.8854,95.17,23.3,1.0,1.0
cell_006,311,1.9027,96.04,23.3,1.0,1.0
cell_006,312,1.8749,94.64,23.3,1.0,1.0
cell_006,313,1.9003,95.92,23.3,1.0,1.0
cell_006,314,1.8284,92.3,23.3,1.0,1.0
cell_006,315,1.8535,93.56,23.3,1.0,1.0
cell_006,316,1.8335,92.55,23.3,1.0,1.0
cell_006,317,1.869,94.34,23.3,1.0,1.0
cell_006,318,1.8535,93.56,23.3,1.0,1.0
cell_006,319,1.9008,95.95,23.3,1.0,1.0
cell_006,320,1.8367,92.71,23.3,1.0,1.0
cell_006,321,1.8676,94.27,23.3,1.0,1.0
cell_006,322,1.9004,95.93,23.3,1.0,1.0
cell_006,323,1.8649,94.14,23.3,1.0,1.0
cell_006,324,1.8264,92.19,23.3,1.0,1.0
cell_006,325,1.8359,92.67,23.3,1.0,1.0
cell_006,326,1.8739,94.59,23.3,1.0,1.0
cell_006,327,1.8274,92.24,23.3,1.0,1.0
cell_006,328,1.8289,92.32,23.3,1.0,1.0
cell_006,329,1.8845,95.12,23.3,1.0,1.0
cell_006,330,1.886,95.2,23.3,1.0,1.0
cell_006,331,1.8302,92.38,23.3,1.0,1.0
cell_006,332,1.8863,95.22,23.3,1.0,1.0
cell_006,333,1.8839,95.09,23.3,1.0,1.0
cell_006,334,1.8956,95.69,23.3,1.0,1.0
cell_006,335,1.8492,93.34,23.3,1.0,1.0
cell_006,336,1.859,93.84,23.3,1.0,1.0
cell_006,337,1.8666,94.22,23.3,1.0,1.0
cell_006,338,1.8612,93.95,23.3,1.0,1.0
cell_006,339,1.8876,95.28,23.3,1.0,1.0
cell_006,340,1.856,93.69,23.3,1.0,1.0
cell_006,341,1.8955,95.68,23.3,1.0,1.0
cell_006,342,1.8214,91.94,23.3,1.0,1.0
cell_006,343,1.8469,93.23,23.3,1.0,1.0
cell_006,344,1.8729,94.54,23.3,1.0,1.0
cell_006,345,1.8241,92.08,23.3,1.0,1.0
cell_006,346,1.8767,94.73,23.3,1.0,1.0
cell_006,347,1.8347,92.61,23.3,1.0,1.0
cell_006,348,1.8219,91.97,23.3,1.0,1.0
cell_006,349,1.8456,93.16,23.3,1.0,1.0
cell_006,350,1.8473,93.25,23.3,1.0,1.0
cell_006,351,1.8592,93.85,23.3,1.0,1.0
cell_006,352,1.8618,93.98,23.3,1.0,1.0
cell_006,353,1.8255,92.15,23.3,1.0,1.0
cell_006,354,1.8315,92.45,23.3,1.0,1.0
cell_006,355,1.8334,92.55,23.3,1.0,1.0
cell_006,356,1.838,92.78,23.3,1.0,1.0
cell_006,357,1.8699,94.39,23.3,1.0,1.0
cell_006,358,1.8848,95.14,23.3,1.0,1.0
cell_006,359,1.8522,93.5,23.3,1.0,1.0
cell_006,360,1.809,91.31,23.3,1.0,1.0
cell_006,361,1.8098,91.36,23.3,1.0,1.0
cell_006,362,1.8566,93.72,23.3,1.0,1.0
cell_006,363,1.8772,94.76,23.3,1.0,1.0
cell_006,364,1.858,93.79,23.3,1.0,1.0
cell_006,365,1.8418,92.97,23.3,1.0,1.0
cell_006,366,1.8494,93.36,23.3,1.0,1.0
cell_006,367,1.8366,92.71,23.3,1.0,1.0
cell_006,368,1.8596,93.87,23.3,1.0,1.0
cell_006,369,1.8656,94.17,23.3,1.0,1.0
cell_006,370,1.8474,93.25,23.3,1.0,1.0
cell_006,371,1.8647,94.12,23.3,1.0,1.0
cell_006,372,1.8758,94.69,23.3,1.0,1.0
cell_006,373,1.8797,94.88,23.3,1.0,1.0
cell_006,374,1.8381,92.78,23.3,1.0,1.0
cell_006,375,1.8216,91.95,23.3,1.0,1.0
cell_006,376,1.8564,93.71,23.3,1.0,1.0
cell_006,377,1.8726,94.53,23.3,1.0,1.0
cell_006,378,1.8119,91.46,23.3,1.0,1.0
cell_006,379,1.8284,92.29,23.3,1.0,1.0
cell_006,380,1.8169,91.71,23.3,1.0,1.0
cell_006,381,1.8651,94.15,23.3,1.0,1.0
cell_006,382,1.8602,93.9,23.3,1.0,1.0
cell_006,383,1.8338,92.57,23.3,1.0,1.0
cell_006,384,1.8053,91.13,23.3,1.0,1.0
cell_006,385,1.8686,94.32,23.3,1.0,1.0
cell_006,386,1.8632,94.05,23.3,1.0,1.0
cell_006,387,1.8388,92.82,23.3,1.0,1.0
cell_006,388,1.8246,92.1,23.3,1.0,1.0
cell_006,389,1.8386,92.81,23.3,1.0,1.0
cell_006,390,1.8561,93.69,23.3,1.0,1.0
cell_006,391,1.8433,93.05,23.3,1.0,1.0
cell_006,392,1.7992,90.82,23.3,1.0,1.0
cell_006,393,1.8608,93.93,23.3,1.0,1.0
cell_006,394,1.8168,91.71,23.3,1.0,1.0
cell_006,395,1.8104,91.39,23.3,1.0,1.0
cell_006,396,1.8716,94.48,23.3,1.0,1.0
cell_006,397,1.8422,92.99,23.3,1.0,1.0
cell_006,398,1.8613,93.96,23.3,1.0,1.0
cell_006,399,1.8529,93.53,23.3,1.0,1.0
cell_006,400,1.8655,94.17,23.3,1.0,1.0
cell_006,401,1.8149,91.61,23.3,1.0,1.0
cell_006,402,1.8672,94.25,23.3,1.0,1.0
cell_006,403,1.7982,90.77,23.3,1.0,1.0
cell_006,404,1.837,92.73,23.3,1.0,1.0
cell_006,405,1.8521,93.49,23.3,1.0,1.0
cell_006,406,1.8376,92.76,23.3,1.0,1.0
cell_006,407,1.856,93.69,23.3,1.0,1.0
cell_006,408,1.8472,93.25,23.3,1.0,1.0
cell_006,409,1.8155,91.64,23.3,1.0,1.0
cell_006,410,1.8051,91.12,23.3,1.0,1.0
cell_006,411,1.8355,92.65,23.3,1.0,1.0
cell_006,412,1.8091,91.32,23.3,1.0,1.0
cell_006,413,1.821,91.92,23.3,1.0,1.0
cell_006,414,1.8148,91.61,23.3,1.0,1.0
cell_006,415,1.862,93.99,23.3,1.0,1.0
cell_006,416,1.7947,90.59,23.3,1.0,1.0
cell_006,417,1.814,91.57,23.3,1.0,1.0
cell_006,418,1.8624,94.01,23.3,1.0,1.0
cell_006,419,1.814,91.57,23.3,1.0,1.0
cell_006,420,1.8498,93.38,23.3,1.0,1.0
cell_006,421,1.8557,93.67,23.3,1.0,1.0
cell_006,422,1.7863,90.17,23.3,1.0,1.0
cell_006,423,1.8324,92.49,23.3,1.0,1.0
cell_006,424,1.7885,90.28,23.3,1.0,1.0
cell_006,425,1.8366,92.71,23.3,1.0,1.0
cell_006,426,1.784,90.05,23.3,1.0,1.0
cell_006,427,1.8161,91.67,23.3,1.0,1.0
cell_006,428,1.816,91.67,23.3,1.0,1.0
cell_006,429,1.8323,92.49,23.3,1.0,1.0
cell_006,430,1.8573,93.75,23.3,1.0,1.0
cell_006,431,1.7803,89.87,23.3,1.0,1.0
cell_006,432,1.8188,91.81,23.3,1.0,1.0
cell_006,433,1.7792,89.81,23.3,1.0,1.0
cell_006,434,1.7854,90.12,23.3,1.0,1.0
cell_006,435,1.8311,92.43,23.3,1.0,1.0
cell_006,436,1.7966,90.69,23.3,1.0,1.0
cell_006,437,1.8396,92.86,23.3,1.0,1.0
cell_006,438,1.8389,92.82,23.3,1.0,1.0
cell_006,439,1.7888,90.3,23.3,1.0,1.0
cell_006,440,1.8456,93.16,23.3,1.0,1.0
cell_006,441,1.8541,93.59,23.3,1.0,1.0
cell_006,442,1.7816,89.93,23.3,1.0,1.0
cell_006,443,1.8354,92.65,23.3,1.0,1.0
cell_006,444,1.8068,91.21,23.3,1.0,1.0
cell_006,445,1.8038,91.05,23.3,1.0,1.0
cell_006,446,1.8074,91.24,23.3,1.0,1.0
cell_006,447,1.8139,91.56,23.3,1.0,1.0
cell_006,448,1.8089,91.31,23.3,1.0,1.0
cell_006,449,1.8,90.86,23.3,1.0,1.0
cell_006,450,1.8361,92.68,23.3,1.0,1.0
cell_006,451,1.8439,93.08,23.3,1.0,1.0
cell_006,452,1.7938,90.55,23.3,1.0,1.0
cell_006,453,1.795,90.61,23.3,1.0,1.0
cell_006,454,1.8026,90.99,23.3,1.0,1.0
cell_006,455,1.8447,93.12,23.3,1.0,1.0
cell_006,456,1.8369,92.72,23.3,1.0,1.0
cell_006,457,1.8013,90.92,23.3,1.0,1.0
cell_006,458,1.8182,91.78,23.3,1.0,1.0
cell_006,459,1.7825,89.98,23.3,1.0,1.0
cell_006,460,1.8071,91.22,23.3,1.0,1.0
cell_006,461,1.7878,90.24,23.3,1.0,1.0
cell_006,462,1.8441,93.09,23.3,1.0,1.0
cell_006,463,1.8018,90.95,23.3,1.0,1.0
cell_006,464,1.8349,92.62,23.3,1.0,1.0
cell_006,465,1.8242,92.08,23.3,1.0,1.0
cell_006,466,1.8236,92.05,23.3,1.0,1.0
cell_006,467,1.8389,92.82,23.3,1.0,1.0
cell_006,468,1.8412,92.94,23.3,1.0,1.0
cell_006,469,1.7928,90.5,23.3,1.0,1.0
cell_006,470,1.7688,89.29,23.3,1.0,1.0
cell_006,471,1.8402,92.89,23.3,1.0,1.0
cell_006,472,1.7989,90.81,23.3,1.0,1.0
cell_006,473,1.7787,89.79,23.3,1.0,1.0
cell_006,474,1.7843,90.07,23.3,1.0,1.0
cell_006,475,1.7753,89.61,23.3,1.0,1.0
cell_006,476,1.8304,92.39,23.3,1.0,1.0
cell_006,477,1.768,89.25,23.3,1.0,1.0
cell_006,478,1.8361,92.68,23.3,1.0,1.0
cell_006,479,1.8027,91.0,23.3,1.0,1.0
cell_006,480,1.8233,92.03,23.3,1.0,1.0
cell_006,481,1.7881,90.26,23.3,1.0,1.0
cell_006,482,1.8028,91.0,23.3,1.0,1.0
cell_006,483,1.7739,89.55,23.3,1.0,1.0
cell_006,484,1.81,91.36,23.3,1.0,1.0
cell_006,485,1.7911,90.41,23.3,1.0,1.0
cell_006,486,1.811,91.41,23.3,1.0,1.0
cell_006,487,1.8108,91.41,23.3,1.0,1.0
cell_006,488,1.8078,91.25,23.3,1.0,1.0
cell_006,489,1.8164,91.69,23.3,1.0,1.0
cell_006,490,1.8239,92.07,23.3,1.0,1.0
cell_006,491,1.7729,89.49,23.3,1.0,1.0
cell_006,492,1.7858,90.14,23.3,1.0,1.0
cell_006,493,1.7957,90.64,23.3,1.0,1.0
cell_006,494,1.8321,92.48,23.3,1.0,1.0
cell_006,495,1.7534,88.51,23.3,1.0,1.0
cell_006,496,1.7634,89.01,23.3,1.0,1.0
cell_006,497,1.8031,91.02,23.3,1.0,1.0
cell_006,498,1.7791,89.81,23.3,1.0,1.0
cell_006,499,1.781,89.9,23.3,1.0,1.0
cell_006,500,1.7855,90.13,23.3,1.0,1.0
cell_006,501,1.7963,90.67,23.3,1.0,1.0
cell_006,502,1.7998,90.85,23.3,1.0,1.0
cell_006,503,1.7994,90.83,23.3,1.0,1.0
cell_006,504,1.7805,89.88,23.3,1.0,1.0
cell_006,505,1.8199,91.86,23.3,1.0,1.0
cell_006,506,1.7744,89.57,23.3,1.0,1.0
cell_006,507,1.7737,89.53,23.3,1.0,1.0
cell_006,508,1.7611,88.9,23.3,1.0,1.0
cell_006,509,1.8133,91.53,23.3,1.0,1.0
cell_006,510,1.8242,92.08,23.3,1.0,1.0
cell_006,511,1.7894,90.33,23.3,1.0,1.0
cell_006,512,1.8208,91.91,23.3,1.0,1.0
cell_006,513,1.7592,88.8,23.3,1.0,1.0
cell_006,514,1.8146,91.6,23.3,1.0,1.0
cell_006,515,1.7481,88.24,23.3,1.0,1.0
cell_006,516,1.7927,90.49,23.3,1.0,1.0
cell_006,517,1.8153,91.64,23.3,1.0,1.0
cell_006,518,1.8023,90.98,23.3,1.0,1.0
cell_006,519,1.7443,88.05,23.3,1.0,1.0
cell_006,520,1.8039,91.06,23.3,1.0,1.0
cell_006,521,1.7801,89.86,23.3,1.0,1.0
cell_006,522,1.8179,91.76,23.3,1.0,1.0
cell_006,523,1.783,90.0,23.3,1.0,1.0
cell_006,524,1.802,90.96,23.3,1.0,1.0
cell_006,525,1.7688,89.28,23.3,1.0,1.0
cell_006,526,1.8088,91.31,23.3,1.0,1.0
cell_006,527,1.7462,88.15,23.3,1.0,1.0
cell_006,528,1.7834,90.02,23.3,1.0,1.0
cell_006,529,1.8116,91.45,23.3,1.0,1.0
cell_006,530,1.77,89.34,23.3,1.0,1.0
cell_006,531,1.7805,89.88,23.3,1.0,1.0
cell_006,532,1.7574,88.71,23.3,1.0,1.0
cell_006,533,1.7666,89.18,23.3,1.0,1.0
cell_006,534,1.7369,87.68,23.3,1.0,1.0
cell_006,535,1.7563,88.66,23.3,1.0,1.0
cell_006,536,1.7654,89.11,23.3,1.0,1.0
cell_006,537,1.7764,89.67,23.3,1.0,1.0
cell_006,538,1.7581,88.74,23.3,1.0,1.0
cell_006,539,1.781,89.9,23.3,1.0,1.0
cell_006,540,1.803,91.01,23.3,1.0,1.0
cell_006,541,1.7912,90.42,23.3,1.0,1.0
cell_006,542,1.8067,91.2,23.3,1.0,1.0
cell_006,543,1.7431,87.99,23.3,1.0,1.0
cell_006,544,1.761,88.89,23.3,1.0,1.0
cell_006,545,1.7547,88.57,23.3,1.0,1.0
cell_006,546,1.7976,90.74,23.3,1.0,1.0
cell_006,547,1.7765,89.67,23.3,1.0,1.0
cell_006,548,1.809,91.32,23.3,1.0,1.0
cell_006,549,1.7649,89.09,23.3,1.0,1.0
cell_006,550,1.7857,90.14,23.3,1.0,1.0
cell_006,551,1.7374,87.7,23.3,1.0,1.0
cell_006,552,1.7431,87.99,23.3,1.0,1.0
cell_006,553,1.7637,89.03,23.3,1.0,1.0
cell_006,554,1.8073,91.23,23.3,1.0,1.0
cell_006,555,1.7993,90.82,23.3,1.0,1.0
cell_006,556,1.7969,90.7,23.3,1.0,1.0
cell_006,557,1.7298,87.32,23.3,1.0,1.0
cell_006,558,1.7345,87.55,23.3,1.0,1.0
cell_006,559,1.7358,87.62,23.3,1.0,1.0
cell_006,560,1.7893,90.32,23.3,1.0,1.0
cell_006,561,1.7705,89.37,23.3,1.0,1.0
cell_006,562,1.8033,91.03,23.3,1.0,1.0
cell_006,563,1.7483,88.25,23.3,1.0,1.0
cell_006,564,1.7832,90.01,23.3,1.0,1.0
cell_006,565,1.7462,88.15,23.3,1.0,1.0
cell_006,566,1.7966,90.69,23.3,1.0,1.0
cell_006,567,1.7526,88.47,23.3,1.0,1.0
cell_006,568,1.7591,88.8,23.3,1.0,1.0
cell_006,569,1.7771,89.71,23.3,1.0,1.0
cell_006,570,1.7413,87.9,23.3,1.0,1.0
cell_006,571,1.7443,88.05,23.3,1.0,1.0
cell_006,572,1.7651,89.1,23.3,1.0,1.0
cell_006,573,1.7751,89.6,23.3,1.0,1.0
cell_006,574,1.7712,89.41,23.3,1.0,1.0
cell_006,575,1.7773,89.71,23.3,1.0,1.0
cell_006,576,1.7328,87.47,23.3,1.0,1.0
cell_006,577,1.7893,90.32,23.3,1.0,1.0
cell_006,578,1.7836,90.03,23.3,1.0,1.0
cell_006,579,1.7602,88.85,23.3,1.0,1.0
cell_006,580,1.7414,87.9,23.3,1.0,1.0
cell_006,581,1.733,87.48,23.3,1.0,1.0
cell_006,582,1.7701,89.35,23.3,1.0,1.0
cell_006,583,1.7193,86.79,23.3,1.0,1.0
cell_006,584,1.7919,90.45,23.3,1.0,1.0
cell_006,585,1.7623,88.96,23.3,1.0,1.0
cell_006,586,1.7386,87.76,23.3,1.0,1.0
cell_006,587,1.7405,87.86,23.3,1.0,1.0
cell_006,588,1.7912,90.41,23.3,1.0,1.0
cell_006,589,1.7606,88.87,23.3,1.0,1.0
cell_006,590,1.7635,89.02,23.3,1.0,1.0
cell_006,591,1.7443,88.05,23.3,1.0,1.0
cell_006,592,1.7515,88.41,23.3,1.0,1.0
cell_006,593,1.7846,90.08,23.3,1.0,1.0
cell_006,594,1.712,86.42,23.3,1.0,1.0
cell_006,595,1.7864,90.17,23.3,1.0,1.0
cell_006,596,1.7396,87.81,23.3,1.0,1.0
cell_006,597,1.7646,89.07,23.3,1.0,1.0
cell_006,598,1.776,89.65,23.3,1.0,1.0
cell_006,599,1.7762,89.66,23.3,1.0,1.0
cell_006,600,1.7201,86.83,23.3,1.0,1.0
cell_006,601,1.7636,89.02,23.3,1.0,1.0
cell_006,602,1.7826,89.98,23.3,1.0,1.0
cell_006,603,1.7635,89.02,23.3,1.0,1.0
cell_006,604,1.7717,89.43,23.3,1.0,1.0
cell_006,605,1.7718,89.44,23.3,1.0,1.0
cell_006,606,1.7663,89.16,23.3,1.0,1.0
cell_006,607,1.7275,87.2,23.3,1.0,1.0
cell_006,608,1.7355,87.61,23.3,1.0,1.0
cell_006,609,1.7431,87.99,23.3,1.0,1.0
cell_006,610,1.7764,89.67,23.3,1.0,1.0
cell_006,611,1.7256,87.1,23.3,1.0,1.0
cell_006,612,1.7118,86.41,23.3,1.0,1.0
cell_006,613,1.7124,86.44,23.3,1.0,1.0
cell_006,614,1.7672,89.2,23.3,1.0,1.0
cell_006,615,1.7048,86.06,23.3,1.0,1.0
cell_006,616,1.7368,87.67,23.3,1.0,1.0
cell_006,617,1.7658,89.14,23.3,1.0,1.0
cell_006,618,1.7437,88.02,23.3,1.0,1.0
cell_006,619,1.7517,88.42,23.3,1.0,1.0
cell_006,620,1.7461,88.14,23.3,1.0,1.0
cell_006,621,1.7283,87.24,23.3,1.0,1.0
cell_006,622,1.7539,88.53,23.3,1.0,1.0
cell_006,623,1.7752,89.61,23.3,1.0,1.0
cell_006,624,1.7235,87.0,23.3,1.0,1.0
cell_006,625,1.7488,88.27,23.3,1.0,1.0
cell_006,626,1.7471,88.19,23.3,1.0,1.0
cell_006,627,1.7033,85.98,23.3,1.0,1.0
cell_006,628,1.7027,85.95,23.3,1.0,1.0
cell_006,629,1.6988,85.75,23.3,1.0,1.0
cell_006,630,1.7598,88.83,23.3,1.0,1.0
cell_006,631,1.743,87.98,23.3,1.0,1.0
cell_006,632,1.7457,88.12,23.3,1.0,1.0
cell_006,633,1.7606,88.87,23.3,1.0,1.0
cell_006,634,1.7701,89.35,23.3,1.0,1.0
cell_006,635,1.7014,85.88,23.3,1.0,1.0
cell_006,636,1.7541,88.54,23.3,1.0,1.0
cell_006,637,1.7579,88.74,23.3,1.0,1.0
cell_006,638,1.6986,85.74,23.3,1.0,1.0
cell_006,639,1.7267,87.16,23.3,1.0,1.0
cell_006,640,1.7262,87.13,23.3,1.0,1.0
cell_006,641,1.7127,86.46,23.3,1.0,1.0
cell_006,642,1.7534,88.51,23.3,1.0,1.0
cell_006,643,1.7274,87.2,23.3,1.0,1.0
cell_006,644,1.698,85.71,23.3,1.0,1.0
cell_006,645,1.7396,87.81,23.3,1.0,1.0
cell_006,646,1.7546,88.57,23.3,1.0,1.0
cell_006,647,1.7505,88.36,23.3,1.0,1.0
cell_006,648,1.7281,87.23,23.3,1.0,1.0
cell_006,649,1.7652,89.11,23.3,1.0,1.0
cell_006,650,1.7039,86.01,23.3,1.0,1.0
cell_006,651,1.6958,85.6,23.3,1.0,1.0
cell_006,652,1.7588,88.78,23.3,1.0,1.0
cell_006,653,1.6973,85.68,23.3,1.0,1.0
cell_006,654,1.7325,87.45,23.3,1.0,1.0
cell_006,655,1.7597,88.82,23.3,1.0,1.0
cell_006,656,1.7424,87.95,23.3,1.0,1.0
cell_006,657,1.7464,88.15,23.3,1.0,1.0
cell_006,658,1.7018,85.9,23.3,1.0,1.0
cell_006,659,1.7031,85.97,23.3,1.0,1.0
cell_006,660,1.6848,85.05,23.3,1.0,1.0
cell_006,661,1.7104,86.34,23.3,1.0,1.0
cell_006,662,1.7602,88.85,23.3,1.0,1.0
cell_006,663,1.7098,86.31,23.3,1.0,1.0
cell_006,664,1.7526,88.47,23.3,1.0,1.0
cell_006,665,1.6814,84.87,23.3,1.0,1.0
cell_006,666,1.7396,87.81,23.3,1.0,1.0
cell_006,667,1.7092,86.27,23.3,1.0,1.0
cell_006,668,1.7336,87.51,23.3,1.0,1.0
cell_006,669,1.6987,85.75,23.3,1.0,1.0
cell_006,670,1.7449,88.08,23.3,1.0,1.0
cell_006,671,1.7448,88.08,23.3,1.0,1.0
cell_006,672,1.6817,84.89,23.3,1.0,1.0
cell_006,673,1.7425,87.96,23.3,1.0,1.0
cell_006,674,1.7555,88.61,23.3,1.0,1.0
cell_006,675,1.6816,84.88,23.3,1.0,1.0
cell_006,676,1.7125,86.44,23.3,1.0,1.0
cell_006,677,1.6836,84.98,23.3,1.0,1.0
cell_006,678,1.7357,87.61,23.3,1.0,1.0
cell_006,679,1.7118,86.41,23.3,1.0,1.0
cell_006,680,1.721,86.87,23.3,1.0,1.0
cell_006,681,1.7016,85.89,23.3,1.0,1.0
cell_006,682,1.6788,84.74,23.3,1.0,1.0
cell_006,683,1.7089,86.26,23.3,1.0,1.0
cell_006,684,1.7195,86.8,23.3,1.0,1.0
cell_006,685,1.6957,85.6,23.3,1.0,1.0
cell_006,686,1.7099,86.31,23.3,1.0,1.0
cell_006,687,1.6936,85.49,23.3,1.0,1.0
cell_006,688,1.7064,86.14,23.3,1.0,1.0
cell_006,689,1.7077,86.2,23.3,1.0,1.0
cell_006,690,1.7253,87.09,23.3,1.0,1.0
cell_006,691,1.677,84.65,23.3,1.0,1.0
cell_006,692,1.7216,86.9,23.3,1.0,1.0
cell_006,693,1.7351,87.59,23.3,1.0,1.0
cell_006,694,1.6858,85.09,23.3,1.0,1.0
cell_006,695,1.7378,87.72,23.3,1.0,1.0
cell_006,696,1.7361,87.64,23.3,1.0,1.0
cell_006,697,1.741,87.88,23.3,1.0,1.0
cell_006,698,1.7094,86.29,23.3,1.0,1.0
cell_006,699,1.6932,85.47,23.3,1.0,1.0
cell_006,700,1.6989,85.76,23.3,1.0,1.0
cell_006,701,1.7206,86.86,23.3,1.0,1.0
cell_006,702,1.6696,84.28,23.3,1.0,1.0
cell_006,703,1.6897,85.29,23.3,1.0,1.0
cell_006,704,1.7386,87.76,23.3,1.0,1.0
cell_006,705,1.6666,84.13,23.3,1.0,1.0
cell_006,706,1.693,85.46,23.3,1.0,1.0
cell_006,707,1.7414,87.9,23.3,1.0,1.0
cell_006,708,1.6951,85.56,23.3,1.0,1.0
cell_006,709,1.6934,85.48,23.3,1.0,1.0
cell_006,710,1.6805,84.83,23.3,1.0,1.0
cell_006,711,1.708,86.22,23.3,1.0,1.0
cell_006,712,1.6776,84.68,23.3,1.0,1.0
cell_006,713,1.6755,84.58,23.3,1.0,1.0
cell_006,714,1.7263,87.14,23.3,1.0,1.0
cell_006,715,1.7158,86.61,23.3,1.0,1.0
cell_006,716,1.6706,84.33,23.3,1.0,1.0
cell_006,717,1.6946,85.54,23.3,1.0,1.0
cell_006,718,1.6736,84.48,23.3,1.0,1.0
cell_006,719,1.6864,85.13,23.3,1.0,1.0
cell_006,720,1.7244,87.04,23.3,1.0,1.0
cell_006,721,1.6676,84.18,23.3,1.0,1.0
cell_006,722,1.6609,83.84,23.3,1.0,1.0
cell_006,723,1.7303,87.34,23.3,1.0,1.0
cell_006,724,1.6672,84.16,23.3,1.0,1.0
cell_006,725,1.7102,86.33,23.3,1.0,1.0
cell_006,726,1.7272,87.19,23.3,1.0,1.0
cell_006,727,1.6681,84.2,23.3,1.0,1.0
cell_006,728,1.6993,85.78,23.3,1.0,1.0
cell_006,729,1.6732,84.46,23.3,1.0,1.0
cell_006,730,1.6613,83.86,23.3,1.0,1.0
cell_006,731,1.6619,83.89,23.3,1.0,1.0
cell_006,732,1.6675,84.17,23.3,1.0,1.0
cell_006,733,1.7248,87.06,23.3,1.0,1.0
cell_006,734,1.6943,85.53,23.3,1.0,1.0
cell_006,735,1.719,86.77,23.3,1.0,1.0
cell_006,736,1.6786,84.73,23.3,1.0,1.0
cell_006,737,1.6726,84.43,23.3,1.0,1.0
cell_006,738,1.6957,85.6,23.3,1.0,1.0
cell_006,739,1.6979,85.71,23.3,1.0,1.0
cell_006,740,1.7214,86.89,23.3,1.0,1.0
cell_006,741,1.6838,84.99,23.3,1.0,1.0
cell_006,742,1.6578,83.68,23.3,1.0,1.0
cell_006,743,1.6752,84.56,23.3,1.0,1.0
cell_006,744,1.7145,86.55,23.3,1.0,1.0
cell_006,745,1.6561,83.6,23.3,1.0,1.0
cell_006,746,1.6914,85.38,23.3,1.0,1.0
cell_006,747,1.6984,85.73,23.3,1.0,1.0
cell_006,748,1.6735,84.48,23.3,1.0,1.0
cell_006,749,1.6651,84.05,23.3,1.0,1.0
cell_006,750,1.6691,84.25,23.3,1.0,1.0
cell_006,751,1.6774,84.67,23.3,1.0,1.0
cell_006,752,1.6657,84.08,23.3,1.0,1.0
cell_006,753,1.6774,84.67,23.3,1.0,1.0
cell_006,754,1.6901,85.31,23.3,1.0,1.0
cell_006,755,1.7126,86.45,23.3,1.0,1.0
cell_006,756,1.6628,83.94,23.3,1.0,1.0
cell_006,757,1.6647,84.03,23.3,1.0,1.0
cell_006,758,1.6769,84.65,23.3,1.0,1.0
cell_006,759,1.6579,83.69,23.3,1.0,1.0
cell_006,760,1.6791,84.76,23.3,1.0,1.0
cell_006,761,1.649,83.24,23.3,1.0,1.0
cell_006,762,1.6515,83.36,23.3,1.0,1.0
cell_006,763,1.7107,86.35,23.3,1.0,1.0
cell_006,764,1.6957,85.6,23.3,1.0,1.0
cell_006,765,1.6841,85.01,23.3,1.0,1.0
cell_006,766,1.6431,82.94,23.3,1.0,1.0
cell_006,767,1.6508,83.33,23.3,1.0,1.0
cell_006,768,1.6827,84.94,23.3,1.0,1.0
cell_006,769,1.6793,84.77,23.3,1.0,1.0
cell_006,770,1.654,83.49,23.3,1.0,1.0
cell_006,771,1.6799,84.8,23.3,1.0,1.0
cell_006,772,1.6737,84.49,23.3,1.0,1.0
cell_006,773,1.6544,83.51,23.3,1.0,1.0
cell_006,774,1.6518,83.38,23.3,1.0,1.0
cell_006,775,1.6545,83.52,23.3,1.0,1.0
cell_006,776,1.6853,85.07,23.3,1.0,1.0
cell_006,777,1.6971,85.66,23.3,1.0,1.0
cell_006,778,1.6318,82.37,23.3,1.0,1.0
cell_006,779,1.6933,85.47,23.3,1.0,1.0
cell_006,780,1.6686,84.23,23.3,1.0,1.0
cell_006,781,1.6653,84.06,23.3,1.0,1.0
cell_006,782,1.6489,83.23,23.3,1.0,1.0
cell_006,783,1.6525,83.42,23.3,1.0,1.0
cell_006,784,1.6505,83.32,23.3,1.0,1.0
cell_006,785,1.6454,83.05,23.3,1.0,1.0
cell_006,786,1.668,84.2,23.3,1.0,1.0
cell_006,787,1.6537,83.47,23.3,1.0,1.0
cell_006,788,1.6526,83.42,23.3,1.0,1.0
cell_006,789,1.6959,85.6,23.3,1.0,1.0
cell_006,790,1.6317,82.36,23.3,1.0,1.0
cell_006,791,1.6506,83.32,23.3,1.0,1.0
cell_006,792,1.7002,85.82,23.3,1.0,1.0
cell_006,793,1.6637,83.98,23.3,1.0,1.0
cell_006,794,1.6635,83.97,23.3,1.0,1.0
cell_006,795,1.6947,85.54,23.3,1.0,1.0
cell_006,796,1.6544,83.51,23.3,1.0,1.0
cell_006,797,1.6512,83.35,23.3,1.0,1.0
cell_006,798,1.6707,84.33,23.3,1.0,1.0
cell_006,799,1.6454,83.06,23.3,1.0,1.0
cell_006,800,1.6735,84.47,23.3,1.0,1.0
cell_007,1,2.045,100.57,21.5,1.5,3.0
cell_007,2,2.0011,98.41,21.5,1.5,3.0
cell_007,3,2.0276,99.71,21.5,1.5,3.0
cell_007,4,2.0065,98.67,21.5,1.5,3.0
cell_007,5,2.0142,99.05,21.5,1.5,3.0
cell_007,6,2.009,98.8,21.5,1.5,3.0
cell_007,7,2.0602,101.32,21.5,1.5,3.0
cell_007,8,2.0002,98.37,21.5,1.5,3.0
cell_007,9,2.0413,100.39,21.5,1.5,3.0
cell_007,10,2.0038,98.54,21.5,1.5,3.0
cell_007,11,2.0637,101.49,21.5,1.5,3.0
cell_007,12,2.0489,100.76,21.5,1.5,3.0
cell_007,13,2.0476,100.7,21.5,1.5,3.0
cell_007,14,2.039,100.27,21.5,1.5,3.0
cell_007,15,1.9977,98.24,21.5,1.5,3.0
cell_007,16,2.0468,100.66,21.5,1.5,3.0
cell_007,17,2.0443,100.54,21.5,1.5,3.0
cell_007,18,2.0576,101.19,21.5,1.5,3.0
cell_007,19,2.0108,98.89,21.5,1.5,3.0
cell_007,20,2.0359,100.12,21.5,1.5,3.0
cell_007,21,1.9921,97.97,21.5,1.5,3.0
cell_007,22,2.0167,99.18,21.5,1.5,3.0
cell_007,23,2.0572,101.17,21.5,1.5,3.0
cell_007,24,1.9954,98.13,21.5,1.5,3.0
cell_007,25,2.0509,100.86,21.5,1.5,3.0
cell_007,26,2.0304,99.85,21.5,1.5,3.0
cell_007,27,2.0202,99.35,21.5,1.5,3.0
cell_007,28,2.0443,100.53,21.5,1.5,3.0
cell_007,29,1.9975,98.24,21.5,1.5,3.0
cell_007,30,1.9856,97.65,21.5,1.5,3.0
cell_007,31,2.0519,100.91,21.5,1.5,3.0
cell_007,32,1.9927,98.0,21.5,1.5,3.0
cell_007,33,1.997,98.21,21.5,1.5,3.0
cell_007,34,1.9882,97.77,21.5,1.5,3.0
cell_007,35,2.0039,98.55,21.5,1.5,3.0
cell_007,36,2.0049,98.6,21.5,1.5,3.0
cell_007,37,2.004,98.55,21.5,1.5,3.0
cell_007,38,2.0189,99.29,21.5,1.5,3.0
cell_007,39,2.0392,100.28,21.5,1.5,3.0
cell_007,40,2.0391,100.28,21.5,1.5,3.0
cell_007,41,1.9908,97.91,21.5,1.5,3.0
cell_007,42,2.0176,99.22,21.5,1.5,3.0
cell_007,43,1.9847,97.61,21.5,1.5,3.0
cell_007,44,2.0535,100.99,21.5,1.5,3.0
cell_007,45,1.9983,98.27,21.5,1.5,3.0
cell_007,46,2.0568,101.15,21.5,1.5,3.0
cell_007,47,2.0329,99.97,21.5,1.5,3.0
cell_007,48,2.0496,100.79,21.5,1.5,3.0
cell_007,49,2.051,100.86,21.5,1.5,3.0
cell_007,50,1.9766,97.21,21.5,1.5,3.0
cell_007,51,2.0212,99.4,21.5,1.5,3.0
cell_007,52,2.0361,100.13,21.5,1.5,3.0
cell_007,53,1.9921,97.97,21.5,1.5,3.0
cell_007,54,2.0219,99.43,21.5,1.5,3.0
cell_007,55,2.0049,98.6,21.5,1.5,3.0
cell_007,56,1.9793,97.34,21.5,1.5,3.0
cell_007,57,1.9851,97.63,21.5,1.5,3.0
cell_007,58,1.9757,97.16,21.5,1.5,3.0
cell_007,59,2.0204,99.36,21.5,1.5,3.0
cell_007,60,2.0048,98.59,21.5,1.5,3.0
cell_007,61,2.031,99.88,21.5,1.5,3.0
cell_007,62,2.0402,100.33,21.5,1.5,3.0
cell_007,63,1.9775,97.25,21.5,1.5,3.0
cell_007,64,2.0115,98.92,21.5,1.5,3.0
cell_007,65,2.005,98.6,21.5,1.5,3.0
cell_007,66,1.9763,97.19,21.5,1.5,3.0
cell_007,67,2.0422,100.43,21.5,1.5,3.0
cell_007,68,2.0466,100.65,21.5,1.5,3.0
cell_007,69,2.0246,99.57,21.5,1.5,3.0
cell_007,70,2.01,98.85,21.5,1.5,3.0
cell_007,71,2.0467,100.65,21.5,1.5,3.0
cell_007,72,1.9704,96.9,21.5,1.5,3.0
cell_007,73,2.0006,98.39,21.5,1.5,3.0
cell_007,74,2.026,99.64,21.5,1.5,3.0
cell_007,75,2.0411,100.38,21.5,1.5,3.0
cell_007,76,2.0435,100.5,21.5,1.5,3.0
cell_007,77,1.9945,98.09,21.5,1.5,3.0
cell_007,78,2.0446,100.55,21.5,1.5,3.0
cell_007,79,1.9958,98.15,21.5,1.5,3.0
cell_007,80,1.9966,98.19,21.5,1.5,3.0
cell_007,81,1.9769,97.22,21.5,1.5,3.0
cell_007,82,2.0294,99.8,21.5,1.5,3.0
cell_007,83,1.9833,97.53,21.5,1.5,3.0
cell_007,84,2.0098,98.84,21.5,1.5,3.0
cell_007,85,2.039,100.28,21.5,1.5,3.0
cell_007,86,2.0139,99.04,21.5,1.5,3.0
cell_007,87,1.9633,96.55,21.5,1.5,3.0
cell_007,88,1.999,98.31,21.5,1.5,3.0
cell_007,89,1.9903,97.88,21.5,1.5,3.0
cell_007,90,2.0288,99.77,21.5,1.5,3.0
cell_007,91,2.0152,99.1,21.5,1.5,3.0
cell_007,92,1.9873,97.73,21.5,1.5,3.0
cell_007,93,1.9745,97.1,21.5,1.5,3.0
cell_007,94,2.0097,98.83,21.5,1.5,3.0
cell_007,95,2.0382,100.23,21.5,1.5,3.0
cell_007,96,1.9696,96.86,21.5,1.5,3.0
cell_007,97,1.9602,96.4,21.5,1.5,3.0
cell_007,98,2.0202,99.35,21.5,1.5,3.0
cell_007,99,1.9654,96.66,21.5,1.5,3.0
cell_007,100,1.9676,96.76,21.5,1.5,3.0
cell_007,101,2.0174,99.21,21.5,1.5,3.0
cell_007,102,2.003,98.5,21.5,1.5,3.0
cell_007,103,1.9821,97.48,21.5,1.5,3.0
cell_007,104,2.0197,99.33,21.5,1.5,3.0
cell_007,105,1.9906,97.9,21.5,1.5,3.0
cell_007,106,1.9641,96.59,21.5,1.5,3.0
cell_007,107,2.0067,98.69,21.5,1.5,3.0
cell_007,108,1.9803,97.39,21.5,1.5,3.0
cell_007,109,1.9841,97.57,21.5,1.5,3.0
cell_007,110,2.0188,99.28,21.5,1.5,3.0
cell_007,111,2.0305,99.86,21.5,1.5,3.0
cell_007,112,1.9813,97.44,21.5,1.5,3.0
cell_007,113,2.0342,100.04,21.5,1.5,3.0
cell_007,114,1.9588,96.33,21.5,1.5,3.0
cell_007,115,2.0185,99.27,21.5,1.5,3.0
cell_007,116,1.985,97.62,21.5,1.5,3.0
cell_007,117,1.9753,97.14,21.5,1.5,3.0
cell_007,118,2.0323,99.95,21.5,1.5,3.0
cell_007,119,1.9578,96.28,21.5,1.5,3.0
cell_007,120,1.9932,98.02,21.5,1.5,3.0
cell_007,121,1.976,97.18,21.5,1.5,3.0
cell_007,122,2.0093,98.82,21.5,1.5,3.0
cell_007,123,1.9727,97.01,21.5,1.5,3.0
cell_007,124,1.9817,97.45,21.5,1.5,3.0
cell_007,125,1.9679,96.78,21.5,1.5,3.0
cell_007,126,1.9972,98.22,21.5,1.5,3.0
cell_007,127,1.9544,96.11,21.5,1.5,3.0
cell_007,128,1.9688,96.82,21.5,1.5,3.0
cell_007,129,1.957,96.24,21.5,1.5,3.0
cell_007,130,2.0103,98.86,21.5,1.5,3.0
cell_007,131,1.9701,96.89,21.5,1.5,3.0
cell_007,132,1.9981,98.26,21.5,1.5,3.0
cell_007,133,1.9535,96.07,21.5,1.5,3.0
cell_007,134,1.9637,96.57,21.5,1.5,3.0
cell_007,135,1.9568,96.23,21.5,1.5,3.0
cell_007,136,1.961,96.44,21.5,1.5,3.0
cell_007,137,1.9856,97.65,21.5,1.5,3.0
cell_007,138,2.0162,99.16,21.5,1.5,3.0
cell_007,139,1.9722,96.99,21.5,1.5,3.0
cell_007,140,2.0065,98.68,21.5,1.5,3.0
cell_007,141,1.9738,97.07,21.5,1.5,3.0
cell_007,142,1.9935,98.03,21.5,1.5,3.0
cell_007,143,1.9772,97.24,21.5,1.5,3.0
cell_007,144,1.9577,96.28,21.5,1.5,3.0
cell_007,145,1.9508,95.94,21.5,1.5,3.0
cell_007,146,2.0079,98.75,21.5,1.5,3.0
cell_007,147,2.001,98.41,21.5,1.5,3.0
cell_007,148,1.9972,98.22,21.5,1.5,3.0
cell_007,149,1.9645,96.61,21.5,1.5,3.0
cell_007,150,2.0073,98.72,21.5,1.5,3.0
cell_007,151,1.9619,96.48,21.5,1.5,3.0
cell_007,152,2.0163,99.16,21.5,1.5,3.0
cell_007,153,1.9666,96.72,21.5,1.5,3.0
cell_007,154,2.0108,98.89,21.5,1.5,3.0
cell_007,155,1.9744,97.1,21.5,1.5,3.0
cell_007,156,1.9496,95.88,21.5,1.5,3.0
cell_007,157,1.9997,98.34,21.5,1.5,3.0
cell_007,158,1.9422,95.51,21.5,1.5,3.0
cell_007,159,2.0081,98.75,21.5,1.5,3.0
cell_007,160,2.0105,98.87,21.5,1.5,3.0
cell_007,161,1.9589,96.33,21.5,1.5,3.0
cell_007,162,1.9373,95.27,21.5,1.5,3.0
cell_007,163,1.9435,95.58,21.5,1.5,3.0
cell_007,164,2.0042,98.56,21.5,1.5,3.0
cell_007,165,1.9808,97.41,21.5,1.5,3.0
cell_007,166,2.0027,98.49,21.5,1.5,3.0
cell_007,167,1.9524,96.02,21.5,1.5,3.0
cell_007,168,1.9391,95.36,21.5,1.5,3.0
cell_007,169,1.9438,95.59,21.5,1.5,3.0
cell_007,170,1.989,97.82,21.5,1.5,3.0
cell_007,171,1.955,96.14,21.5,1.5,3.0
cell_007,172,2.0063,98.67,21.5,1.5,3.0
cell_007,173,1.9849,97.61,21.5,1.5,3.0
cell_007,174,1.964,96.59,21.5,1.5,3.0
cell_007,175,1.9444,95.62,21.5,1.5,3.0
cell_007,176,2.0043,98.57,21.5,1.5,3.0
cell_007,177,1.9404,95.43,21.5,1.5,3.0
cell_007,178,1.9624,96.51,21.5,1.5,3.0
cell_007,179,1.9913,97.93,21.5,1.5,3.0
cell_007,180,1.956,96.19,21.5,1.5,3.0
cell_007,181,1.9721,96.99,21.5,1.5,3.0
cell_007,182,2.0027,98.49,21.5,1.5,3.0
cell_007,183,1.9408,95.45,21.5,1.5,3.0
cell_007,184,1.9256,94.7,21.5,1.5,3.0
cell_007,185,2.001,98.4,21.5,1.5,3.0
cell_007,186,1.9885,97.79,21.5,1.5,3.0
cell_007,187,1.9621,96.49,21.5,1.5,3.0
cell_007,188,1.9786,97.3,21.5,1.5,3.0
cell_007,189,1.9353,95.18,21.5,1.5,3.0
cell_007,190,1.9817,97.46,21.5,1.5,3.0
cell_007,191,1.9716,96.96,21.5,1.5,3.0
cell_007,192,1.9381,95.31,21.5,1.5,3.0
cell_007,193,1.9983,98.27,21.5,1.5,3.0
cell_007,194,1.9511,95.95,21.5,1.5,3.0
cell_007,195,1.9429,95.55,21.5,1.5,3.0
cell_007,196,1.979,97.32,21.5,1.5,3.0
cell_007,197,1.9779,97.27,21.5,1.5,3.0
cell_007,198,1.9735,97.05,21.5,1.5,3.0
cell_007,199,1.9817,97.46,21.5,1.5,3.0
cell_007,200,1.9187,94.36,21.5,1.5,3.0
cell_007,201,1.9791,97.33,21.5,1.5,3.0
cell_007,202,1.9648,96.63,21.5,1.5,3.0
cell_007,203,1.9536,96.07,21.5,1.5,3.0
cell_007,204,1.9951,98.11,21.5,1.5,3.0
cell_007,205,1.9629,96.53,21.5,1.5,3.0
cell_007,206,1.9311,94.97,21.5,1.5,3.0
cell_007,207,1.9239,94.62,21.5,1.5,3.0
cell_007,208,1.975,97.13,21.5,1.5,3.0
cell_007,209,1.9423,95.52,21.5,1.5,3.0
cell_007,210,1.9581,96.3,21.5,1.5,3.0
cell_007,211,1.954,96.1,21.5,1.5,3.0
cell_007,212,1.9805,97.4,21.5,1.5,3.0
cell_007,213,1.9431,95.56,21.5,1.5,3.0
cell_007,214,1.9244,94.64,21.5,1.5,3.0
cell_007,215,1.9499,95.89,21.5,1.5,3.0
cell_007,216,1.9453,95.66,21.5,1.5,3.0
cell_007,217,1.9153,94.19,21.5,1.5,3.0
cell_007,218,1.9769,97.22,21.5,1.5,3.0
cell_007,219,1.9582,96.3,21.5,1.5,3.0
cell_007,220,1.9772,97.23,21.5,1.5,3.0
cell_007,221,1.9585,96.31,21.5,1.5,3.0
cell_007,222,1.9587,96.33,21.5,1.5,3.0
cell_007,223,1.9534,96.07,21.5,1.5,3.0
cell_007,224,1.9412,95.46,21.5,1.5,3.0
cell_007,225,1.9263,94.73,21.5,1.5,3.0
cell_007,226,1.9257,94.7,21.5,1.5,3.0
cell_007,227,1.9264,94.74,21.5,1.5,3.0
cell_007,228,1.9256,94.7,21.5,1.5,3.0
cell_007,229,1.9618,96.48,21.5,1.5,3.0
cell_007,230,1.9747,97.11,21.5,1.5,3.0
cell_007,231,1.9148,94.16,21.5,1.5,3.0
cell_007,232,1.9611,96.44,21.5,1.5,3.0
cell_007,233,1.9566,96.22,21.5,1.5,3.0
cell_007,234,1.9343,95.13,21.5,1.5,3.0
cell_007,235,1.9488,95.84,21.5,1.5,3.0
cell_007,236,1.9305,94.94,21.5,1.5,3.0
cell_007,237,1.9679,96.78,21.5,1.5,3.0
cell_007,238,1.9691,96.84,21.5,1.5,3.0
cell_007,239,1.9745,97.1,21.5,1.5,3.0
cell_007,240,1.9312,94.97,21.5,1.5,3.0
cell_007,241,1.9224,94.54,21.5,1.5,3.0
cell_007,242,1.9404,95.42,21.5,1.5,3.0
cell_007,243,1.9579,96.29,21.5,1.5,3.0
cell_007,244,1.9777,97.26,21.5,1.5,3.0
cell_007,245,1.9342,95.12,21.5,1.5,3.0
cell_007,246,1.9161,94.23,21.5,1.5,3.0
cell_007,247,1.9443,95.62,21.5,1.5,3.0
cell_007,248,1.9415,95.48,21.5,1.5,3.0
cell_007,249,1.9562,96.2,21.5,1.5,3.0
cell_007,250,1.9495,95.87,21.5,1.5,3.0
cell_007,251,1.9067,93.77,21.5,1.5,3.0
cell_007,252,1.9174,94.3,21.5,1.5,3.0
cell_007,253,1.9422,95.52,21.5,1.5,3.0
cell_007,254,1.9146,94.16,21.5,1.5,3.0
cell_007,255,1.9488,95.84,21.5,1.5,3.0
cell_007,256,1.966,96.68,21.5,1.5,3.0
cell_007,257,1.9065,93.76,21.5,1.5,3.0
cell_007,258,1.9342,95.12,21.5,1.5,3.0
cell_007,259,1.9383,95.32,21.5,1.5,3.0
cell_007,260,1.9662,96.7,21.5,1.5,3.0
cell_007,261,1.9213,94.48,21.5,1.5,3.0
cell_007,262,1.9214,94.49,21.5,1.5,3.0
cell_007,263,1.9025,93.56,21.5,1.5,3.0
cell_007,264,1.899,93.39,21.5,1.5,3.0
cell_007,265,1.9132,94.09,21.5,1.5,3.0
cell_007,266,1.9194,94.39,21.5,1.5,3.0
cell_007,267,1.8923,93.06,21.5,1.5,3.0
cell_007,268,1.9338,95.1,21.5,1.5,3.0
cell_007,269,1.9317,95.0,21.5,1.5,3.0
cell_007,270,1.9488,95.84,21.5,1.5,3.0
cell_007,271,1.9627,96.52,21.5,1.5,3.0
cell_007,272,1.9265,94.74,21.5,1.5,3.0
cell_007,273,1.9307,94.95,21.5,1.5,3.0
cell_007,274,1.9205,94.45,21.5,1.5,3.0
cell_007,275,1.9627,96.52,21.5,1.5,3.0
cell_007,276,1.9187,94.36,21.5,1.5,3.0
cell_007,277,1.9222,94.53,21.5,1.5,3.0
cell_007,278,1.9238,94.61,21.5,1.5,3.0
cell_007,279,1.8886,92.88,21.5,1.5,3.0
cell_007,280,1.953,96.05,21.5,1.5,3.0
cell_007,281,1.9093,93.9,21.5,1.5,3.0
cell_007,282,1.9486,95.83,21.5,1.5,3.0
cell_007,283,1.9293,94.88,21.5,1.5,3.0
cell_007,284,1.9339,95.11,21.5,1.5,3.0
cell_007,285,1.9591,96.34,21.5,1.5,3.0
cell_007,286,1.9341,95.12,21.5,1.5,3.0
cell_007,287,1.8836,92.63,21.5,1.5,3.0
cell_007,288,1.9271,94.77,21.5,1.5,3.0
cell_007,289,1.8827,92.59,21.5,1.5,3.0
cell_007,290,1.8864,92.77,21.5,1.5,3.0
cell_007,291,1.9171,94.28,21.5,1.5,3.0
cell_007,292,1.9482,95.81,21.5,1.5,3.0
cell_007,293,1.8916,93.02,21.5,1.5,3.0
cell_007,294,1.8917,93.03,21.5,1.5,3.0
cell_007,295,1.8918,93.04,21.5,1.5,3.0
cell_007,296,1.9169,94.27,21.5,1.5,3.0
cell_007,297,1.9126,94.06,21.5,1.5,3.0
cell_007,298,1.9466,95.73,21.5,1.5,3.0
cell_007,299,1.9502,95.91,21.5,1.5,3.0
cell_007,300,1.88,92.45,21.5,1.5,3.0
cell_007,301,1.9002,93.45,21.5,1.5,3.0
cell_007,302,1.947,95.75,21.5,1.5,3.0
cell_007,303,1.93,94.91,21.5,1.5,3.0
cell_007,304,1.9532,96.05,21.5,1.5,3.0
cell_007,305,1.9325,95.04,21.5,1.5,3.0
cell_007,306,1.9215,94.5,21.5,1.5,3.0
cell_007,307,1.9533,96.06,21.5,1.5,3.0
cell_007,308,1.8926,93.07,21.5,1.5,3.0
cell_007,309,1.9178,94.31,21.5,1.5,3.0
cell_007,310,1.9285,94.84,21.5,1.5,3.0
cell_007,311,1.8843,92.67,21.5,1.5,3.0
cell_007,312,1.8829,92.6,21.5,1.5,3.0
cell_007,313,1.9334,95.08,21.5,1.5,3.0
cell_007,314,1.9098,93.92,21.5,1.5,3.0
cell_007,315,1.9008,93.48,21.5,1.5,3.0
cell_007,316,1.9366,95.24,21.5,1.5,3.0
cell_007,317,1.8979,93.34,21.5,1.5,3.0
cell_007,318,1.9405,95.43,21.5,1.5,3.0
cell_007,319,1.9027,93.57,21.5,1.5,3.0
cell_007,320,1.8867,92.78,21.5,1.5,3.0
cell_007,321,1.9234,94.59,21.5,1.5,3.0
cell_007,322,1.87,91.96,21.5,1.5,3.0
cell_007,323,1.8946,93.17,21.5,1.5,3.0
cell_007,324,1.918,94.32,21.5,1.5,3.0
cell_007,325,1.89,92.95,21.5,1.5,3.0
cell_007,326,1.8845,92.67,21.5,1.5,3.0
cell_007,327,1.8853,92.72,21.5,1.5,3.0
cell_007,328,1.9209,94.47,21.5,1.5,3.0
cell_007,329,1.9009,93.48,21.5,1.5,3.0
cell_007,330,1.8673,91.83,21.5,1.5,3.0
cell_007,331,1.8675,91.84,21.5,1.5,3.0
cell_007,332,1.8696,91.94,21.5,1.5,3.0
cell_007,333,1.8671,91.82,21.5,1.5,3.0
cell_007,334,1.9119,94.03,21.5,1.5,3.0
cell_007,335,1.8801,92.46,21.5,1.5,3.0
cell_007,336,1.8672,91.83,21.5,1.5,3.0
cell_007,337,1.9225,94.54,21.5,1.5,3.0
cell_007,338,1.8635,91.64,21.5,1.5,3.0
cell_007,339,1.9345,95.14,21.5,1.5,3.0
cell_007,340,1.9308,94.96,21.5,1.5,3.0
cell_007,341,1.8736,92.14,21.5,1.5,3.0
cell_007,342,1.8701,91.97,21.5,1.5,3.0
cell_007,343,1.9062,93.74,21.5,1.5,3.0
cell_007,344,1.9209,94.46,21.5,1.5,3.0
cell_007,345,1.8996,93.42,21.5,1.5,3.0
cell_007,346,1.8685,91.89,21.5,1.5,3.0
cell_007,347,1.9264,94.74,21.5,1.5,3.0
cell_007,348,1.8792,92.41,21.5,1.5,3.0
cell_007,349,1.88,92.46,21.5,1.5,3.0
cell_007,350,1.9172,94.29,21.5,1.5,3.0
cell_007,351,1.9007,93.47,21.5,1.5,3.0
cell_007,352,1.8696,91.94,21.5,1.5,3.0
cell_007,353,1.8541,91.18,21.5,1.5,3.0
cell_007,354,1.8836,92.63,21.5,1.5,3.0
cell_007,355,1.8824,92.57,21.5,1.5,3.0
cell_007,356,1.8748,92.2,21.5,1.5,3.0
cell_007,357,1.9201,94.43,21.5,1.5,3.0
cell_007,358,1.8539,91.17,21.5,1.5,3.0
cell_007,359,1.9302,94.92,21.5,1.5,3.0
cell_007,360,1.8568,91.32,21.5,1.5,3.0
cell_007,361,1.9202,94.43,21.5,1.5,3.0
cell_007,362,1.888,92.85,21.5,1.5,3.0
cell_007,363,1.8757,92.24,21.5,1.5,3.0
cell_007,364,1.9276,94.8,21.5,1.5,3.0
cell_007,365,1.9252,94.68,21.5,1.5,3.0
cell_007,366,1.8861,92.76,21.5,1.5,3.0
cell_007,367,1.8903,92.96,21.5,1.5,3.0
cell_007,368,1.8512,91.04,21.5,1.5,3.0
cell_007,369,1.9062,93.74,21.5,1.5,3.0
cell_007,370,1.9015,93.51,21.5,1.5,3.0
cell_007,371,1.9194,94.39,21.5,1.5,3.0
cell_007,372,1.889,92.9,21.5,1.5,3.0
cell_007,373,1.8773,92.32,21.5,1.5,3.0
cell_007,374,1.8613,91.54,21.5,1.5,3.0
cell_007,375,1.9082,93.84,21.5,1.5,3.0
cell_007,376,1.8448,90.72,21.5,1.5,3.0
cell_007,377,1.9235,94.59,21.5,1.5,3.0
cell_007,378,1.9119,94.02,21.5,1.5,3.0
cell_007,379,1.8808,92.49,21.5,1.5,3.0
cell_007,380,1.9086,93.86,21.5,1.5,3.0
cell_007,381,1.9147,94.16,21.5,1.5,3.0
cell_007,382,1.884,92.65,21.5,1.5,3.0
cell_007,383,1.8697,91.95,21.5,1.5,3.0
cell_007,384,1.9019,93.53,21.5,1.5,3.0
cell_007,385,1.8801,92.46,21.5,1.5,3.0
cell_007,386,1.899,93.39,21.5,1.5,3.0
cell_007,387,1.8968,93.28,21.5,1.5,3.0
cell_007,388,1.9025,93.56,21.5,1.5,3.0
cell_007,389,1.8391,90.44,21.5,1.5,3.0
cell_007,390,1.9061,93.74,21.5,1.5,3.0
cell_007,391,1.9099,93.93,21.5,1.5,3.0
cell_007,392,1.8892,92.91,21.5,1.5,3.0
cell_007,393,1.8939,93.14,21.5,1.5,3.0
cell_007,394,1.8474,90.85,21.5,1.5,3.0
cell_007,395,1.858,91.37,21.5,1.5,3.0
cell_007,396,1.8701,91.97,21.5,1.5,3.0
cell_007,397,1.9052,93.69,21.5,1.5,3.0
cell_007,398,1.8358,90.28,21.5,1.5,3.0
cell_007,399,1.8512,91.04,21.5,1.5,3.0
cell_007,400,1.8516,91.06,21.5,1.5,3.0
cell_007,401,1.8945,93.17,21.5,1.5,3.0
cell_007,402,1.8499,90.98,21.5,1.5,3.0
cell_007,403,1.8852,92.71,21.5,1.5,3.0
cell_007,404,1.8341,90.2,21.5,1.5,3.0
cell_007,405,1.8734,92.13,21.5,1.5,3.0
cell_007,406,1.8665,91.79,21.5,1.5,3.0
cell_007,407,1.8698,91.95,21.5,1.5,3.0
cell_007,408,1.9002,93.45,21.5,1.5,3.0
cell_007,409,1.8473,90.84,21.5,1.5,3.0
cell_007,410,1.8339,90.19,21.5,1.5,3.0
cell_007,411,1.8296,89.98,21.5,1.5,3.0
cell_007,412,1.8804,92.48,21.5,1.5,3.0
cell_007,413,1.8524,91.1,21.5,1.5,3.0
cell_007,414,1.8368,90.33,21.5,1.5,3.0
cell_007,415,1.8328,90.14,21.5,1.5,3.0
cell_007,416,1.8897,92.93,21.5,1.5,3.0
cell_007,417,1.8269,89.85,21.5,1.5,3.0
cell_007,418,1.8389,90.44,21.5,1.5,3.0
cell_007,419,1.8334,90.16,21.5,1.5,3.0
cell_007,420,1.8743,92.17,21.5,1.5,3.0
cell_007,421,1.8503,91.0,21.5,1.5,3.0
cell_007,422,1.8499,90.98,21.5,1.5,3.0
cell_007,423,1.8422,90.6,21.5,1.5,3.0
cell_007,424,1.8302,90.0,21.5,1.5,3.0
cell_007,425,1.8858,92.74,21.5,1.5,3.0
cell_007,426,1.8523,91.1,21.5,1.5,3.0
cell_007,427,1.8947,93.18,21.5,1.5,3.0
cell_007,428,1.8259,89.79,21.5,1.5,3.0
cell_007,429,1.8759,92.26,21.5,1.5,3.0
cell_007,430,1.8683,91.88,21.5,1.5,3.0
cell_007,431,1.8286,89.93,21.5,1.5,3.0
cell_007,432,1.874,92.16,21.5,1.5,3.0
cell_007,433,1.8344,90.21,21.5,1.5,3.0
cell_007,434,1.8683,91.88,21.5,1.5,3.0
cell_007,435,1.898,93.34,21.5,1.5,3.0
cell_007,436,1.8626,91.6,21.5,1.5,3.0
cell_007,437,1.8419,90.58,21.5,1.5,3.0
cell_007,438,1.8625,91.6,21.5,1.5,3.0
cell_007,439,1.8832,92.61,21.5,1.5,3.0
cell_007,440,1.8349,90.24,21.5,1.5,3.0
cell_007,441,1.8648,91.71,21.5,1.5,3.0
cell_007,442,1.8654,91.74,21.5,1.5,3.0
cell_007,443,1.8311,90.05,21.5,1.5,3.0
cell_007,444,1.8449,90.73,21.5,1.5,3.0
cell_007,445,1.8311,90.05,21.5,1.5,3.0
cell_007,446,1.8722,92.07,21.5,1.5,3.0
cell_007,447,1.836,90.29,21.5,1.5,3.0
cell_007,448,1.8909,92.99,21.5,1.5,3.0
cell_007,449,1.8923,93.06,21.5,1.5,3.0
cell_007,450,1.831,90.04,21.5,1.5,3.0
cell_007,451,1.8206,89.53,21.5,1.5,3.0
cell_007,452,1.8757,92.24,21.5,1.5,3.0
cell_007,453,1.8103,89.03,21.5,1.5,3.0
cell_007,454,1.8326,90.12,21.5,1.5,3.0
cell_007,455,1.8332,90.15,21.5,1.5,3.0
cell_007,456,1.8811,92.51,21.5,1.5,3.0
cell_007,457,1.8319,90.09,21.5,1.5,3.0
cell_007,458,1.8542,91.19,21.5,1.5,3.0
cell_007,459,1.8825,92.58,21.5,1.5,3.0
cell_007,460,1.8335,90.17,21.5,1.5,3.0
cell_007,461,1.8759,92.25,21.5,1.5,3.0
cell_007,462,1.8191,89.46,21.5,1.5,3.0
cell_007,463,1.8088,88.95,21.5,1.5,3.0
cell_007,464,1.8754,92.23,21.5,1.5,3.0
cell_007,465,1.8474,90.85,21.5,1.5,3.0
cell_007,466,1.8256,89.78,21.5,1.5,3.0
cell_007,467,1.843,90.64,21.5,1.5,3.0
cell_007,468,1.8065,88.84,21.5,1.5,3.0
cell_007,469,1.83,90.0,21.5,1.5,3.0
cell_007,470,1.8373,90.36,21.5,1.5,3.0
cell_007,471,1.8823,92.57,21.5,1.5,3.0
cell_007,472,1.8806,92.49,21.5,1.5,3.0
cell_007,473,1.8309,90.04,21.5,1.5,3.0
cell_007,474,1.8218,89.59,21.5,1.5,3.0
cell_007,475,1.8538,91.17,21.5,1.5,3.0
cell_007,476,1.8296,89.98,21.5,1.5,3.0
cell_007,477,1.8168,89.35,21.5,1.5,3.0
cell_007,478,1.8187,89.44,21.5,1.5,3.0
cell_007,479,1.8118,89.1,21.5,1.5,3.0
cell_007,480,1.8167,89.34,21.5,1.5,3.0
cell_007,481,1.802,88.62,21.5,1.5,3.0
cell_007,482,1.8001,88.53,21.5,1.5,3.0
cell_007,483,1.8333,90.16,21.5,1.5,3.0
cell_007,484,1.835,90.24,21.5,1.5,3.0
cell_007,485,1.8015,88.59,21.5,1.5,3.0
cell_007,486,1.8133,89.17,21.5,1.5,3.0
cell_007,487,1.8313,90.06,21.5,1.5,3.0
cell_007,488,1.8652,91.73,21.5,1.5,3.0
cell_007,489,1.8439,90.68,21.5,1.5,3.0
cell_007,490,1.8178,89.39,21.5,1.5,3.0
cell_007,491,1.8431,90.64,21.5,1.5,3.0
cell_007,492,1.7941,88.23,21.5,1.5,3.0
cell_007,493,1.8402,90.5,21.5,1.5,3.0
cell_007,494,1.8314,90.07,21.5,1.5,3.0
cell_007,495,1.8539,91.17,21.5,1.5,3.0
cell_007,496,1.8103,89.03,21.5,1.5,3.0
cell_007,497,1.823,89.65,21.5,1.5,3.0
cell_007,498,1.8048,88.76,21.5,1.5,3.0
cell_007,499,1.8254,89.77,21.5,1.5,3.0
cell_007,500,1.7945,88.25,21.5,1.5,3.0
cell_007,501,1.7965,88.35,21.5,1.5,3.0
cell_007,502,1.8405,90.51,21.5,1.5,3.0
cell_007,503,1.8096,88.99,21.5,1.5,3.0
cell_007,504,1.862,91.57,21.5,1.5,3.0
cell_007,505,1.7995,88.49,21.5,1.5,3.0
cell_007,506,1.8648,91.71,21.5,1.5,3.0
cell_007,507,1.8126,89.14,21.5,1.5,3.0
cell_007,508,1.838,90.39,21.5,1.5,3.0
cell_007,509,1.8376,90.37,21.5,1.5,3.0
cell_007,510,1.7988,88.46,21.5,1.5,3.0
cell_007,511,1.802,88.62,21.5,1.5,3.0
cell_007,512,1.8066,88.85,21.5,1.5,3.0
cell_007,513,1.8541,91.18,21.5,1.5,3.0
cell_007,514,1.8278,89.89,21.5,1.5,3.0
cell_007,515,1.8447,90.72,21.5,1.5,3.0
cell_007,516,1.8627,91.6,21.5,1.5,3.0
cell_007,517,1.8178,89.4,21.5,1.5,3.0
cell_007,518,1.851,91.03,21.5,1.5,3.0
cell_007,519,1.7829,87.68,21.5,1.5,3.0
cell_007,520,1.7924,88.15,21.5,1.5,3.0
cell_007,521,1.8473,90.85,21.5,1.5,3.0
cell_007,522,1.7953,88.29,21.5,1.5,3.0
cell_007,523,1.8437,90.67,21.5,1.5,3.0
cell_007,524,1.8277,89.88,21.5,1.5,3.0
cell_007,525,1.8457,90.77,21.5,1.5,3.0
cell_007,526,1.852,91.08,21.5,1.5,3.0
cell_007,527,1.8311,90.05,21.5,1.5,3.0
cell_007,528,1.8132,89.17,21.5,1.5,3.0
cell_007,529,1.7943,88.24,21.5,1.5,3.0
cell_007,530,1.7764,87.36,21.5,1.5,3.0
cell_007,531,1.799,88.47,21.5,1.5,3.0
cell_007,532,1.8081,88.92,21.5,1.5,3.0
cell_007,533,1.8354,90.26,21.5,1.5,3.0
cell_007,534,1.8536,91.16,21.5,1.5,3.0
cell_007,535,1.7763,87.35,21.5,1.5,3.0
cell_007,536,1.7886,87.96,21.5,1.5,3.0
cell_007,537,1.846,90.79,21.5,1.5,3.0
cell_007,538,1.8507,91.02,21.5,1.5,3.0
cell_007,539,1.7876,87.91,21.5,1.5,3.0
cell_007,540,1.7762,87.35,21.5,1.5,3.0
cell_007,541,1.8103,89.03,21.5,1.5,3.0
cell_007,542,1.8379,90.38,21.5,1.5,3.0
cell_007,543,1.8356,90.27,21.5,1.5,3.0
cell_007,544,1.8171,89.36,21.5,1.5,3.0
cell_007,545,1.8085,88.94,21.5,1.5,3.0
cell_007,546,1.811,89.06,21.5,1.5,3.0
cell_007,547,1.8033,88.69,21.5,1.5,3.0
cell_007,548,1.8116,89.09,21.5,1.5,3.0
cell_007,549,1.7821,87.64,21.5,1.5,3.0
cell_007,550,1.8233,89.66,21.5,1.5,3.0
cell_007,551,1.8206,89.53,21.5,1.5,3.0
cell_007,552,1.7942,88.23,21.5,1.5,3.0
cell_007,553,1.8174,89.37,21.5,1.5,3.0
cell_007,554,1.7871,87.89,21.5,1.5,3.0
cell_007,555,1.8014,88.59,21.5,1.5,3.0
cell_007,556,1.7839,87.73,21.5,1.5,3.0
cell_007,557,1.8363,90.31,21.5,1.5,3.0
cell_007,558,1.8306,90.03,21.5,1.5,3.0
cell_007,559,1.8118,89.1,21.5,1.5,3.0
cell_007,560,1.7988,88.46,21.5,1.5,3.0
cell_007,561,1.8231,89.66,21.5,1.5,3.0
cell_007,562,1.7811,87.59,21.5,1.5,3.0
cell_007,563,1.838,90.39,21.5,1.5,3.0
cell_007,564,1.8211,89.56,21.5,1.5,3.0
cell_007,565,1.8092,88.97,21.5,1.5,3.0
cell_007,566,1.8162,89.32,21.5,1.5,3.0
cell_007,567,1.827,89.85,21.5,1.5,3.0
cell_007,568,1.8088,88.95,21.5,1.5,3.0
cell_007,569,1.8083,88.93,21.5,1.5,3.0
cell_007,570,1.8222,89.61,21.5,1.5,3.0
cell_007,571,1.8008,88.56,21.5,1.5,3.0
cell_007,572,1.7675,86.92,21.5,1.5,3.0
cell_007,573,1.7863,87.85,21.5,1.5,3.0
cell_007,574,1.8011,88.58,21.5,1.5,3.0
cell_007,575,1.8047,88.75,21.5,1.5,3.0
cell_007,576,1.8308,90.04,21.5,1.5,3.0
cell_007,577,1.8191,89.46,21.5,1.5,3.0
cell_007,578,1.8209,89.55,21.5,1.5,3.0
cell_007,579,1.7856,87.81,21.5,1.5,3.0
cell_007,580,1.7554,86.33,21.5,1.5,3.0
cell_007,581,1.8111,89.07,21.5,1.5,3.0
cell_007,582,1.8108,89.05,21.5,1.5,3.0
cell_007,583,1.7924,88.15,21.5,1.5,3.0
cell_007,584,1.795,88.27,21.5,1.5,3.0
cell_007,585,1.7515,86.13,21.5,1.5,3.0
cell_007,586,1.753,86.21,21.5,1.5,3.0
cell_007,587,1.7812,87.6,21.5,1.5,3.0
cell_007,588,1.7761,87.35,21.5,1.5,3.0
cell_007,589,1.8143,89.22,21.5,1.5,3.0
cell_007,590,1.7553,86.32,21.5,1.5,3.0
cell_007,591,1.7877,87.92,21.5,1.5,3.0
cell_007,592,1.7988,88.46,21.5,1.5,3.0
cell_007,593,1.808,88.92,21.5,1.5,3.0
cell_007,594,1.7571,86.41,21.5,1.5,3.0
cell_007,595,1.8184,89.43,21.5,1.5,3.0
cell_007,596,1.7987,88.46,21.5,1.5,3.0
cell_007,597,1.8157,89.29,21.5,1.5,3.0
cell_007,598,1.7692,87.01,21.5,1.5,3.0
cell_007,599,1.7846,87.76,21.5,1.5,3.0
cell_007,600,1.7729,87.19,21.5,1.5,3.0
cell_007,601,1.8064,88.84,21.5,1.5,3.0
cell_007,602,1.8082,88.93,21.5,1.5,3.0
cell_007,603,1.8237,89.69,21.5,1.5,3.0
cell_007,604,1.7819,87.63,21.5,1.5,3.0
cell_007,605,1.8104,89.03,21.5,1.5,3.0
cell_007,606,1.7431,85.72,21.5,1.5,3.0
cell_007,607,1.7446,85.8,21.5,1.5,3.0
cell_007,608,1.8034,88.69,21.5,1.5,3.0
cell_007,609,1.7875,87.91,21.5,1.5,3.0
cell_007,610,1.8098,89.0,21.5,1.5,3.0
cell_007,611,1.8154,89.28,21.5,1.5,3.0
cell_007,612,1.7709,87.09,21.5,1.5,3.0
cell_007,613,1.7809,87.58,21.5,1.5,3.0
cell_007,614,1.8022,88.63,21.5,1.5,3.0
cell_007,615,1.7861,87.84,21.5,1.5,3.0
cell_007,616,1.7784,87.46,21.5,1.5,3.0
cell_007,617,1.7571,86.41,21.5,1.5,3.0
cell_007,618,1.7744,87.26,21.5,1.5,3.0
cell_007,619,1.7743,87.26,21.5,1.5,3.0
cell_007,620,1.7953,88.29,21.5,1.5,3.0
cell_007,621,1.7898,88.02,21.5,1.5,3.0
cell_007,622,1.7392,85.53,21.5,1.5,3.0
cell_007,623,1.7375,85.45,21.5,1.5,3.0
cell_007,624,1.8012,88.58,21.5,1.5,3.0
cell_007,625,1.7886,87.96,21.5,1.5,3.0
cell_007,626,1.7889,87.97,21.5,1.5,3.0
cell_007,627,1.7654,86.82,21.5,1.5,3.0
cell_007,628,1.7501,86.07,21.5,1.5,3.0
cell_007,629,1.7891,87.99,21.5,1.5,3.0
cell_007,630,1.7932,88.19,21.5,1.5,3.0
cell_007,631,1.7962,88.33,21.5,1.5,3.0
cell_007,632,1.7835,87.71,21.5,1.5,3.0
cell_007,633,1.808,88.92,21.5,1.5,3.0
cell_007,634,1.8024,88.64,21.5,1.5,3.0
cell_007,635,1.7821,87.64,21.5,1.5,3.0
cell_007,636,1.7786,87.47,21.5,1.5,3.0
cell_007,637,1.7625,86.68,21.5,1.5,3.0
cell_007,638,1.7957,88.31,21.5,1.5,3.0
cell_007,639,1.7916,88.11,21.5,1.5,3.0
cell_007,640,1.7402,85.58,21.5,1.5,3.0
cell_007,641,1.7533,86.22,21.5,1.5,3.0
cell_007,642,1.7963,88.34,21.5,1.5,3.0
cell_007,643,1.7679,86.94,21.5,1.5,3.0
cell_007,644,1.77,87.04,21.5,1.5,3.0
cell_007,645,1.7476,85.95,21.5,1.5,3.0
cell_007,646,1.766,86.85,21.5,1.5,3.0
cell_007,647,1.7952,88.28,21.5,1.5,3.0
cell_007,648,1.7791,87.49,21.5,1.5,3.0
cell_007,649,1.7872,87.89,21.5,1.5,3.0
cell_007,650,1.7472,85.93,21.5,1.5,3.0
cell_007,651,1.7656,86.83,21.5,1.5,3.0
cell_007,652,1.7769,87.39,21.5,1.5,3.0
cell_007,653,1.7475,85.94,21.5,1.5,3.0
cell_007,654,1.7335,85.25,21.5,1.5,3.0
cell_007,655,1.7458,85.85,21.5,1.5,3.0
cell_007,656,1.7431,85.72,21.5,1.5,3.0
cell_007,657,1.7601,86.56,21.5,1.5,3.0
cell_007,658,1.7297,85.06,21.5,1.5,3.0
cell_007,659,1.7363,85.39,21.5,1.5,3.0
cell_007,660,1.7934,88.2,21.5,1.5,3.0
cell_007,661,1.7873,87.89,21.5,1.5,3.0
cell_007,662,1.7656,86.83,21.5,1.5,3.0
cell_007,663,1.7789,87.48,21.5,1.5,3.0
cell_007,664,1.7653,86.82,21.5,1.5,3.0
cell_007,665,1.7619,86.65,21.5,1.5,3.0
cell_007,666,1.7505,86.09,21.5,1.5,3.0
cell_007,667,1.7398,85.56,21.5,1.5,3.0
cell_007,668,1.7378,85.46,21.5,1.5,3.0
cell_007,669,1.7557,86.34,21.5,1.5,3.0
cell_007,670,1.7323,85.19,21.5,1.5,3.0
cell_007,671,1.7129,84.24,21.5,1.5,3.0
cell_007,672,1.7546,86.29,21.5,1.5,3.0
cell_007,673,1.7641,86.75,21.5,1.5,3.0
cell_007,674,1.7852,87.79,21.5,1.5,3.0
cell_007,675,1.7847,87.77,21.5,1.5,3.0
cell_007,676,1.7423,85.69,21.5,1.5,3.0
cell_007,677,1.7878,87.92,21.5,1.5,3.0
cell_007,678,1.7367,85.41,21.5,1.5,3.0
cell_007,679,1.7223,84.7,21.5,1.5,3.0
cell_007,680,1.7162,84.4,21.5,1.5,3.0
cell_007,681,1.7767,87.38,21.5,1.5,3.0
cell_007,682,1.7799,87.53,21.5,1.5,3.0
cell_007,683,1.7656,86.83,21.5,1.5,3.0
cell_007,684,1.7856,87.81,21.5,1.5,3.0
cell_007,685,1.7555,86.33,21.5,1.5,3.0
cell_007,686,1.7435,85.74,21.5,1.5,3.0
cell_007,687,1.7406,85.6,21.5,1.5,3.0
cell_007,688,1.7641,86.76,21.5,1.5,3.0
cell_007,689,1.7205,84.61,21.5,1.5,3.0
cell_007,690,1.7649,86.8,21.5,1.5,3.0
cell_007,691,1.7713,87.11,21.5,1.5,3.0
cell_007,692,1.7348,85.32,21.5,1.5,3.0
cell_007,693,1.7239,84.78,21.5,1.5,3.0
cell_007,694,1.7539,86.25,21.5,1.5,3.0
cell_007,695,1.7554,86.33,21.5,1.5,3.0
cell_007,696,1.7511,86.12,21.5,1.5,3.0
cell_007,697,1.729,85.03,21.5,1.5,3.0
cell_007,698,1.7056,83.88,21.5,1.5,3.0
cell_007,699,1.7306,85.11,21.5,1.5,3.0
cell_007,700,1.7666,86.88,21.5,1.5,3.0
cell_007,701,1.7758,87.33,21.5,1.5,3.0
cell_007,702,1.7659,86.84,21.5,1.5,3.0
cell_007,703,1.7271,84.94,21.5,1.5,3.0
cell_007,704,1.7225,84.71,21.5,1.5,3.0
cell_007,705,1.7058,83.89,21.5,1.5,3.0
cell_007,706,1.696,83.41,21.5,1.5,3.0
cell_007,707,1.724,84.79,21.5,1.5,3.0
cell_007,708,1.7099,84.09,21.5,1.5,3.0
cell_007,709,1.7549,86.3,21.5,1.5,3.0
cell_007,710,1.7502,86.07,21.5,1.5,3.0
cell_007,711,1.712,84.19,21.5,1.5,3.0
cell_007,712,1.7484,85.98,21.5,1.5,3.0
cell_007,713,1.6924,83.23,21.5,1.5,3.0
cell_007,714,1.7469,85.91,21.5,1.5,3.0
cell_007,715,1.769,86.99,21.5,1.5,3.0
cell_007,716,1.7593,86.52,21.5,1.5,3.0
cell_007,717,1.7034,83.77,21.5,1.5,3.0
cell_007,718,1.7536,86.24,21.5,1.5,3.0
cell_007,719,1.7353,85.34,21.5,1.5,3.0
cell_007,720,1.725,84.83,21.5,1.5,3.0
cell_007,721,1.7251,84.84,21.5,1.5,3.0
cell_007,722,1.7456,85.84,21.5,1.5,3.0
cell_007,723,1.7125,84.22,21.5,1.5,3.0
cell_007,724,1.7358,85.37,21.5,1.5,3.0
cell_007,725,1.7238,84.77,21.5,1.5,3.0
cell_007,726,1.7246,84.81,21.5,1.5,3.0
cell_007,727,1.7227,84.72,21.5,1.5,3.0
cell_007,728,1.7179,84.49,21.5,1.5,3.0
cell_007,729,1.6955,83.38,21.5,1.5,3.0
cell_007,730,1.727,84.93,21.5,1.5,3.0
cell_007,731,1.732,85.18,21.5,1.5,3.0
cell_007,732,1.7213,84.65,21.5,1.5,3.0
cell_007,733,1.6946,83.34,21.5,1.5,3.0
cell_007,734,1.7606,86.58,21.5,1.5,3.0
cell_007,735,1.7514,86.13,21.5,1.5,3.0
cell_007,736,1.7383,85.49,21.5,1.5,3.0
cell_007,737,1.7584,86.47,21.5,1.5,3.0
cell_007,738,1.707,83.95,21.5,1.5,3.0
cell_007,739,1.6982,83.52,21.5,1.5,3.0
cell_007,740,1.7339,85.27,21.5,1.5,3.0
cell_007,741,1.7482,85.97,21.5,1.5,3.0
cell_007,742,1.6939,83.3,21.5,1.5,3.0
cell_007,743,1.7116,84.17,21.5,1.5,3.0
cell_007,744,1.709,84.05,21.5,1.5,3.0
cell_007,745,1.7571,86.41,21.5,1.5,3.0
cell_007,746,1.7288,85.02,21.5,1.5,3.0
cell_007,747,1.7208,84.63,21.5,1.5,3.0
cell_007,748,1.682,82.72,21.5,1.5,3.0
cell_007,749,1.6862,82.93,21.5,1.5,3.0
cell_007,750,1.7501,86.07,21.5,1.5,3.0
cell_007,751,1.6927,83.24,21.5,1.5,3.0
cell_007,752,1.7419,85.66,21.5,1.5,3.0
cell_007,753,1.7237,84.77,21.5,1.5,3.0
cell_007,754,1.7137,84.28,21.5,1.5,3.0
cell_007,755,1.6732,82.28,21.5,1.5,3.0
cell_007,756,1.7512,86.12,21.5,1.5,3.0
cell_007,757,1.6812,82.68,21.5,1.5,3.0
cell_007,758,1.6876,82.99,21.5,1.5,3.0
cell_007,759,1.716,84.39,21.5,1.5,3.0
cell_007,760,1.6798,82.61,21.5,1.5,3.0
cell_007,761,1.6721,82.23,21.5,1.5,3.0
cell_007,762,1.7428,85.71,21.5,1.5,3.0
cell_007,763,1.7095,84.07,21.5,1.5,3.0
cell_007,764,1.7219,84.68,21.5,1.5,3.0
cell_007,765,1.7467,85.9,21.5,1.5,3.0
cell_007,766,1.7409,85.61,21.5,1.5,3.0
cell_007,767,1.6872,82.98,21.5,1.5,3.0
cell_007,768,1.7466,85.89,21.5,1.5,3.0
cell_007,769,1.7002,83.62,21.5,1.5,3.0
cell_007,770,1.7313,85.14,21.5,1.5,3.0
cell_007,771,1.7379,85.47,21.5,1.5,3.0
cell_007,772,1.7268,84.92,21.5,1.5,3.0
cell_007,773,1.7326,85.2,21.5,1.5,3.0
cell_007,774,1.6991,83.56,21.5,1.5,3.0
cell_007,775,1.68,82.62,21.5,1.5,3.0
cell_007,776,1.7029,83.75,21.5,1.5,3.0
cell_007,777,1.7314,85.15,21.5,1.5,3.0
cell_007,778,1.7226,84.71,21.5,1.5,3.0
cell_007,779,1.7085,84.02,21.5,1.5,3.0
cell_007,780,1.732,85.18,21.5,1.5,3.0
cell_007,781,1.6639,81.83,21.5,1.5,3.0
cell_007,782,1.6733,82.29,21.5,1.5,3.0
cell_007,783,1.6756,82.4,21.5,1.5,3.0
cell_007,784,1.6669,81.97,21.5,1.5,3.0
cell_007,785,1.6659,81.93,21.5,1.5,3.0
cell_007,786,1.6655,81.91,21.5,1.5,3.0
cell_007,787,1.6802,82.63,21.5,1.5,3.0
cell_007,788,1.694,83.31,21.5,1.5,3.0
cell_007,789,1.7269,84.93,21.5,1.5,3.0
cell_007,790,1.7251,84.84,21.5,1.5,3.0
cell_007,791,1.7361,85.38,21.5,1.5,3.0
cell_007,792,1.7083,84.01,21.5,1.5,3.0
cell_007,793,1.7089,84.04,21.5,1.5,3.0
cell_007,794,1.7249,84.83,21.5,1.5,3.0
cell_007,795,1.6927,83.24,21.5,1.5,3.0
cell_007,796,1.6895,83.09,21.5,1.5,3.0
cell_007,797,1.7314,85.15,21.5,1.5,3.0
cell_007,798,1.733,85.22,21.5,1.5,3.0
cell_007,799,1.6914,83.18,21.5,1.5,3.0
cell_007,800,1.7083,84.01,21.5,1.5,3.0
cell_008,1,2.0688,101.92,21.1,1.5,1.0
cell_008,2,2.054,101.19,21.1,1.5,1.0
cell_008,3,2.0297,99.99,21.1,1.5,1.0
cell_008,4,2.0185,99.44,21.1,1.5,1.0
cell_008,5,2.0453,100.76,21.1,1.5,1.0
cell_008,6,2.0293,99.97,21.1,1.5,1.0
cell_008,7,1.9989,98.47,21.1,1.5,1.0
cell_008,8,1.9886,97.97,21.1,1.5,1.0
cell_008,9,2.0376,100.38,21.1,1.5,1.0
cell_008,10,2.0388,100.44,21.1,1.5,1.0
cell_008,11,2.0003,98.55,21.1,1.5,1.0
cell_008,12,2.0095,99.0,21.1,1.5,1.0
cell_008,13,1.9953,98.3,21.1,1.5,1.0
cell_008,14,2.0388,100.44,21.1,1.5,1.0
cell_008,15,1.998,98.43,21.1,1.5,1.0
cell_008,16,2.0063,98.84,21.1,1.5,1.0
cell_008,17,2.0254,99.78,21.1,1.5,1.0
cell_008,18,1.9856,97.82,21.1,1.5,1.0
cell_008,19,2.0233,99.68,21.1,1.5,1.0
cell_008,20,2.0437,100.68,21.1,1.5,1.0
cell_008,21,2.0448,100.74,21.1,1.5,1.0
cell_008,22,2.0126,99.15,21.1,1.5,1.0
cell_008,23,2.0224,99.63,21.1,1.5,1.0
cell_008,24,2.0057,98.81,21.1,1.5,1.0
cell_008,25,2.0226,99.64,21.1,1.5,1.0
cell_008,26,2.0552,101.25,21.1,1.5,1.0
cell_008,27,2.0594,101.45,21.1,1.5,1.0
cell_008,28,2.0132,99.18,21.1,1.5,1.0
cell_008,29,1.999,98.48,21.1,1.5,1.0
cell_008,30,2.0223,99.63,21.1,1.5,1.0
cell_008,31,2.0212,99.57,21.1,1.5,1.0
cell_008,32,2.06,101.48,21.1,1.5,1.0
cell_008,33,2.0545,101.22,21.1,1.5,1.0
cell_008,34,2.0453,100.76,21.1,1.5,1.0
cell_008,35,2.0015,98.61,21.1,1.5,1.0
cell_008,36,2.0246,99.74,21.1,1.5,1.0
cell_008,37,1.9904,98.06,21.1,1.5,1.0
cell_008,38,2.0114,99.09,21.1,1.5,1.0
cell_008,39,2.0445,100.72,21.1,1.5,1.0
cell_008,40,1.9869,97.88,21.1,1.5,1.0
cell_008,41,2.0381,100.41,21.1,1.5,1.0
cell_008,42,2.0495,100.97,21.1,1.5,1.0
cell_008,43,1.9945,98.26,21.1,1.5,1.0
cell_008,44,1.9987,98.47,21.1,1.5,1.0
cell_008,45,2.0402,100.51,21.1,1.5,1.0
cell_008,46,2.0398,100.49,21.1,1.5,1.0
cell_008,47,1.9911,98.09,21.1,1.5,1.0
cell_008,48,2.0003,98.54,21.1,1.5,1.0
cell_008,49,2.0318,100.09,21.1,1.5,1.0
cell_008,50,2.0196,99.5,21.1,1.5,1.0
cell_008,51,2.0134,99.19,21.1,1.5,1.0
cell_008,52,1.9879,97.93,21.1,1.5,1.0
cell_008,53,2.046,100.8,21.1,1.5,1.0
cell_008,54,1.9801,97.55,21.1,1.5,1.0
cell_008,55,2.0109,99.07,21.1,1.5,1.0
cell_008,56,2.0181,99.42,21.1,1.5,1.0
cell_008,57,1.9742,97.26,21.1,1.5,1.0
cell_008,58,2.0398,100.49,21.1,1.5,1.0
cell_008,59,2.0245,99.74,21.1,1.5,1.0
cell_008,60,1.9705,97.08,21.1,1.5,1.0
cell_008,61,1.9831,97.7,21.1,1.5,1.0
cell_008,62,1.9858,97.83,21.1,1.5,1.0
cell_008,63,1.9696,97.03,21.1,1.5,1.0
cell_008,64,1.9717,97.14,21.1,1.5,1.0
cell_008,65,1.9943,98.25,21.1,1.5,1.0
cell_008,66,2.0477,100.88,21.1,1.5,1.0
cell_008,67,2.0141,99.23,21.1,1.5,1.0
cell_008,68,2.0438,100.69,21.1,1.5,1.0
cell_008,69,1.9759,97.34,21.1,1.5,1.0
cell_008,70,2.0327,100.14,21.1,1.5,1.0
cell_008,71,1.986,97.84,21.1,1.5,1.0
cell_008,72,2.0452,100.76,21.1,1.5,1.0
cell_008,73,2.0,98.53,21.1,1.5,1.0
cell_008,74,2.0137,99.2,21.1,1.5,1.0
cell_008,75,2.0186,99.45,21.1,1.5,1.0
cell_008,76,2.0018,98.62,21.1,1.5,1.0
cell_008,77,1.9652,96.82,21.1,1.5,1.0
cell_008,78,2.0336,100.18,21.1,1.5,1.0
cell_008,79,2.0353,100.27,21.1,1.5,1.0
cell_008,80,2.0157,99.3,21.1,1.5,1.0
cell_008,81,1.9701,97.06,21.1,1.5,1.0
cell_008,82,1.9959,98.33,21.1,1.5,1.0
cell_008,83,1.9825,97.67,21.1,1.5,1.0
cell_008,84,2.0096,99.0,21.1,1.5,1.0
cell_008,85,1.9702,97.06,21.1,1.5,1.0
cell_008,86,1.9713,97.12,21.1,1.5,1.0
cell_008,87,2.0341,100.21,21.1,1.5,1.0
cell_008,88,2.0239,99.71,21.1,1.5,1.0
cell_008,89,1.9674,96.93,21.1,1.5,1.0
cell_008,90,1.9795,97.52,21.1,1.5,1.0
cell_008,91,2.0384,100.42,21.1,1.5,1.0
cell_008,92,2.0012,98.59,21.1,1.5,1.0
cell_008,93,1.9954,98.3,21.1,1.5,1.0
cell_008,94,2.0131,99.18,21.1,1.5,1.0
cell_008,95,1.9979,98.43,21.1,1.5,1.0
cell_008,96,2.0022,98.64,21.1,1.5,1.0
cell_008,97,1.9835,97.72,21.1,1.5,1.0
cell_008,98,1.9931,98.19,21.1,1.5,1.0
cell_008,99,2.001,98.58,21.1,1.5,1.0
cell_008,100,2.0199,99.51,21.1,1.5,1.0
cell_008,101,1.9944,98.25,21.1,1.5,1.0
cell_008,102,2.0006,98.56,21.1,1.5,1.0
cell_008,103,2.0012,98.59,21.1,1.5,1.0
cell_008,104,2.0157,99.3,21.1,1.5,1.0
cell_008,105,1.9668,96.89,21.1,1.5,1.0
cell_008,106,1.9694,97.02,21.1,1.5,1.0
cell_008,107,2.0296,99.99,21.1,1.5,1.0
cell_008,108,1.9926,98.17,21.1,1.5,1.0
cell_008,109,2.0234,99.68,21.1,1.5,1.0
cell_008,110,2.0247,99.75,21.1,1.5,1.0
cell_008,111,1.9986,98.46,21.1,1.5,1.0
cell_008,112,1.9839,97.74,21.1,1.5,1.0
cell_008,113,1.998,98.43,21.1,1.5,1.0
cell_008,114,1.9902,98.05,21.1,1.5,1.0
cell_008,115,1.9965,98.36,21.1,1.5,1.0
cell_008,116,1.9537,96.25,21.1,1.5,1.0
cell_008,117,1.9669,96.9,21.1,1.5,1.0
cell_008,118,1.9588,96.5,21.1,1.5,1.0
cell_008,119,1.9869,97.88,21.1,1.5,1.0
cell_008,120,1.9527,96.2,21.1,1.5,1.0
cell_008,121,1.9762,97.36,21.1,1.5,1.0
cell_008,122,1.966,96.85,21.1,1.5,1.0
cell_008,123,2.0245,99.74,21.1,1.5,1.0
cell_008,124,2.0276,99.89,21.1,1.5,1.0
cell_008,125,1.9504,96.09,21.1,1.5,1.0
cell_008,126,1.9744,97.27,21.1,1.5,1.0
cell_008,127,2.0119,99.12,21.1,1.5,1.0
cell_008,128,2.0001,98.53,21.1,1.5,1.0
cell_008,129,1.9992,98.49,21.1,1.5,1.0
cell_008,130,1.9869,97.88,21.1,1.5,1.0
cell_008,131,2.0016,98.61,21.1,1.5,1.0
cell_008,132,2.0082,98.93,21.1,1.5,1.0
cell_008,133,1.9974,98.4,21.1,1.5,1.0
cell_008,134,2.0115,99.1,21.1,1.5,1.0
cell_008,135,2.0009,98.58,21.1,1.5,1.0
cell_008,136,1.9934,98.21,21.1,1.5,1.0
cell_008,137,1.9859,97.84,21.1,1.5,1.0
cell_008,138,2.0189,99.46,21.1,1.5,1.0
cell_008,139,1.9736,97.23,21.1,1.5,1.0
cell_008,140,1.9634,96.73,21.1,1.5,1.0
cell_008,141,1.9994,98.5,21.1,1.5,1.0
cell_008,142,1.9811,97.6,21.1,1.5,1.0
cell_008,143,1.9503,96.08,21.1,1.5,1.0
cell_008,144,2.0195,99.49,21.1,1.5,1.0
cell_008,145,1.9429,95.72,21.1,1.5,1.0
cell_008,146,1.97,97.05,21.1,1.5,1.0
cell_008,147,2.0078,98.91,21.1,1.5,1.0
cell_008,148,1.9875,97.91,21.1,1.5,1.0
cell_008,149,1.9496,96.05,21.1,1.5,1.0
cell_008,150,1.982,97.65,21.1,1.5,1.0
cell_008,151,2.0022,98.64,21.1,1.5,1.0
cell_008,152,1.9956,98.31,21.1,1.5,1.0
cell_008,153,2.0036,98.71,21.1,1.5,1.0
cell_008,154,1.9583,96.48,21.1,1.5,1.0
cell_008,155,1.9837,97.73,21.1,1.5,1.0
cell_008,156,2.0152,99.28,21.1,1.5,1.0
cell_008,157,1.9935,98.21,21.1,1.5,1.0
cell_008,158,1.9638,96.75,21.1,1.5,1.0
cell_008,159,1.9622,96.67,21.1,1.5,1.0
cell_008,160,1.9664,96.87,21.1,1.5,1.0
cell_008,161,1.9613,96.62,21.1,1.5,1.0
cell_008,162,1.9544,96.28,21.1,1.5,1.0
cell_008,163,1.9492,96.03,21.1,1.5,1.0
cell_008,164,1.9739,97.25,21.1,1.5,1.0
cell_008,165,2.0064,98.85,21.1,1.5,1.0
cell_008,166,1.981,97.59,21.1,1.5,1.0
cell_008,167,2.0046,98.76,21.1,1.5,1.0
cell_008,168,1.977,97.4,21.1,1.5,1.0
cell_008,169,1.997,98.38,21.1,1.5,1.0
cell_008,170,1.9423,95.69,21.1,1.5,1.0
cell_008,171,1.9478,95.96,21.1,1.5,1.0
cell_008,172,1.9859,97.84,21.1,1.5,1.0
cell_008,173,2.0067,98.86,21.1,1.5,1.0
cell_008,174,1.9368,95.42,21.1,1.5,1.0
cell_008,175,1.9791,97.5,21.1,1.5,1.0
cell_008,176,1.9962,98.34,21.1,1.5,1.0
cell_008,177,1.932,95.18,21.1,1.5,1.0
cell_008,178,1.9927,98.17,21.1,1.5,1.0
cell_008,179,1.9476,95.95,21.1,1.5,1.0
cell_008,180,1.9804,97.56,21.1,1.5,1.0
cell_008,181,1.9836,97.72,21.1,1.5,1.0
cell_008,182,1.9789,97.49,21.1,1.5,1.0
cell_008,183,2.0,98.53,21.1,1.5,1.0
cell_008,184,1.9979,98.43,21.1,1.5,1.0
cell_008,185,1.9482,95.98,21.1,1.5,1.0
cell_008,186,1.9908,98.08,21.1,1.5,1.0
cell_008,187,1.9861,97.84,21.1,1.5,1.0
cell_008,188,2.0024,98.65,21.1,1.5,1.0
cell_008,189,1.9255,94.86,21.1,1.5,1.0
cell_008,190,1.9697,97.04,21.1,1.5,1.0
cell_008,191,1.9459,95.87,21.1,1.5,1.0
cell_008,192,1.9472,95.93,21.1,1.5,1.0
cell_008,193,1.9913,98.1,21.1,1.5,1.0
cell_008,194,1.9328,95.22,21.1,1.5,1.0
cell_008,195,1.992,98.14,21.1,1.5,1.0
cell_008,196,1.9411,95.63,21.1,1.5,1.0
cell_008,197,1.9246,94.81,21.1,1.5,1.0
cell_008,198,1.9874,97.91,21.1,1.5,1.0
cell_008,199,1.937,95.43,21.1,1.5,1.0
cell_008,200,1.9955,98.31,21.1,1.5,1.0
cell_008,201,1.9196,94.57,21.1,1.5,1.0
cell_008,202,1.9377,95.46,21.1,1.5,1.0
cell_008,203,1.9325,95.2,21.1,1.5,1.0
cell_008,204,1.9219,94.68,21.1,1.5,1.0
cell_008,205,1.972,97.15,21.1,1.5,1.0
cell_008,206,1.9964,98.35,21.1,1.5,1.0
cell_008,207,1.917,94.44,21.1,1.5,1.0
cell_008,208,1.9458,95.86,21.1,1.5,1.0
cell_008,209,1.9768,97.39,21.1,1.5,1.0
cell_008,210,1.9486,96.0,21.1,1.5,1.0
cell_008,211,1.9789,97.49,21.1,1.5,1.0
cell_008,212,1.9864,97.86,21.1,1.5,1.0
cell_008,213,1.9795,97.52,21.1,1.5,1.0
cell_008,214,1.9415,95.65,21.1,1.5,1.0
cell_008,215,1.9229,94.73,21.1,1.5,1.0
cell_008,216,1.9737,97.24,21.1,1.5,1.0
cell_008,217,1.9921,98.14,21.1,1.5,1.0
cell_008,218,1.948,95.97,21.1,1.5,1.0
cell_008,219,1.987,97.89,21.1,1.5,1.0
cell_008,220,1.9433,95.74,21.1,1.5,1.0
cell_008,221,1.9807,97.58,21.1,1.5,1.0
cell_008,222,1.9351,95.33,21.1,1.5,1.0
cell_008,223,1.9388,95.51,21.1,1.5,1.0
cell_008,224,1.9523,96.18,21.1,1.5,1.0
cell_008,225,1.9276,94.96,21.1,1.5,1.0
cell_008,226,1.9877,97.92,21.1,1.5,1.0
cell_008,227,1.9536,96.25,21.1,1.5,1.0
cell_008,228,1.9388,95.51,21.1,1.5,1.0
cell_008,229,1.9837,97.73,21.1,1.5,1.0
cell_008,230,1.9505,96.09,21.1,1.5,1.0
cell_008,231,1.9308,95.12,21.1,1.5,1.0
cell_008,232,1.9851,97.8,21.1,1.5,1.0
cell_008,233,1.9317,95.16,21.1,1.5,1.0
cell_008,234,1.9801,97.55,21.1,1.5,1.0
cell_008,235,1.9503,96.08,21.1,1.5,1.0
cell_008,236,1.9661,96.86,21.1,1.5,1.0
cell_008,237,1.9098,94.09,21.1,1.5,1.0
cell_008,238,1.9823,97.66,21.1,1.5,1.0
cell_008,239,1.9209,94.63,21.1,1.5,1.0
cell_008,240,1.9225,94.71,21.1,1.5,1.0
cell_008,241,1.9386,95.5,21.1,1.5,1.0
cell_008,242,1.9647,96.79,21.1,1.5,1.0
cell_008,243,1.9521,96.17,21.1,1.5,1.0
cell_008,244,1.9687,96.99,21.1,1.5,1.0
cell_008,245,1.9118,94.18,21.1,1.5,1.0
cell_008,246,1.9079,93.99,21.1,1.5,1.0
cell_008,247,1.9149,94.34,21.1,1.5,1.0
cell_008,248,1.9228,94.73,21.1,1.5,1.0
cell_008,249,1.9013,93.67,21.1,1.5,1.0
cell_008,250,1.9116,94.18,21.1,1.5,1.0
cell_008,251,1.9514,96.14,21.1,1.5,1.0
cell_008,252,1.9294,95.05,21.1,1.5,1.0
cell_008,253,1.909,94.05,21.1,1.5,1.0
cell_008,254,1.8985,93.53,21.1,1.5,1.0
cell_008,255,1.9722,97.16,21.1,1.5,1.0
cell_008,256,1.9211,94.64,21.1,1.5,1.0
cell_008,257,1.9476,95.95,21.1,1.5,1.0
cell_008,258,1.9068,93.94,21.1,1.5,1.0
cell_008,259,1.9563,96.38,21.1,1.5,1.0
cell_008,260,1.9627,96.69,21.1,1.5,1.0
cell_008,261,1.9215,94.66,21.1,1.5,1.0
cell_008,262,1.97,97.05,21.1,1.5,1.0
cell_008,263,1.952,96.17,21.1,1.5,1.0
cell_008,264,1.9675,96.93,21.1,1.5,1.0
cell_008,265,1.9561,96.37,21.1,1.5,1.0
cell_008,266,1.9424,95.69,21.1,1.5,1.0
cell_008,267,1.9602,96.57,21.1,1.5,1.0
cell_008,268,1.9437,95.75,21.1,1.5,1.0
cell_008,269,1.8959,93.4,21.1,1.5,1.0
cell_008,270,1.8999,93.6,21.1,1.5,1.0
cell_008,271,1.9592,96.52,21.1,1.5,1.0
cell_008,272,1.8902,93.12,21.1,1.5,1.0
cell_008,273,1.9484,95.99,21.1,1.5,1.0
cell_008,274,1.8899,93.1,21.1,1.5,1.0
cell_008,275,1.8914,93.18,21.1,1.5,1.0
cell_008,276,1.8907,93.15,21.1,1.5,1.0
cell_008,277,1.9201,94.6,21.1,1.5,1.0
cell_008,278,1.9597,96.54,21.1,1.5,1.0
cell_008,279,1.9292,95.04,21.1,1.5,1.0
cell_008,280,1.9505,96.09,21.1,1.5,1.0
cell_008,281,1.9205,94.61,21.1,1.5,1.0
cell_008,282,1.9631,96.71,21.1,1.5,1.0
cell_008,283,1.9251,94.84,21.1,1.5,1.0
cell_008,284,1.8918,93.2,21.1,1.5,1.0
cell_008,285,1.8865,92.94,21.1,1.5,1.0
cell_008,286,1.8895,93.09,21.1,1.5,1.0
cell_008,287,1.8879,93.01,21.1,1.5,1.0
cell_008,288,1.9243,94.8,21.1,1.5,1.0
cell_008,289,1.905,93.85,21.1,1.5,1.0
cell_008,290,1.9075,93.97,21.1,1.5,1.0
cell_008,291,1.9304,95.1,21.1,1.5,1.0
cell_008,292,1.9598,96.55,21.1,1.5,1.0
cell_008,293,1.9583,96.48,21.1,1.5,1.0
cell_008,294,1.9511,96.12,21.1,1.5,1.0
cell_008,295,1.9271,94.94,21.1,1.5,1.0
cell_008,296,1.9499,96.06,21.1,1.5,1.0
cell_008,297,1.9516,96.15,21.1,1.5,1.0
cell_008,298,1.9377,95.46,21.1,1.5,1.0
cell_008,299,1.8868,92.95,21.1,1.5,1.0
cell_008,300,1.9223,94.7,21.1,1.5,1.0
cell_008,301,1.9404,95.6,21.1,1.5,1.0
cell_008,302,1.946,95.87,21.1,1.5,1.0
cell_008,303,1.915,94.34,21.1,1.5,1.0
cell_008,304,1.8798,92.61,21.1,1.5,1.0
cell_008,305,1.8851,92.87,21.1,1.5,1.0
cell_008,306,1.8759,92.42,21.1,1.5,1.0
cell_008,307,1.8772,92.48,21.1,1.5,1.0
cell_008,308,1.8826,92.75,21.1,1.5,1.0
cell_008,309,1.9384,95.5,21.1,1.5,1.0
cell_008,310,1.9201,94.6,21.1,1.5,1.0
cell_008,311,1.8987,93.54,21.1,1.5,1.0
cell_008,312,1.9223,94.7,21.1,1.5,1.0
cell_008,313,1.9033,93.76,21.1,1.5,1.0
cell_008,314,1.916,94.39,21.1,1.5,1.0
cell_008,315,1.9201,94.6,21.1,1.5,1.0
cell_008,316,1.9486,96.0,21.1,1.5,1.0
cell_008,317,1.9506,96.1,21.1,1.5,1.0
cell_008,318,1.9012,93.66,21.1,1.5,1.0
cell_008,319,1.9284,95.0,21.1,1.5,1.0
cell_008,320,1.9325,95.2,21.1,1.5,1.0
cell_008,321,1.8862,92.92,21.1,1.5,1.0
cell_008,322,1.87,92.12,21.1,1.5,1.0
cell_008,323,1.9235,94.76,21.1,1.5,1.0
cell_008,324,1.9163,94.41,21.1,1.5,1.0
cell_008,325,1.8812,92.68,21.1,1.5,1.0
cell_008,326,1.8747,92.36,21.1,1.5,1.0
cell_008,327,1.9185,94.52,21.1,1.5,1.0
cell_008,328,1.9028,93.74,21.1,1.5,1.0
cell_008,329,1.8934,93.28,21.1,1.5,1.0
cell_008,330,1.946,95.87,21.1,1.5,1.0
cell_008,331,1.8898,93.1,21.1,1.5,1.0
cell_008,332,1.893,93.26,21.1,1.5,1.0
cell_008,333,1.9449,95.82,21.1,1.5,1.0
cell_008,334,1.9004,93.62,21.1,1.5,1.0
cell_008,335,1.8907,93.15,21.1,1.5,1.0
cell_008,336,1.8909,93.15,21.1,1.5,1.0
cell_008,337,1.8683,92.04,21.1,1.5,1.0
cell_008,338,1.8876,92.99,21.1,1.5,1.0
cell_008,339,1.9168,94.43,21.1,1.5,1.0
cell_008,340,1.909,94.05,21.1,1.5,1.0
cell_008,341,1.8774,92.49,21.1,1.5,1.0
cell_008,342,1.9215,94.66,21.1,1.5,1.0
cell_008,343,1.8911,93.17,21.1,1.5,1.0
cell_008,344,1.8758,92.41,21.1,1.5,1.0
cell_008,345,1.9013,93.67,21.1,1.5,1.0
cell_008,346,1.8612,91.69,21.1,1.5,1.0
cell_008,347,1.8865,92.94,21.1,1.5,1.0
cell_008,348,1.8927,93.25,21.1,1.5,1.0
cell_008,349,1.8953,93.37,21.1,1.5,1.0
cell_008,350,1.9053,93.87,21.1,1.5,1.0
cell_008,351,1.8794,92.59,21.1,1.5,1.0
cell_008,352,1.9199,94.59,21.1,1.5,1.0
cell_008,353,1.9163,94.41,21.1,1.5,1.0
cell_008,354,1.9151,94.35,21.1,1.5,1.0
cell_008,355,1.8733,92.29,21.1,1.5,1.0
cell_008,356,1.8966,93.44,21.1,1.5,1.0
cell_008,357,1.8894,93.08,21.1,1.5,1.0
cell_008,358,1.917,94.44,21.1,1.5,1.0
cell_008,359,1.9219,94.68,21.1,1.5,1.0
cell_008,360,1.9205,94.62,21.1,1.5,1.0
cell_008,361,1.8596,91.61,21.1,1.5,1.0
cell_008,362,1.8801,92.62,21.1,1.5,1.0
cell_008,363,1.9157,94.38,21.1,1.5,1.0
cell_008,364,1.8561,91.44,21.1,1.5,1.0
cell_008,365,1.9193,94.56,21.1,1.5,1.0
cell_008,366,1.9064,93.92,21.1,1.5,1.0
cell_008,367,1.9021,93.7,21.1,1.5,1.0
cell_008,368,1.8749,92.37,21.1,1.5,1.0
cell_008,369,1.9107,94.13,21.1,1.5,1.0
cell_008,370,1.8661,91.94,21.1,1.5,1.0
cell_008,371,1.901,93.65,21.1,1.5,1.0
cell_008,372,1.9159,94.39,21.1,1.5,1.0
cell_008,373,1.8959,93.4,21.1,1.5,1.0
cell_008,374,1.8956,93.39,21.1,1.5,1.0
cell_008,375,1.8586,91.56,21.1,1.5,1.0
cell_008,376,1.9047,93.84,21.1,1.5,1.0
cell_008,377,1.8595,91.61,21.1,1.5,1.0
cell_008,378,1.9076,93.98,21.1,1.5,1.0
cell_008,379,1.8951,93.36,21.1,1.5,1.0
cell_008,380,1.9204,94.61,21.1,1.5,1.0
cell_008,381,1.8629,91.77,21.1,1.5,1.0
cell_008,382,1.8879,93.01,21.1,1.5,1.0
cell_008,383,1.9168,94.43,21.1,1.5,1.0
cell_008,384,1.8729,92.27,21.1,1.5,1.0
cell_008,385,1.8508,91.18,21.1,1.5,1.0
cell_008,386,1.9158,94.38,21.1,1.5,1.0
cell_008,387,1.8504,91.16,21.1,1.5,1.0
cell_008,388,1.889,93.06,21.1,1.5,1.0
cell_008,389,1.9207,94.62,21.1,1.5,1.0
cell_008,390,1.8546,91.37,21.1,1.5,1.0
cell_008,391,1.8699,92.12,21.1,1.5,1.0
cell_008,392,1.9079,93.99,21.1,1.5,1.0
cell_008,393,1.8939,93.3,21.1,1.5,1.0
cell_008,394,1.9008,93.64,21.1,1.5,1.0
cell_008,395,1.8469,90.99,21.1,1.5,1.0
cell_008,396,1.8926,93.24,21.1,1.5,1.0
cell_008,397,1.8495,91.11,21.1,1.5,1.0
cell_008,398,1.8904,93.13,21.1,1.5,1.0
cell_008,399,1.9045,93.82,21.1,1.5,1.0
cell_008,400,1.8901,93.12,21.1,1.5,1.0
cell_008,401,1.9083,94.01,21.1,1.5,1.0
cell_008,402,1.9154,94.36,21.1,1.5,1.0
cell_008,403,1.9,93.6,21.1,1.5,1.0
cell_008,404,1.847,90.99,21.1,1.5,1.0
cell_008,405,1.8944,93.33,21.1,1.5,1.0
cell_008,406,1.8478,91.03,21.1,1.5,1.0
cell_008,407,1.8853,92.88,21.1,1.5,1.0
cell_008,408,1.9079,93.99,21.1,1.5,1.0
cell_008,409,1.8905,93.14,21.1,1.5,1.0
cell_008,410,1.8524,91.26,21.1,1.5,1.0
cell_008,411,1.8475,91.02,21.1,1.5,1.0
cell_008,412,1.9068,93.94,21.1,1.5,1.0
cell_008,413,1.84,90.65,21.1,1.5,1.0
cell_008,414,1.8422,90.76,21.1,1.5,1.0
cell_008,415,1.8489,91.09,21.1,1.5,1.0
cell_008,416,1.8847,92.85,21.1,1.5,1.0
cell_008,417,1.8515,91.21,21.1,1.5,1.0
cell_008,418,1.8291,90.11,21.1,1.5,1.0
cell_008,419,1.8363,90.46,21.1,1.5,1.0
cell_008,420,1.8462,90.95,21.1,1.5,1.0
cell_008,421,1.8675,92.0,21.1,1.5,1.0
cell_008,422,1.8392,90.61,21.1,1.5,1.0
cell_008,423,1.8426,90.78,21.1,1.5,1.0
cell_008,424,1.8713,92.19,21.1,1.5,1.0
cell_008,425,1.8943,93.32,21.1,1.5,1.0
cell_008,426,1.8993,93.57,21.1,1.5,1.0
cell_008,427,1.8298,90.14,21.1,1.5,1.0
cell_008,428,1.8662,91.94,21.1,1.5,1.0
cell_008,429,1.8354,90.42,21.1,1.5,1.0
cell_008,430,1.8889,93.06,21.1,1.5,1.0
cell_008,431,1.9028,93.74,21.1,1.5,1.0
cell_008,432,1.8968,93.45,21.1,1.5,1.0
cell_008,433,1.8741,92.33,21.1,1.5,1.0
cell_008,434,1.8471,91.0,21.1,1.5,1.0
cell_008,435,1.862,91.73,21.1,1.5,1.0
cell_008,436,1.8658,91.92,21.1,1.5,1.0
cell_008,437,1.9017,93.69,21.1,1.5,1.0
cell_008,438,1.8884,93.03,21.1,1.5,1.0
cell_008,439,1.8905,93.14,21.1,1.5,1.0
cell_008,440,1.8269,90.0,21.1,1.5,1.0
cell_008,441,1.898,93.5,21.1,1.5,1.0
cell_008,442,1.8839,92.81,21.1,1.5,1.0
cell_008,443,1.842,90.75,21.1,1.5,1.0
cell_008,444,1.8571,91.49,21.1,1.5,1.0
cell_008,445,1.8861,92.92,21.1,1.5,1.0
cell_008,446,1.8888,93.05,21.1,1.5,1.0
cell_008,447,1.8317,90.24,21.1,1.5,1.0
cell_008,448,1.8192,89.63,21.1,1.5,1.0
cell_008,449,1.8733,92.29,21.1,1.5,1.0
cell_008,450,1.862,91.73,21.1,1.5,1.0
cell_008,451,1.874,92.32,21.1,1.5,1.0
cell_008,452,1.8954,93.38,21.1,1.5,1.0
cell_008,453,1.8916,93.19,21.1,1.5,1.0
cell_008,454,1.8387,90.58,21.1,1.5,1.0
cell_008,455,1.8426,90.78,21.1,1.5,1.0
cell_008,456,1.8202,89.67,21.1,1.5,1.0
cell_008,457,1.8487,91.08,21.1,1.5,1.0
cell_008,458,1.8537,91.32,21.1,1.5,1.0
cell_008,459,1.8392,90.61,21.1,1.5,1.0
cell_008,460,1.872,92.22,21.1,1.5,1.0
cell_008,461,1.8357,90.44,21.1,1.5,1.0
cell_008,462,1.8902,93.12,21.1,1.5,1.0
cell_008,463,1.8602,91.64,21.1,1.5,1.0
cell_008,464,1.8394,90.62,21.1,1.5,1.0
cell_008,465,1.8447,90.88,21.1,1.5,1.0
cell_008,466,1.8651,91.89,21.1,1.5,1.0
cell_008,467,1.8404,90.67,21.1,1.5,1.0
cell_008,468,1.8438,90.84,21.1,1.5,1.0
cell_008,469,1.8468,90.98,21.1,1.5,1.0
cell_008,470,1.8452,90.9,21.1,1.5,1.0
cell_008,471,1.8829,92.76,21.1,1.5,1.0
cell_008,472,1.8614,91.7,21.1,1.5,1.0
cell_008,473,1.8866,92.94,21.1,1.5,1.0
cell_008,474,1.838,90.55,21.1,1.5,1.0
cell_008,475,1.8713,92.19,21.1,1.5,1.0
cell_008,476,1.858,91.53,21.1,1.5,1.0
cell_008,477,1.8363,90.46,21.1,1.5,1.0
cell_008,478,1.8563,91.45,21.1,1.5,1.0
cell_008,479,1.8128,89.31,21.1,1.5,1.0
cell_008,480,1.8178,89.55,21.1,1.5,1.0
cell_008,481,1.8072,89.03,21.1,1.5,1.0
cell_008,482,1.8085,89.1,21.1,1.5,1.0
cell_008,483,1.8403,90.66,21.1,1.5,1.0
cell_008,484,1.8379,90.54,21.1,1.5,1.0
cell_008,485,1.8304,90.18,21.1,1.5,1.0
cell_008,486,1.8615,91.71,21.1,1.5,1.0
cell_008,487,1.8637,91.82,21.1,1.5,1.0
cell_008,488,1.8123,89.29,21.1,1.5,1.0
cell_008,489,1.8108,89.21,21.1,1.5,1.0
cell_008,490,1.8222,89.77,21.1,1.5,1.0
cell_008,491,1.8754,92.39,21.1,1.5,1.0
cell_008,492,1.8409,90.69,21.1,1.5,1.0
cell_008,493,1.8369,90.5,21.1,1.5,1.0
cell_008,494,1.8099,89.17,21.1,1.5,1.0
cell_008,495,1.806,88.97,21.1,1.5,1.0
cell_008,496,1.8534,91.31,21.1,1.5,1.0
cell_008,497,1.8611,91.69,21.1,1.5,1.0
cell_008,498,1.8413,90.71,21.1,1.5,1.0
cell_008,499,1.8287,90.09,21.1,1.5,1.0
cell_008,500,1.7971,88.53,21.1,1.5,1.0
cell_008,501,1.7988,88.62,21.1,1.5,1.0
cell_008,502,1.7985,88.6,21.1,1.5,1.0
cell_008,503,1.8357,90.44,21.1,1.5,1.0
cell_008,504,1.866,91.93,21.1,1.5,1.0
cell_008,505,1.8611,91.69,21.1,1.5,1.0
cell_008,506,1.8668,91.97,21.1,1.5,1.0
cell_008,507,1.8361,90.46,21.1,1.5,1.0
cell_008,508,1.8024,88.8,21.1,1.5,1.0
cell_008,509,1.7996,88.66,21.1,1.5,1.0
cell_008,510,1.8224,89.78,21.1,1.5,1.0
cell_008,511,1.8379,90.54,21.1,1.5,1.0
cell_008,512,1.8677,92.01,21.1,1.5,1.0
cell_008,513,1.8581,91.54,21.1,1.5,1.0
cell_008,514,1.8,88.68,21.1,1.5,1.0
cell_008,515,1.8337,90.34,21.1,1.5,1.0
cell_008,516,1.8554,91.41,21.1,1.5,1.0
cell_008,517,1.8478,91.03,21.1,1.5,1.0
cell_008,518,1.8327,90.29,21.1,1.5,1.0
cell_008,519,1.8462,90.95,21.1,1.5,1.0
cell_008,520,1.8071,89.03,21.1,1.5,1.0
cell_008,521,1.8243,89.87,21.1,1.5,1.0
cell_008,522,1.7992,88.64,21.1,1.5,1.0
cell_008,523,1.8516,91.22,21.1,1.5,1.0
cell_008,524,1.7844,87.91,21.1,1.5,1.0
cell_008,525,1.7879,88.08,21.1,1.5,1.0
cell_008,526,1.8126,89.3,21.1,1.5,1.0
cell_008,527,1.8611,91.69,21.1,1.5,1.0
cell_008,528,1.8402,90.66,21.1,1.5,1.0
cell_008,529,1.8325,90.28,21.1,1.5,1.0
cell_008,530,1.7869,88.03,21.1,1.5,1.0
cell_008,531,1.8576,91.51,21.1,1.5,1.0
cell_008,532,1.8426,90.78,21.1,1.5,1.0
cell_008,533,1.8423,90.76,21.1,1.5,1.0
cell_008,534,1.8343,90.37,21.1,1.5,1.0
cell_008,535,1.8441,90.85,21.1,1.5,1.0
cell_008,536,1.8414,90.72,21.1,1.5,1.0
cell_008,537,1.7977,88.57,21.1,1.5,1.0
cell_008,538,1.7777,87.58,21.1,1.5,1.0
cell_008,539,1.8249,89.9,21.1,1.5,1.0
cell_008,540,1.8138,89.36,21.1,1.5,1.0
cell_008,541,1.8167,89.5,21.1,1.5,1.0
cell_008,542,1.8378,90.54,21.1,1.5,1.0
cell_008,543,1.7887,88.12,21.1,1.5,1.0
cell_008,544,1.8419,90.74,21.1,1.5,1.0
cell_008,545,1.8359,90.44,21.1,1.5,1.0
cell_008,546,1.8063,88.99,21.1,1.5,1.0
cell_008,547,1.8078,89.06,21.1,1.5,1.0
cell_008,548,1.7881,88.09,21.1,1.5,1.0
cell_008,549,1.8504,91.16,21.1,1.5,1.0
cell_008,550,1.8457,90.93,21.1,1.5,1.0
cell_008,551,1.8454,90.91,21.1,1.5,1.0
cell_008,552,1.7987,88.61,21.1,1.5,1.0
cell_008,553,1.7827,87.82,21.1,1.5,1.0
cell_008,554,1.8369,90.5,21.1,1.5,1.0
cell_008,555,1.8505,91.16,21.1,1.5,1.0
cell_008,556,1.7707,87.24,21.1,1.5,1.0
cell_008,557,1.8125,89.29,21.1,1.5,1.0
cell_008,558,1.7832,87.85,21.1,1.5,1.0
cell_008,559,1.8214,89.73,21.1,1.5,1.0
cell_008,560,1.7778,87.58,21.1,1.5,1.0
cell_008,561,1.8315,90.23,21.1,1.5,1.0
cell_008,562,1.8122,89.28,21.1,1.5,1.0
cell_008,563,1.7758,87.48,21.1,1.5,1.0
cell_008,564,1.8127,89.3,21.1,1.5,1.0
cell_008,565,1.7943,88.39,21.1,1.5,1.0
cell_008,566,1.8101,89.17,21.1,1.5,1.0
cell_008,567,1.7714,87.27,21.1,1.5,1.0
cell_008,568,1.7655,86.98,21.1,1.5,1.0
cell_008,569,1.812,89.27,21.1,1.5,1.0
cell_008,570,1.8394,90.62,21.1,1.5,1.0
cell_008,571,1.8191,89.62,21.1,1.5,1.0
cell_008,572,1.7743,87.41,21.1,1.5,1.0
cell_008,573,1.837,90.5,21.1,1.5,1.0
cell_008,574,1.7929,88.33,21.1,1.5,1.0
cell_008,575,1.8008,88.72,21.1,1.5,1.0
cell_008,576,1.8114,89.24,21.1,1.5,1.0
cell_008,577,1.816,89.46,21.1,1.5,1.0
cell_008,578,1.8204,89.68,21.1,1.5,1.0
cell_008,579,1.8215,89.74,21.1,1.5,1.0
cell_008,580,1.8019,88.77,21.1,1.5,1.0
cell_008,581,1.8018,88.76,21.1,1.5,1.0
cell_008,582,1.7879,88.08,21.1,1.5,1.0
cell_008,583,1.7618,86.8,21.1,1.5,1.0
cell_008,584,1.7985,88.6,21.1,1.5,1.0
cell_008,585,1.8185,89.59,21.1,1.5,1.0
cell_008,586,1.8369,90.49,21.1,1.5,1.0
cell_008,587,1.832,90.25,21.1,1.5,1.0
cell_008,588,1.7605,86.73,21.1,1.5,1.0
cell_008,589,1.8057,88.96,21.1,1.5,1.0
cell_008,590,1.7984,88.6,21.1,1.5,1.0
cell_008,591,1.779,87.64,21.1,1.5,1.0
cell_008,592,1.8315,90.23,21.1,1.5,1.0
cell_008,593,1.7815,87.77,21.1,1.5,1.0
cell_008,594,1.7794,87.66,21.1,1.5,1.0
cell_008,595,1.8203,89.68,21.1,1.5,1.0
cell_008,596,1.8262,89.97,21.1,1.5,1.0
cell_008,597,1.788,88.09,21.1,1.5,1.0
cell_008,598,1.7645,86.93,21.1,1.5,1.0
cell_008,599,1.8317,90.24,21.1,1.5,1.0
cell_008,600,1.8152,89.42,21.1,1.5,1.0
cell_008,601,1.8283,90.07,21.1,1.5,1.0
cell_008,602,1.8173,89.53,21.1,1.5,1.0
cell_008,603,1.8202,89.67,21.1,1.5,1.0
cell_008,604,1.756,86.51,21.1,1.5,1.0
cell_008,605,1.7613,86.77,21.1,1.5,1.0
cell_008,606,1.7578,86.6,21.1,1.5,1.0
cell_008,607,1.7945,88.4,21.1,1.5,1.0
cell_008,608,1.7768,87.53,21.1,1.5,1.0
cell_008,609,1.7651,86.96,21.1,1.5,1.0
cell_008,610,1.7552,86.47,21.1,1.5,1.0
cell_008,611,1.7916,88.26,21.1,1.5,1.0
cell_008,612,1.7606,86.74,21.1,1.5,1.0
cell_008,613,1.7963,88.5,21.1,1.5,1.0
cell_008,614,1.759,86.66,21.1,1.5,1.0
cell_008,615,1.7879,88.08,21.1,1.5,1.0
cell_008,616,1.8153,89.43,21.1,1.5,1.0
cell_008,617,1.7499,86.21,21.1,1.5,1.0
cell_008,618,1.8054,88.94,21.1,1.5,1.0
cell_008,619,1.7582,86.62,21.1,1.5,1.0
cell_008,620,1.7551,86.47,21.1,1.5,1.0
cell_008,621,1.77,87.2,21.1,1.5,1.0
cell_008,622,1.7795,87.67,21.1,1.5,1.0
cell_008,623,1.7448,85.96,21.1,1.5,1.0
cell_008,624,1.7793,87.66,21.1,1.5,1.0
cell_008,625,1.7645,86.93,21.1,1.5,1.0
cell_008,626,1.7457,86.0,21.1,1.5,1.0
cell_008,627,1.7511,86.27,21.1,1.5,1.0
cell_008,628,1.8147,89.4,21.1,1.5,1.0
cell_008,629,1.8054,88.94,21.1,1.5,1.0
cell_008,630,1.8091,89.13,21.1,1.5,1.0
cell_008,631,1.7816,87.77,21.1,1.5,1.0
cell_008,632,1.7544,86.43,21.1,1.5,1.0
cell_008,633,1.8034,88.84,21.1,1.5,1.0
cell_008,634,1.8085,89.1,21.1,1.5,1.0
cell_008,635,1.7935,88.36,21.1,1.5,1.0
cell_008,636,1.7544,86.43,21.1,1.5,1.0
cell_008,637,1.8022,88.79,21.1,1.5,1.0
cell_008,638,1.7858,87.98,21.1,1.5,1.0
cell_008,639,1.7753,87.46,21.1,1.5,1.0
cell_008,640,1.773,87.35,21.1,1.5,1.0
cell_008,641,1.7887,88.12,21.1,1.5,1.0
cell_008,642,1.7719,87.29,21.1,1.5,1.0
cell_008,643,1.8093,89.13,21.1,1.5,1.0
cell_008,644,1.7741,87.4,21.1,1.5,1.0
cell_008,645,1.8086,89.1,21.1,1.5,1.0
cell_008,646,1.7717,87.28,21.1,1.5,1.0
cell_008,647,1.8056,88.95,21.1,1.5,1.0
cell_008,648,1.779,87.64,21.1,1.5,1.0
cell_008,649,1.7502,86.22,21.1,1.5,1.0
cell_008,650,1.7667,87.04,21.1,1.5,1.0
cell_008,651,1.7366,85.55,21.1,1.5,1.0
cell_008,652,1.7512,86.27,21.1,1.5,1.0
cell_008,653,1.7603,86.72,21.1,1.5,1.0
cell_008,654,1.7898,88.17,21.1,1.5,1.0
cell_008,655,1.7412,85.78,21.1,1.5,1.0
cell_008,656,1.7476,86.09,21.1,1.5,1.0
cell_008,657,1.806,88.97,21.1,1.5,1.0
cell_008,658,1.7451,85.97,21.1,1.5,1.0
cell_008,659,1.7633,86.87,21.1,1.5,1.0
cell_008,660,1.7692,87.16,21.1,1.5,1.0
cell_008,661,1.7289,85.17,21.1,1.5,1.0
cell_008,662,1.8032,88.84,21.1,1.5,1.0
cell_008,663,1.7416,85.8,21.1,1.5,1.0
cell_008,664,1.7967,88.52,21.1,1.5,1.0
cell_008,665,1.7386,85.65,21.1,1.5,1.0
cell_008,666,1.7465,86.04,21.1,1.5,1.0
cell_008,667,1.7879,88.08,21.1,1.5,1.0
cell_008,668,1.7865,88.01,21.1,1.5,1.0
cell_008,669,1.7401,85.73,21.1,1.5,1.0
cell_008,670,1.7246,84.96,21.1,1.5,1.0
cell_008,671,1.7903,88.2,21.1,1.5,1.0
cell_008,672,1.7598,86.7,21.1,1.5,1.0
cell_008,673,1.745,85.97,21.1,1.5,1.0
cell_008,674,1.7639,86.9,21.1,1.5,1.0
cell_008,675,1.7428,85.86,21.1,1.5,1.0
cell_008,676,1.7911,88.24,21.1,1.5,1.0
cell_008,677,1.7514,86.28,21.1,1.5,1.0
cell_008,678,1.7555,86.49,21.1,1.5,1.0
cell_008,679,1.7213,84.8,21.1,1.5,1.0
cell_008,680,1.727,85.08,21.1,1.5,1.0
cell_008,681,1.7803,87.71,21.1,1.5,1.0
cell_008,682,1.7307,85.26,21.1,1.5,1.0
cell_008,683,1.7612,86.77,21.1,1.5,1.0
cell_008,684,1.7573,86.57,21.1,1.5,1.0
cell_008,685,1.7338,85.42,21.1,1.5,1.0
cell_008,686,1.7412,85.78,21.1,1.5,1.0
cell_008,687,1.7514,86.28,21.1,1.5,1.0
cell_008,688,1.7918,88.27,21.1,1.5,1.0
cell_008,689,1.7628,86.85,21.1,1.5,1.0
cell_008,690,1.7246,84.96,21.1,1.5,1.0
cell_008,691,1.7484,86.14,21.1,1.5,1.0
cell_008,692,1.7538,86.4,21.1,1.5,1.0
cell_008,693,1.7653,86.97,21.1,1.5,1.0
cell_008,694,1.7727,87.33,21.1,1.5,1.0
cell_008,695,1.7258,85.02,21.1,1.5,1.0
cell_008,696,1.7866,88.02,21.1,1.5,1.0
cell_008,697,1.7858,87.98,21.1,1.5,1.0
cell_008,698,1.7621,86.81,21.1,1.5,1.0
cell_008,699,1.7168,84.58,21.1,1.5,1.0
cell_008,700,1.7712,87.26,21.1,1.5,1.0
cell_008,701,1.7481,86.12,21.1,1.5,1.0
cell_008,702,1.7671,87.06,21.1,1.5,1.0
cell_008,703,1.7247,84.97,21.1,1.5,1.0
cell_008,704,1.7519,86.31,21.1,1.5,1.0
cell_008,705,1.7393,85.69,21.1,1.5,1.0
cell_008,706,1.7641,86.91,21.1,1.5,1.0
cell_008,707,1.7778,87.59,21.1,1.5,1.0
cell_008,708,1.7601,86.71,21.1,1.5,1.0
cell_008,709,1.7445,85.94,21.1,1.5,1.0
cell_008,710,1.7512,86.27,21.1,1.5,1.0
cell_008,711,1.777,87.55,21.1,1.5,1.0
cell_008,712,1.7278,85.12,21.1,1.5,1.0
cell_008,713,1.7187,84.67,21.1,1.5,1.0
cell_008,714,1.7195,84.71,21.1,1.5,1.0
cell_008,715,1.7057,84.03,21.1,1.5,1.0
cell_008,716,1.7676,87.08,21.1,1.5,1.0
cell_008,717,1.7052,84.01,21.1,1.5,1.0
cell_008,718,1.7219,84.83,21.1,1.5,1.0
cell_008,719,1.7305,85.25,21.1,1.5,1.0
cell_008,720,1.7355,85.5,21.1,1.5,1.0
cell_008,721,1.7529,86.36,21.1,1.5,1.0
cell_008,722,1.7715,87.27,21.1,1.5,1.0
cell_008,723,1.705,84.0,21.1,1.5,1.0
cell_008,724,1.7114,84.31,21.1,1.5,1.0
cell_008,725,1.7526,86.34,21.1,1.5,1.0
cell_008,726,1.7501,86.22,21.1,1.5,1.0
cell_008,727,1.7588,86.65,21.1,1.5,1.0
cell_008,728,1.7614,86.77,21.1,1.5,1.0
cell_008,729,1.7573,86.57,21.1,1.5,1.0
cell_008,730,1.7455,85.99,21.1,1.5,1.0
cell_008,731,1.6989,83.7,21.1,1.5,1.0
cell_008,732,1.7252,84.99,21.1,1.5,1.0
cell_008,733,1.7543,86.42,21.1,1.5,1.0
cell_008,734,1.7009,83.79,21.1,1.5,1.0
cell_008,735,1.7005,83.78,21.1,1.5,1.0
cell_008,736,1.7252,84.99,21.1,1.5,1.0
cell_008,737,1.7202,84.75,21.1,1.5,1.0
cell_008,738,1.7068,84.09,21.1,1.5,1.0
cell_008,739,1.7461,86.02,21.1,1.5,1.0
cell_008,740,1.7253,85.0,21.1,1.5,1.0
cell_008,741,1.7342,85.44,21.1,1.5,1.0
cell_008,742,1.7229,84.88,21.1,1.5,1.0
cell_008,743,1.7387,85.66,21.1,1.5,1.0
cell_008,744,1.7437,85.91,21.1,1.5,1.0
cell_008,745,1.7613,86.77,21.1,1.5,1.0
cell_008,746,1.6858,83.05,21.1,1.5,1.0
cell_008,747,1.7041,83.95,21.1,1.5,1.0
cell_008,748,1.737,85.57,21.1,1.5,1.0
cell_008,749,1.6882,83.17,21.1,1.5,1.0
cell_008,750,1.7462,86.02,21.1,1.5,1.0
cell_008,751,1.7155,84.51,21.1,1.5,1.0
cell_008,752,1.6915,83.33,21.1,1.5,1.0
cell_008,753,1.697,83.6,21.1,1.5,1.0
cell_008,754,1.7136,84.42,21.1,1.5,1.0
cell_008,755,1.7128,84.38,21.1,1.5,1.0
cell_008,756,1.7575,86.58,21.1,1.5,1.0
cell_008,757,1.6872,83.12,21.1,1.5,1.0
cell_008,758,1.7556,86.49,21.1,1.5,1.0
cell_008,759,1.6831,82.92,21.1,1.5,1.0
cell_008,760,1.705,84.0,21.1,1.5,1.0
cell_008,761,1.7509,86.26,21.1,1.5,1.0
cell_008,762,1.7483,86.13,21.1,1.5,1.0
cell_008,763,1.719,84.68,21.1,1.5,1.0
cell_008,764,1.7032,83.91,21.1,1.5,1.0
cell_008,765,1.6973,83.62,21.1,1.5,1.0
cell_008,766,1.7171,84.59,21.1,1.5,1.0
cell_008,767,1.6952,83.51,21.1,1.5,1.0
cell_008,768,1.7426,85.85,21.1,1.5,1.0
cell_008,769,1.6784,82.69,21.1,1.5,1.0
cell_008,770,1.718,84.64,21.1,1.5,1.0
cell_008,771,1.7474,86.09,21.1,1.5,1.0
cell_008,772,1.7117,84.33,21.1,1.5,1.0
cell_008,773,1.6871,83.11,21.1,1.5,1.0
cell_008,774,1.75,86.21,21.1,1.5,1.0
cell_008,775,1.7268,85.07,21.1,1.5,1.0
cell_008,776,1.6953,83.52,21.1,1.5,1.0
cell_008,777,1.6844,82.98,21.1,1.5,1.0
cell_008,778,1.6929,83.4,21.1,1.5,1.0
cell_008,779,1.7492,86.17,21.1,1.5,1.0
cell_008,780,1.7037,83.93,21.1,1.5,1.0
cell_008,781,1.7084,84.17,21.1,1.5,1.0
cell_008,782,1.7461,86.02,21.1,1.5,1.0
cell_008,783,1.6713,82.34,21.1,1.5,1.0
cell_008,784,1.6835,82.94,21.1,1.5,1.0
cell_008,785,1.7236,84.92,21.1,1.5,1.0
cell_008,786,1.722,84.83,21.1,1.5,1.0
cell_008,787,1.6953,83.52,21.1,1.5,1.0
cell_008,788,1.7329,85.37,21.1,1.5,1.0
cell_008,789,1.705,84.0,21.1,1.5,1.0
cell_008,790,1.6867,83.1,21.1,1.5,1.0
cell_008,791,1.7305,85.25,21.1,1.5,1.0
cell_008,792,1.691,83.3,21.1,1.5,1.0
cell_008,793,1.7182,84.65,21.1,1.5,1.0
cell_008,794,1.6826,82.89,21.1,1.5,1.0
cell_008,795,1.7348,85.46,21.1,1.5,1.0
cell_008,796,1.7127,84.38,21.1,1.5,1.0
cell_008,797,1.6714,82.34,21.1,1.5,1.0
cell_008,798,1.7059,84.04,21.1,1.5,1.0
cell_008,799,1.7045,83.97,21.1,1.5,1.0
cell_008,800,1.6857,83.04,21.1,1.5,1.0
cell_009,1,2.0158,100.09,28.1,0.5,1.0
cell_009,2,2.013,99.96,28.1,0.5,1.0
cell_009,3,2.0503,101.81,28.1,0.5,1.0
cell_009,4,2.0326,100.93,28.1,0.5,1.0
cell_009,5,1.9802,98.33,28.1,0.5,1.0
cell_009,6,2.0105,99.83,28.1,0.5,1.0
cell_009,7,2.0194,100.27,28.1,0.5,1.0
cell_009,8,2.0356,101.08,28.1,0.5,1.0
cell_009,9,2.0495,101.77,28.1,0.5,1.0
cell_009,10,1.9769,98.16,28.1,0.5,1.0
cell_009,11,2.039,101.25,28.1,0.5,1.0
cell_009,12,2.0289,100.75,28.1,0.5,1.0
cell_009,13,1.9849,98.56,28.1,0.5,1.0
cell_009,14,2.0096,99.79,28.1,0.5,1.0
cell_009,15,1.9822,98.43,28.1,0.5,1.0
cell_009,16,2.0285,100.73,28.1,0.5,1.0
cell_009,17,1.9755,98.1,28.1,0.5,1.0
cell_009,18,1.9763,98.13,28.1,0.5,1.0
cell_009,19,1.9795,98.29,28.1,0.5,1.0
cell_009,20,2.0141,100.01,28.1,0.5,1.0
cell_009,21,1.9887,98.75,28.1,0.5,1.0
cell_009,22,1.9752,98.08,28.1,0.5,1.0
cell_009,23,2.0102,99.82,28.1,0.5,1.0
cell_009,24,2.0358,101.09,28.1,0.5,1.0
cell_009,25,2.0271,100.65,28.1,0.5,1.0
cell_009,26,2.0428,101.44,28.1,0.5,1.0
cell_009,27,2.0288,100.74,28.1,0.5,1.0
cell_009,28,1.9962,99.12,28.1,0.5,1.0
cell_009,29,2.0153,100.07,28.1,0.5,1.0
cell_009,30,1.978,98.22,28.1,0.5,1.0
cell_009,31,1.9913,98.88,28.1,0.5,1.0
cell_009,32,2.0048,99.55,28.1,0.5,1.0
cell_009,33,2.0288,100.74,28.1,0.5,1.0
cell_009,34,1.9964,99.13,28.1,0.5,1.0
cell_009,35,2.0424,101.42,28.1,0.5,1.0
cell_009,36,2.0105,99.83,28.1,0.5,1.0
cell_009,37,2.0061,99.62,28.1,0.5,1.0
cell_009,38,2.0047,99.55,28.1,0.5,1.0
cell_009,39,1.9883,98.73,28.1,0.5,1.0
cell_009,40,1.9799,98.31,28.1,0.5,1.0
cell_009,41,2.0007,99.34,28.1,0.5,1.0
cell_009,42,2.0306,100.83,28.1,0.5,1.0
cell_009,43,1.9938,99.0,28.1,0.5,1.0
cell_009,44,1.9628,97.47,28.1,0.5,1.0
cell_009,45,2.0402,101.31,28.1,0.5,1.0
cell_009,46,2.0176,100.18,28.1,0.5,1.0
cell_009,47,2.016,100.11,28.1,0.5,1.0
cell_009,48,2.0246,100.53,28.1,0.5,1.0
cell_009,49,1.9591,97.28,28.1,0.5,1.0
cell_009,50,1.9806,98.35,28.1,0.5,1.0
cell_009,51,1.9791,98.27,28.1,0.5,1.0
cell_009,52,1.9947,99.05,28.1,0.5,1.0
cell_009,53,1.9956,99.09,28.1,0.5,1.0
cell_009,54,2.0067,99.65,28.1,0.5,1.0
cell_009,55,1.9923,98.93,28.1,0.5,1.0
cell_009,56,2.0331,100.95,28.1,0.5,1.0
cell_009,57,2.0018,99.4,28.1,0.5,1.0
cell_009,58,2.0046,99.54,28.1,0.5,1.0
cell_009,59,1.9947,99.05,28.1,0.5,1.0
cell_009,60,2.0189,100.25,28.1,0.5,1.0
cell_009,61,2.0219,100.4,28.1,0.5,1.0
cell_009,62,1.9966,99.14,28.1,0.5,1.0
cell_009,63,1.9608,97.36,28.1,0.5,1.0
cell_009,64,1.9668,97.66,28.1,0.5,1.0
cell_009,65,1.9781,98.23,28.1,0.5,1.0
cell_009,66,2.0298,100.79,28.1,0.5,1.0
cell_009,67,1.9935,98.99,28.1,0.5,1.0
cell_009,68,1.9954,99.08,28.1,0.5,1.0
cell_009,69,1.9611,97.38,28.1,0.5,1.0
cell_009,70,1.955,97.08,28.1,0.5,1.0
cell_009,71,1.9584,97.24,28.1,0.5,1.0
cell_009,72,1.9576,97.21,28.1,0.5,1.0
cell_009,73,2.0026,99.44,28.1,0.5,1.0
cell_009,74,1.9706,97.85,28.1,0.5,1.0
cell_009,75,2.008,99.71,28.1,0.5,1.0
cell_009,76,1.9855,98.59,28.1,0.5,1.0
cell_009,77,1.9911,98.87,28.1,0.5,1.0
cell_009,78,1.9806,98.35,28.1,0.5,1.0
cell_009,79,2.0233,100.47,28.1,0.5,1.0
cell_009,80,1.9873,98.68,28.1,0.5,1.0
cell_009,81,2.0103,99.82,28.1,0.5,1.0
cell_009,82,1.9973,99.18,28.1,0.5,1.0
cell_009,83,1.9669,97.67,28.1,0.5,1.0
cell_009,84,1.9492,96.79,28.1,0.5,1.0
cell_009,85,2.0229,100.45,28.1,0.5,1.0
cell_009,86,2.0117,99.89,28.1,0.5,1.0
cell_009,87,2.001,99.36,28.1,0.5,1.0
cell_009,88,1.9507,96.86,28.1,0.5,1.0
cell_009,89,2.0144,100.03,28.1,0.5,1.0
cell_009,90,1.9733,97.98,28.1,0.5,1.0
cell_009,91,1.9726,97.95,28.1,0.5,1.0
cell_009,92,1.9477,96.72,28.1,0.5,1.0
cell_009,93,2.0045,99.54,28.1,0.5,1.0
cell_009,94,1.9445,96.55,28.1,0.5,1.0
cell_009,95,1.9925,98.94,28.1,0.5,1.0
cell_009,96,2.0119,99.9,28.1,0.5,1.0
cell_009,97,1.9644,97.55,28.1,0.5,1.0
cell_009,98,1.9919,98.91,28.1,0.5,1.0
cell_009,99,1.9517,96.91,28.1,0.5,1.0
cell_009,100,1.9486,96.76,28.1,0.5,1.0
cell_009,101,2.0197,100.29,28.1,0.5,1.0
cell_009,102,2.0078,99.7,28.1,0.5,1.0
cell_009,103,1.9551,97.08,28.1,0.5,1.0
cell_009,104,2.0155,100.08,28.1,0.5,1.0
cell_009,105,1.9746,98.05,28.1,0.5,1.0
cell_009,106,2.018,100.2,28.1,0.5,1.0
cell_009,107,1.9734,97.99,28.1,0.5,1.0
cell_009,108,1.9597,97.31,28.1,0.5,1.0
cell_009,109,1.9627,97.46,28.1,0.5,1.0
cell_009,110,1.9582,97.24,28.1,0.5,1.0
cell_009,111,1.9417,96.41,28.1,0.5,1.0
cell_009,112,1.9677,97.71,28.1,0.5,1.0
cell_009,113,2.0048,99.55,28.1,0.5,1.0
cell_009,114,1.9698,97.81,28.1,0.5,1.0
cell_009,115,1.9405,96.36,28.1,0.5,1.0
cell_009,116,2.0107,99.84,28.1,0.5,1.0
cell_009,117,1.9363,96.15,28.1,0.5,1.0
cell_009,118,1.9603,97.34,28.1,0.5,1.0
cell_009,119,1.9844,98.54,28.1,0.5,1.0
cell_009,120,1.9776,98.2,28.1,0.5,1.0
cell_009,121,2.0021,99.42,28.1,0.5,1.0
cell_009,122,1.939,96.28,28.1,0.5,1.0
cell_009,123,1.9953,99.08,28.1,0.5,1.0
cell_009,124,2.0044,99.53,28.1,0.5,1.0
cell_009,125,1.9481,96.74,28.1,0.5,1.0
cell_009,126,1.968,97.72,28.1,0.5,1.0
cell_009,127,1.9861,98.62,28.1,0.5,1.0
cell_009,128,1.9521,96.93,28.1,0.5,1.0
cell_009,129,2.0008,99.35,28.1,0.5,1.0
cell_009,130,1.9698,97.81,28.1,0.5,1.0
cell_009,131,1.9626,97.45,28.1,0.5,1.0
cell_009,132,1.9909,98.86,28.1,0.5,1.0
cell_009,133,1.9446,96.56,28.1,0.5,1.0
cell_009,134,1.9366,96.16,28.1,0.5,1.0
cell_009,135,1.9669,97.67,28.1,0.5,1.0
cell_009,136,1.9425,96.46,28.1,0.5,1.0
cell_009,137,1.9892,98.77,28.1,0.5,1.0
cell_009,138,1.9702,97.83,28.1,0.5,1.0
cell_009,139,1.9636,97.5,28.1,0.5,1.0
cell_009,140,1.9498,96.82,28.1,0.5,1.0
cell_009,141,1.9294,95.81,28.1,0.5,1.0
cell_009,142,1.9282,95.74,28.1,0.5,1.0
cell_009,143,1.9769,98.16,28.1,0.5,1.0
cell_009,144,1.9377,96.22,28.1,0.5,1.0
cell_009,145,1.9943,99.03,28.1,0.5,1.0
cell_009,146,1.9818,98.41,28.1,0.5,1.0
cell_009,147,1.9826,98.44,28.1,0.5,1.0
cell_009,148,1.9481,96.74,28.1,0.5,1.0
cell_009,149,1.941,96.38,28.1,0.5,1.0
cell_009,150,1.9408,96.37,28.1,0.5,1.0
cell_009,151,1.9804,98.34,28.1,0.5,1.0
cell_009,152,1.9357,96.12,28.1,0.5,1.0
cell_009,153,1.9609,97.37,28.1,0.5,1.0
cell_009,154,1.9447,96.56,28.1,0.5,1.0
cell_009,155,1.9707,97.86,28.1,0.5,1.0
cell_009,156,1.9675,97.7,28.1,0.5,1.0
cell_009,157,1.9976,99.19,28.1,0.5,1.0
cell_009,158,1.9922,98.92,28.1,0.5,1.0
cell_009,159,1.9956,99.09,28.1,0.5,1.0
cell_009,160,1.9395,96.31,28.1,0.5,1.0
cell_009,161,1.9264,95.66,28.1,0.5,1.0
cell_009,162,1.9215,95.41,28.1,0.5,1.0
cell_009,163,1.9364,96.15,28.1,0.5,1.0
cell_009,164,1.9715,97.89,28.1,0.5,1.0
cell_009,165,1.9609,97.37,28.1,0.5,1.0
cell_009,166,1.9306,95.86,28.1,0.5,1.0
cell_009,167,1.977,98.17,28.1,0.5,1.0
cell_009,168,1.9183,95.25,28.1,0.5,1.0
cell_009,169,1.9536,97.01,28.1,0.5,1.0
cell_009,170,1.9816,98.4,28.1,0.5,1.0
cell_009,171,1.93,95.84,28.1,0.5,1.0
cell_009,172,1.9669,97.67,28.1,0.5,1.0
cell_009,173,1.9599,97.32,28.1,0.5,1.0
cell_009,174,1.9911,98.87,28.1,0.5,1.0
cell_009,175,1.9175,95.21,28.1,0.5,1.0
cell_009,176,1.9904,98.84,28.1,0.5,1.0
cell_009,177,1.9866,98.65,28.1,0.5,1.0
cell_009,178,1.9842,98.53,28.1,0.5,1.0
cell_009,179,1.9144,95.06,28.1,0.5,1.0
cell_009,180,1.9887,98.75,28.1,0.5,1.0
cell_009,181,1.9345,96.06,28.1,0.5,1.0
cell_009,182,1.9746,98.05,28.1,0.5,1.0
cell_009,183,1.9378,96.22,28.1,0.5,1.0
cell_009,184,1.9765,98.14,28.1,0.5,1.0
cell_009,185,1.9615,97.4,28.1,0.5,1.0
cell_009,186,1.9835,98.49,28.1,0.5,1.0
cell_009,187,1.9701,97.83,28.1,0.5,1.0
cell_009,188,1.9494,96.8,28.1,0.5,1.0
cell_009,189,1.9844,98.54,28.1,0.5,1.0
cell_009,190,1.9439,96.53,28.1,0.5,1.0
cell_009,191,1.9698,97.81,28.1,0.5,1.0
cell_009,192,1.9316,95.92,28.1,0.5,1.0
cell_009,193,1.9432,96.49,28.1,0.5,1.0
cell_009,194,1.9333,96.0,28.1,0.5,1.0
cell_009,195,1.9578,97.22,28.1,0.5,1.0
cell_009,196,1.9373,96.2,28.1,0.5,1.0
cell_009,197,1.9676,97.7,28.1,0.5,1.0
cell_009,198,1.9196,95.32,28.1,0.5,1.0
cell_009,199,1.93,95.83,28.1,0.5,1.0
cell_009,200,1.9388,96.27,28.1,0.5,1.0
cell_009,201,1.9774,98.19,28.1,0.5,1.0
cell_009,202,1.9349,96.08,28.1,0.5,1.0
cell_009,203,1.9047,94.58,28.1,0.5,1.0
cell_009,204,1.9771,98.17,28.1,0.5,1.0
cell_009,205,1.9042,94.55,28.1,0.5,1.0
cell_009,206,1.9736,98.0,28.1,0.5,1.0
cell_009,207,1.957,97.17,28.1,0.5,1.0
cell_009,208,1.9726,97.95,28.1,0.5,1.0
cell_009,209,1.9179,95.23,28.1,0.5,1.0
cell_009,210,1.9333,96.0,28.1,0.5,1.0
cell_009,211,1.944,96.53,28.1,0.5,1.0
cell_009,212,1.9282,95.75,28.1,0.5,1.0
cell_009,213,1.9633,97.49,28.1,0.5,1.0
cell_009,214,1.96,97.33,28.1,0.5,1.0
cell_009,215,1.9232,95.5,28.1,0.5,1.0
cell_009,216,1.9412,96.39,28.1,0.5,1.0
cell_009,217,1.8991,94.3,28.1,0.5,1.0
cell_009,218,1.9145,95.06,28.1,0.5,1.0
cell_009,219,1.9566,97.15,28.1,0.5,1.0
cell_009,220,1.9481,96.74,28.1,0.5,1.0
cell_009,221,1.9732,97.98,28.1,0.5,1.0
cell_009,222,1.9741,98.03,28.1,0.5,1.0
cell_009,223,1.9316,95.92,28.1,0.5,1.0
cell_009,224,1.9032,94.51,28.1,0.5,1.0
cell_009,225,1.9507,96.86,28.1,0.5,1.0
cell_009,226,1.9051,94.6,28.1,0.5,1.0
cell_009,227,1.9127,94.98,28.1,0.5,1.0
cell_009,228,1.8932,94.01,28.1,0.5,1.0
cell_009,229,1.96,97.33,28.1,0.5,1.0
cell_009,230,1.9218,95.43,28.1,0.5,1.0
cell_009,231,1.904,94.55,28.1,0.5,1.0
cell_009,232,1.894,94.05,28.1,0.5,1.0
cell_009,233,1.96,97.32,28.1,0.5,1.0
cell_009,234,1.9492,96.79,28.1,0.5,1.0
cell_009,235,1.9529,96.97,28.1,0.5,1.0
cell_009,236,1.92,95.34,28.1,0.5,1.0
cell_009,237,1.9437,96.52,28.1,0.5,1.0
cell_009,238,1.9019,94.44,28.1,0.5,1.0
cell_009,239,1.965,97.57,28.1,0.5,1.0
cell_009,240,1.9035,94.52,28.1,0.5,1.0
cell_009,241,1.9011,94.4,28.1,0.5,1.0
cell_009,242,1.9241,95.54,28.1,0.5,1.0
cell_009,243,1.9524,96.95,28.1,0.5,1.0
cell_009,244,1.9586,97.26,28.1,0.5,1.0
cell_009,245,1.9176,95.22,28.1,0.5,1.0
cell_009,246,1.947,96.68,28.1,0.5,1.0
cell_009,247,1.95,96.83,28.1,0.5,1.0
cell_009,248,1.9422,96.44,28.1,0.5,1.0
cell_009,249,1.8981,94.25,28.1,0.5,1.0
cell_009,250,1.8877,93.74,28.1,0.5,1.0
cell_009,251,1.9361,96.14,28.1,0.5,1.0
cell_009,252,1.953,96.98,28.1,0.5,1.0
cell_009,253,1.9427,96.47,28.1,0.5,1.0
cell_009,254,1.9192,95.3,28.1,0.5,1.0
cell_009,255,1.9364,96.15,28.1,0.5,1.0
cell_009,256,1.8989,94.29,28.1,0.5,1.0
cell_009,257,1.9205,95.37,28.1,0.5,1.0
cell_009,258,1.94,96.33,28.1,0.5,1.0
cell_009,259,1.9064,94.66,28.1,0.5,1.0
cell_009,260,1.8924,93.97,28.1,0.5,1.0
cell_009,261,1.8903,93.87,28.1,0.5,1.0
cell_009,262,1.9163,95.16,28.1,0.5,1.0
cell_009,263,1.9095,94.82,28.1,0.5,1.0
cell_009,264,1.9042,94.56,28.1,0.5,1.0
cell_009,265,1.9137,95.03,28.1,0.5,1.0
cell_009,266,1.9383,96.25,28.1,0.5,1.0
cell_009,267,1.9436,96.51,28.1,0.5,1.0
cell_009,268,1.9263,95.65,28.1,0.5,1.0
cell_009,269,1.9413,96.4,28.1,0.5,1.0
cell_009,270,1.8903,93.86,28.1,0.5,1.0
cell_009,271,1.889,93.8,28.1,0.5,1.0
cell_009,272,1.9037,94.53,28.1,0.5,1.0
cell_009,273,1.882,93.45,28.1,0.5,1.0
cell_009,274,1.9166,95.17,28.1,0.5,1.0
cell_009,275,1.8994,94.31,28.1,0.5,1.0
cell_009,276,1.8865,93.68,28.1,0.5,1.0
cell_009,277,1.9217,95.42,28.1,0.5,1.0
cell_009,278,1.8783,93.27,28.1,0.5,1.0
cell_009,279,1.925,95.59,28.1,0.5,1.0
cell_009,280,1.9302,95.85,28.1,0.5,1.0
cell_009,281,1.88,93.35,28.1,0.5,1.0
cell_009,282,1.9361,96.14,28.1,0.5,1.0
cell_009,283,1.9104,94.86,28.1,0.5,1.0
cell_009,284,1.8688,92.8,28.1,0.5,1.0
cell_009,285,1.8984,94.26,28.1,0.5,1.0
cell_009,286,1.879,93.31,28.1,0.5,1.0
cell_009,287,1.8925,93.97,28.1,0.5,1.0
cell_009,288,1.9057,94.63,28.1,0.5,1.0
cell_009,289,1.9461,96.63,28.1,0.5,1.0
cell_009,290,1.937,96.19,28.1,0.5,1.0
cell_009,291,1.8925,93.97,28.1,0.5,1.0
cell_009,292,1.8705,92.88,28.1,0.5,1.0
cell_009,293,1.9427,96.46,28.1,0.5,1.0
cell_009,294,1.9405,96.36,28.1,0.5,1.0
cell_009,295,1.9139,95.04,28.1,0.5,1.0
cell_009,296,1.9229,95.48,28.1,0.5,1.0
cell_009,297,1.8836,93.53,28.1,0.5,1.0
cell_009,298,1.868,92.76,28.1,0.5,1.0
cell_009,299,1.8859,93.64,28.1,0.5,1.0
cell_009,300,1.8777,93.24,28.1,0.5,1.0
cell_009,301,1.9164,95.16,28.1,0.5,1.0
cell_009,302,1.8733,93.02,28.1,0.5,1.0
cell_009,303,1.8716,92.94,28.1,0.5,1.0
cell_009,304,1.9144,95.06,28.1,0.5,1.0
cell_009,305,1.8916,93.93,28.1,0.5,1.0
cell_009,306,1.9026,94.47,28.1,0.5,1.0
cell_009,307,1.9268,95.68,28.1,0.5,1.0
cell_009,308,1.8939,94.04,28.1,0.5,1.0
cell_009,309,1.8862,93.66,28.1,0.5,1.0
cell_009,310,1.9257,95.62,28.1,0.5,1.0
cell_009,311,1.9215,95.41,28.1,0.5,1.0
cell_009,312,1.9093,94.81,28.1,0.5,1.0
cell_009,313,1.8978,94.24,28.1,0.5,1.0
cell_009,314,1.8946,94.08,28.1,0.5,1.0
cell_009,315,1.8566,92.19,28.1,0.5,1.0
cell_009,316,1.8731,93.01,28.1,0.5,1.0
cell_009,317,1.8819,93.45,28.1,0.5,1.0
cell_009,318,1.8553,92.13,28.1,0.5,1.0
cell_009,319,1.8674,92.73,28.1,0.5,1.0
cell_009,320,1.8986,94.28,28.1,0.5,1.0
cell_009,321,1.8546,92.09,28.1,0.5,1.0
cell_009,322,1.8813,93.42,28.1,0.5,1.0
cell_009,323,1.9247,95.57,28.1,0.5,1.0
cell_009,324,1.8927,93.98,28.1,0.5,1.0
cell_009,325,1.8633,92.52,28.1,0.5,1.0
cell_009,326,1.8957,94.13,28.1,0.5,1.0
cell_009,327,1.8716,92.93,28.1,0.5,1.0
cell_009,328,1.8615,92.44,28.1,0.5,1.0
cell_009,329,1.9062,94.65,28.1,0.5,1.0
cell_009,330,1.9101,94.85,28.1,0.5,1.0
cell_009,331,1.8743,93.07,28.1,0.5,1.0
cell_009,332,1.8883,93.76,28.1,0.5,1.0
cell_009,333,1.9071,94.7,28.1,0.5,1.0
cell_009,334,1.8688,92.8,28.1,0.5,1.0
cell_009,335,1.8781,93.26,28.1,0.5,1.0
cell_009,336,1.8843,93.57,28.1,0.5,1.0
cell_009,337,1.9253,95.6,28.1,0.5,1.0
cell_009,338,1.8808,93.39,28.1,0.5,1.0
cell_009,339,1.8664,92.68,28.1,0.5,1.0
cell_009,340,1.8899,93.84,28.1,0.5,1.0
cell_009,341,1.8671,92.71,28.1,0.5,1.0
cell_009,342,1.9235,95.51,28.1,0.5,1.0
cell_009,343,1.8465,91.69,28.1,0.5,1.0
cell_009,344,1.9075,94.72,28.1,0.5,1.0
cell_009,345,1.8776,93.23,28.1,0.5,1.0
cell_009,346,1.8574,92.23,28.1,0.5,1.0
cell_009,347,1.8915,93.92,28.1,0.5,1.0
cell_009,348,1.9016,94.43,28.1,0.5,1.0
cell_009,349,1.8662,92.67,28.1,0.5,1.0
cell_009,350,1.8516,91.94,28.1,0.5,1.0
cell_009,351,1.8746,93.08,28.1,0.5,1.0
cell_009,352,1.9157,95.12,28.1,0.5,1.0
cell_009,353,1.9095,94.82,28.1,0.5,1.0
cell_009,354,1.8556,92.14,28.1,0.5,1.0
cell_009,355,1.8658,92.65,28.1,0.5,1.0
cell_009,356,1.9088,94.78,28.1,0.5,1.0
cell_009,357,1.9068,94.68,28.1,0.5,1.0
cell_009,358,1.8876,93.73,28.1,0.5,1.0
cell_009,359,1.8977,94.23,28.1,0.5,1.0
cell_009,360,1.8727,92.99,28.1,0.5,1.0
cell_009,361,1.8735,93.03,28.1,0.5,1.0
cell_009,362,1.8674,92.73,28.1,0.5,1.0
cell_009,363,1.8567,92.2,28.1,0.5,1.0
cell_009,364,1.8687,92.79,28.1,0.5,1.0
cell_009,365,1.8495,91.84,28.1,0.5,1.0
cell_009,366,1.8601,92.36,28.1,0.5,1.0
cell_009,367,1.8902,93.86,28.1,0.5,1.0
cell_009,368,1.8722,92.97,28.1,0.5,1.0
cell_009,369,1.8967,94.18,28.1,0.5,1.0
cell_009,370,1.8456,91.64,28.1,0.5,1.0
cell_009,371,1.8524,91.98,28.1,0.5,1.0
cell_009,372,1.8404,91.39,28.1,0.5,1.0
cell_009,373,1.8945,94.07,28.1,0.5,1.0
cell_009,374,1.8987,94.28,28.1,0.5,1.0
cell_009,375,1.8323,90.99,28.1,0.5,1.0
cell_009,376,1.8365,91.19,28.1,0.5,1.0
cell_009,377,1.8341,91.07,28.1,0.5,1.0
cell_009,378,1.8727,92.99,28.1,0.5,1.0
cell_009,379,1.8343,91.08,28.1,0.5,1.0
cell_009,380,1.878,93.25,28.1,0.5,1.0
cell_009,381,1.8446,91.59,28.1,0.5,1.0
cell_009,382,1.8479,91.76,28.1,0.5,1.0
cell_009,383,1.8681,92.76,28.1,0.5,1.0
cell_009,384,1.8714,92.92,28.1,0.5,1.0
cell_009,385,1.8721,92.96,28.1,0.5,1.0
cell_009,386,1.8483,91.78,28.1,0.5,1.0
cell_009,387,1.8683,92.77,28.1,0.5,1.0
cell_009,388,1.8897,93.83,28.1,0.5,1.0
cell_009,389,1.892,93.95,28.1,0.5,1.0
cell_009,390,1.8546,92.09,28.1,0.5,1.0
cell_009,391,1.8956,94.12,28.1,0.5,1.0
cell_009,392,1.8876,93.73,28.1,0.5,1.0
cell_009,393,1.8911,93.9,28.1,0.5,1.0
cell_009,394,1.8769,93.2,28.1,0.5,1.0
cell_009,395,1.8673,92.72,28.1,0.5,1.0
cell_009,396,1.8842,93.56,28.1,0.5,1.0
cell_009,397,1.8801,93.36,28.1,0.5,1.0
cell_009,398,1.8714,92.93,28.1,0.5,1.0
cell_009,399,1.877,93.2,28.1,0.5,1.0
cell_009,400,1.8329,91.01,28.1,0.5,1.0
cell_009,401,1.823,90.52,28.1,0.5,1.0
cell_009,402,1.8324,90.99,28.1,0.5,1.0
cell_009,403,1.8304,90.89,28.1,0.5,1.0
cell_009,404,1.8588,92.3,28.1,0.5,1.0
cell_009,405,1.8238,90.56,28.1,0.5,1.0
cell_009,406,1.8335,91.04,28.1,0.5,1.0
cell_009,407,1.8437,91.55,28.1,0.5,1.0
cell_009,408,1.8262,90.68,28.1,0.5,1.0
cell_009,409,1.8352,91.13,28.1,0.5,1.0
cell_009,410,1.8165,90.2,28.1,0.5,1.0
cell_009,411,1.8537,92.04,28.1,0.5,1.0
cell_009,412,1.8918,93.94,28.1,0.5,1.0
cell_009,413,1.8603,92.38,28.1,0.5,1.0
cell_009,414,1.8951,94.1,28.1,0.5,1.0
cell_009,415,1.8808,93.39,28.1,0.5,1.0
cell_009,416,1.8842,93.56,28.1,0.5,1.0
cell_009,417,1.8425,91.49,28.1,0.5,1.0
cell_009,418,1.8623,92.47,28.1,0.5,1.0
cell_009,419,1.8578,92.25,28.1,0.5,1.0
cell_009,420,1.8713,92.92,28.1,0.5,1.0
cell_009,421,1.8389,91.31,28.1,0.5,1.0
cell_009,422,1.8516,91.94,28.1,0.5,1.0
cell_009,423,1.8411,91.42,28.1,0.5,1.0
cell_009,424,1.8247,90.61,28.1,0.5,1.0
cell_009,425,1.8507,91.9,28.1,0.5,1.0
cell_009,426,1.8188,90.31,28.1,0.5,1.0
cell_009,427,1.8358,91.16,28.1,0.5,1.0
cell_009,428,1.8648,92.6,28.1,0.5,1.0
cell_009,429,1.8482,91.78,28.1,0.5,1.0
cell_009,430,1.8195,90.35,28.1,0.5,1.0
cell_009,431,1.8605,92.39,28.1,0.5,1.0
cell_009,432,1.8707,92.89,28.1,0.5,1.0
cell_009,433,1.8137,90.06,28.1,0.5,1.0
cell_009,434,1.8435,91.54,28.1,0.5,1.0
cell_009,435,1.8456,91.64,28.1,0.5,1.0
cell_009,436,1.871,92.91,28.1,0.5,1.0
cell_009,437,1.8138,90.06,28.1,0.5,1.0
cell_009,438,1.8255,90.64,28.1,0.5,1.0
cell_009,439,1.8045,89.61,28.1,0.5,1.0
cell_009,440,1.8226,90.5,28.1,0.5,1.0
cell_009,441,1.825,90.62,28.1,0.5,1.0
cell_009,442,1.8512,91.92,28.1,0.5,1.0
cell_009,443,1.8399,91.36,28.1,0.5,1.0
cell_009,444,1.8084,89.8,28.1,0.5,1.0
cell_009,445,1.8333,91.03,28.1,0.5,1.0
cell_009,446,1.8513,91.93,28.1,0.5,1.0
cell_009,447,1.8678,92.75,28.1,0.5,1.0
cell_009,448,1.8565,92.19,28.1,0.5,1.0
cell_009,449,1.8707,92.89,28.1,0.5,1.0
cell_009,450,1.8756,93.14,28.1,0.5,1.0
cell_009,451,1.8088,89.82,28.1,0.5,1.0
cell_009,452,1.8127,90.01,28.1,0.5,1.0
cell_009,453,1.8771,93.21,28.1,0.5,1.0
cell_009,454,1.8349,91.12,28.1,0.5,1.0
cell_009,455,1.8039,89.58,28.1,0.5,1.0
cell_009,456,1.8423,91.48,28.1,0.5,1.0
cell_009,457,1.8452,91.63,28.1,0.5,1.0
cell_009,458,1.8506,91.89,28.1,0.5,1.0
cell_009,459,1.8078,89.77,28.1,0.5,1.0
cell_009,460,1.7959,89.18,28.1,0.5,1.0
cell_009,461,1.8427,91.5,28.1,0.5,1.0
cell_009,462,1.8555,92.14,28.1,0.5,1.0
cell_009,463,1.8078,89.77,28.1,0.5,1.0
cell_009,464,1.8442,91.57,28.1,0.5,1.0
cell_009,465,1.8708,92.9,28.1,0.5,1.0
cell_009,466,1.8691,92.81,28.1,0.5,1.0
cell_009,467,1.8674,92.73,28.1,0.5,1.0
cell_009,468,1.8428,91.51,28.1,0.5,1.0
cell_009,469,1.797,89.23,28.1,0.5,1.0
cell_009,470,1.8103,89.89,28.1,0.5,1.0
cell_009,471,1.828,90.77,28.1,0.5,1.0
cell_009,472,1.8707,92.89,28.1,0.5,1.0
cell_009,473,1.7958,89.17,28.1,0.5,1.0
cell_009,474,1.8665,92.68,28.1,0.5,1.0
cell_009,475,1.7905,88.91,28.1,0.5,1.0
cell_009,476,1.8226,90.5,28.1,0.5,1.0
cell_009,477,1.8477,91.75,28.1,0.5,1.0
cell_009,478,1.8514,91.93,28.1,0.5,1.0
cell_009,479,1.8238,90.56,28.1,0.5,1.0
cell_009,480,1.8281,90.78,28.1,0.5,1.0
cell_009,481,1.8045,89.6,28.1,0.5,1.0
cell_009,482,1.8568,92.2,28.1,0.5,1.0
cell_009,483,1.7893,88.85,28.1,0.5,1.0
cell_009,484,1.8021,89.48,28.1,0.5,1.0
cell_009,485,1.8335,91.05,28.1,0.5,1.0
cell_009,486,1.8251,90.63,28.1,0.5,1.0
cell_009,487,1.8255,90.65,28.1,0.5,1.0
cell_009,488,1.8487,91.8,28.1,0.5,1.0
cell_009,489,1.8434,91.54,28.1,0.5,1.0
cell_009,490,1.8386,91.3,28.1,0.5,1.0
cell_009,491,1.792,88.98,28.1,0.5,1.0
cell_009,492,1.8527,92.0,28.1,0.5,1.0
cell_009,493,1.8431,91.52,28.1,0.5,1.0
cell_009,494,1.8574,92.23,28.1,0.5,1.0
cell_009,495,1.8302,90.88,28.1,0.5,1.0
cell_009,496,1.824,90.57,28.1,0.5,1.0
cell_009,497,1.8407,91.4,28.1,0.5,1.0
cell_009,498,1.7947,89.12,28.1,0.5,1.0
cell_009,499,1.8075,89.75,28.1,0.5,1.0
cell_009,500,1.8399,91.36,28.1,0.5,1.0
cell_009,501,1.831,90.92,28.1,0.5,1.0
cell_009,502,1.7874,88.76,28.1,0.5,1.0
cell_009,503,1.8103,89.89,28.1,0.5,1.0
cell_009,504,1.8474,91.73,28.1,0.5,1.0
cell_009,505,1.8408,91.41,28.1,0.5,1.0
cell_009,506,1.7897,88.87,28.1,0.5,1.0
cell_009,507,1.8472,91.72,28.1,0.5,1.0
cell_009,508,1.7924,89.0,28.1,0.5,1.0
cell_009,509,1.7979,89.27,28.1,0.5,1.0
cell_009,510,1.8239,90.56,28.1,0.5,1.0
cell_009,511,1.8331,91.02,28.1,0.5,1.0
cell_009,512,1.8168,90.22,28.1,0.5,1.0
cell_009,513,1.831,90.92,28.1,0.5,1.0
cell_009,514,1.8464,91.69,28.1,0.5,1.0
cell_009,515,1.7907,88.92,28.1,0.5,1.0
cell_009,516,1.8232,90.53,28.1,0.5,1.0
cell_009,517,1.8386,91.29,28.1,0.5,1.0
cell_009,518,1.7883,88.8,28.1,0.5,1.0
cell_009,519,1.8122,89.98,28.1,0.5,1.0
cell_009,520,1.7822,88.49,28.1,0.5,1.0
cell_009,521,1.8377,91.25,28.1,0.5,1.0
cell_009,522,1.8125,90.0,28.1,0.5,1.0
cell_009,523,1.8047,89.61,28.1,0.5,1.0
cell_009,524,1.8236,90.55,28.1,0.5,1.0
cell_009,525,1.8324,90.99,28.1,0.5,1.0
cell_009,526,1.823,90.52,28.1,0.5,1.0
cell_009,527,1.8438,91.56,28.1,0.5,1.0
cell_009,528,1.8104,89.89,28.1,0.5,1.0
cell_009,529,1.7797,88.37,28.1,0.5,1.0
cell_009,530,1.8017,89.47,28.1,0.5,1.0
cell_009,531,1.8009,89.43,28.1,0.5,1.0
cell_009,532,1.8023,89.49,28.1,0.5,1.0
cell_009,533,1.8229,90.52,28.1,0.5,1.0
cell_009,534,1.8355,91.14,28.1,0.5,1.0
cell_009,535,1.7719,87.99,28.1,0.5,1.0
cell_009,536,1.7762,88.2,28.1,0.5,1.0
cell_009,537,1.8126,90.01,28.1,0.5,1.0
cell_009,538,1.8065,89.7,28.1,0.5,1.0
cell_009,539,1.8335,91.04,28.1,0.5,1.0
cell_009,540,1.8408,91.41,28.1,0.5,1.0
cell_009,541,1.836,91.17,28.1,0.5,1.0
cell_009,542,1.8104,89.9,28.1,0.5,1.0
cell_009,543,1.7807,88.42,28.1,0.5,1.0
cell_009,544,1.7733,88.05,28.1,0.5,1.0
cell_009,545,1.7945,89.11,28.1,0.5,1.0
cell_009,546,1.8262,90.68,28.1,0.5,1.0
cell_009,547,1.7962,89.19,28.1,0.5,1.0
cell_009,548,1.8309,90.91,28.1,0.5,1.0
cell_009,549,1.7706,87.92,28.1,0.5,1.0
cell_009,550,1.8163,90.19,28.1,0.5,1.0
cell_009,551,1.7632,87.55,28.1,0.5,1.0
cell_009,552,1.7953,89.15,28.1,0.5,1.0
cell_009,553,1.8007,89.41,28.1,0.5,1.0
cell_009,554,1.785,88.64,28.1,0.5,1.0
cell_009,555,1.782,88.48,28.1,0.5,1.0
cell_009,556,1.785,88.64,28.1,0.5,1.0
cell_009,557,1.7987,89.32,28.1,0.5,1.0
cell_009,558,1.7568,87.23,28.1,0.5,1.0
cell_009,559,1.8188,90.31,28.1,0.5,1.0
cell_009,560,1.8245,90.6,28.1,0.5,1.0
cell_009,561,1.8012,89.44,28.1,0.5,1.0
cell_009,562,1.8281,90.78,28.1,0.5,1.0
cell_009,563,1.7764,88.21,28.1,0.5,1.0
cell_009,564,1.759,87.35,28.1,0.5,1.0
cell_009,565,1.7688,87.83,28.1,0.5,1.0
cell_009,566,1.7706,87.92,28.1,0.5,1.0
cell_009,567,1.7643,87.61,28.1,0.5,1.0
cell_009,568,1.7773,88.26,28.1,0.5,1.0
cell_009,569,1.8088,89.82,28.1,0.5,1.0
cell_009,570,1.786,88.68,28.1,0.5,1.0
cell_009,571,1.7695,87.87,28.1,0.5,1.0
cell_009,572,1.8117,89.96,28.1,0.5,1.0
cell_009,573,1.7655,87.67,28.1,0.5,1.0
cell_009,574,1.8179,90.27,28.1,0.5,1.0
cell_009,575,1.7819,88.48,28.1,0.5,1.0
cell_009,576,1.8203,90.39,28.1,0.5,1.0
cell_009,577,1.768,87.79,28.1,0.5,1.0
cell_009,578,1.7756,88.17,28.1,0.5,1.0
cell_009,579,1.7785,88.31,28.1,0.5,1.0
cell_009,580,1.7811,88.44,28.1,0.5,1.0
cell_009,581,1.7897,88.87,28.1,0.5,1.0
cell_009,582,1.7527,87.03,28.1,0.5,1.0
cell_009,583,1.7612,87.45,28.1,0.5,1.0
cell_009,584,1.7638,87.58,28.1,0.5,1.0
cell_009,585,1.8158,90.16,28.1,0.5,1.0
cell_009,586,1.7766,88.22,28.1,0.5,1.0
cell_009,587,1.7904,88.91,28.1,0.5,1.0
cell_009,588,1.788,88.79,28.1,0.5,1.0
cell_009,589,1.7879,88.78,28.1,0.5,1.0
cell_009,590,1.765,87.64,28.1,0.5,1.0
cell_009,591,1.7729,88.03,28.1,0.5,1.0
cell_009,592,1.7847,88.62,28.1,0.5,1.0
cell_009,593,1.7657,87.68,28.1,0.5,1.0
cell_009,594,1.8143,90.09,28.1,0.5,1.0
cell_009,595,1.7639,87.59,28.1,0.5,1.0
cell_009,596,1.8149,90.12,28.1,0.5,1.0
cell_009,597,1.7795,88.36,28.1,0.5,1.0
cell_009,598,1.7925,89.01,28.1,0.5,1.0
cell_009,599,1.7412,86.46,28.1,0.5,1.0
cell_009,600,1.791,88.93,28.1,0.5,1.0
cell_009,601,1.7728,88.03,28.1,0.5,1.0
cell_009,602,1.7783,88.3,28.1,0.5,1.0
cell_009,603,1.7676,87.77,28.1,0.5,1.0
cell_009,604,1.8044,89.6,28.1,0.5,1.0
cell_009,605,1.8103,89.89,28.1,0.5,1.0
cell_009,606,1.7759,88.18,28.1,0.5,1.0
cell_009,607,1.7536,87.08,28.1,0.5,1.0
cell_009,608,1.8082,89.79,28.1,0.5,1.0
cell_009,609,1.7346,86.13,28.1,0.5,1.0
cell_009,610,1.747,86.75,28.1,0.5,1.0
cell_009,611,1.7624,87.51,28.1,0.5,1.0
cell_009,612,1.7335,86.08,28.1,0.5,1.0
cell_009,613,1.7393,86.37,28.1,0.5,1.0
cell_009,614,1.7476,86.78,28.1,0.5,1.0
cell_009,615,1.7502,86.91,28.1,0.5,1.0
cell_009,616,1.7443,86.62,28.1,0.5,1.0
cell_009,617,1.7763,88.21,28.1,0.5,1.0
cell_009,618,1.7891,88.84,28.1,0.5,1.0
cell_009,619,1.7846,88.62,28.1,0.5,1.0
cell_009,620,1.7393,86.37,28.1,0.5,1.0
cell_009,621,1.8056,89.66,28.1,0.5,1.0
cell_009,622,1.7386,86.33,28.1,0.5,1.0
cell_009,623,1.7346,86.13,28.1,0.5,1.0
cell_009,624,1.7793,88.35,28.1,0.5,1.0
cell_009,625,1.7287,85.84,28.1,0.5,1.0
cell_009,626,1.7592,87.35,28.1,0.5,1.0
cell_009,627,1.7754,88.16,28.1,0.5,1.0
cell_009,628,1.7984,89.3,28.1,0.5,1.0
cell_009,629,1.7477,86.78,28.1,0.5,1.0
cell_009,630,1.7408,86.44,28.1,0.5,1.0
cell_009,631,1.7431,86.56,28.1,0.5,1.0
cell_009,632,1.7212,85.47,28.1,0.5,1.0
cell_009,633,1.7453,86.66,28.1,0.5,1.0
cell_009,634,1.7746,88.12,28.1,0.5,1.0
cell_009,635,1.7703,87.9,28.1,0.5,1.0
cell_009,636,1.7991,89.33,28.1,0.5,1.0
cell_009,637,1.7486,86.83,28.1,0.5,1.0
cell_009,638,1.7274,85.77,28.1,0.5,1.0
cell_009,639,1.7542,87.11,28.1,0.5,1.0
cell_009,640,1.7758,88.18,28.1,0.5,1.0
cell_009,641,1.7861,88.69,28.1,0.5,1.0
cell_009,642,1.7826,88.52,28.1,0.5,1.0
cell_009,643,1.731,85.95,28.1,0.5,1.0
cell_009,644,1.7556,87.17,28.1,0.5,1.0
cell_009,645,1.7161,85.21,28.1,0.5,1.0
cell_009,646,1.7196,85.39,28.1,0.5,1.0
cell_009,647,1.7318,85.99,28.1,0.5,1.0
cell_009,648,1.7537,87.08,28.1,0.5,1.0
cell_009,649,1.7588,87.34,28.1,0.5,1.0
cell_009,650,1.7411,86.46,28.1,0.5,1.0
cell_009,651,1.7239,85.6,28.1,0.5,1.0
cell_009,652,1.7168,85.25,28.1,0.5,1.0
cell_009,653,1.7521,87.0,28.1,0.5,1.0
cell_009,654,1.7547,87.13,28.1,0.5,1.0
cell_009,655,1.7222,85.52,28.1,0.5,1.0
cell_009,656,1.7573,87.26,28.1,0.5,1.0
cell_009,657,1.7326,86.03,28.1,0.5,1.0
cell_009,658,1.738,86.3,28.1,0.5,1.0
cell_009,659,1.7607,87.43,28.1,0.5,1.0
cell_009,660,1.7248,85.65,28.1,0.5,1.0
cell_009,661,1.7301,85.91,28.1,0.5,1.0
cell_009,662,1.7572,87.25,28.1,0.5,1.0
cell_009,663,1.7603,87.41,28.1,0.5,1.0
cell_009,664,1.7581,87.3,28.1,0.5,1.0
cell_009,665,1.7735,88.07,28.1,0.5,1.0
cell_009,666,1.7362,86.21,28.1,0.5,1.0
cell_009,667,1.7518,86.98,28.1,0.5,1.0
cell_009,668,1.7737,88.07,28.1,0.5,1.0
cell_009,669,1.7122,85.02,28.1,0.5,1.0
cell_009,670,1.7098,84.9,28.1,0.5,1.0
cell_009,671,1.7817,88.47,28.1,0.5,1.0
cell_009,672,1.7331,86.06,28.1,0.5,1.0
cell_009,673,1.7636,87.57,28.1,0.5,1.0
cell_009,674,1.7046,84.64,28.1,0.5,1.0
cell_009,675,1.7153,85.17,28.1,0.5,1.0
cell_009,676,1.7238,85.59,28.1,0.5,1.0
cell_009,677,1.7806,88.41,28.1,0.5,1.0
cell_009,678,1.7206,85.44,28.1,0.5,1.0
cell_009,679,1.7491,86.85,28.1,0.5,1.0
cell_009,680,1.7725,88.02,28.1,0.5,1.0
cell_009,681,1.7787,88.32,28.1,0.5,1.0
cell_009,682,1.7629,87.54,28.1,0.5,1.0
cell_009,683,1.736,86.2,28.1,0.5,1.0
cell_009,684,1.7707,87.92,28.1,0.5,1.0
cell_009,685,1.7591,87.35,28.1,0.5,1.0
cell_009,686,1.7244,85.62,28.1,0.5,1.0
cell_009,687,1.7267,85.74,28.1,0.5,1.0
cell_009,688,1.7427,86.53,28.1,0.5,1.0
cell_009,689,1.7582,87.31,28.1,0.5,1.0
cell_009,690,1.7574,87.27,28.1,0.5,1.0
cell_009,691,1.7561,87.2,28.1,0.5,1.0
cell_009,692,1.7726,88.02,28.1,0.5,1.0
cell_009,693,1.7134,85.08,28.1,0.5,1.0
cell_009,694,1.705,84.66,28.1,0.5,1.0
cell_009,695,1.7231,85.56,28.1,0.5,1.0
cell_009,696,1.7201,85.41,28.1,0.5,1.0
cell_009,697,1.7281,85.81,28.1,0.5,1.0
cell_009,698,1.7193,85.38,28.1,0.5,1.0
cell_009,699,1.7473,86.76,28.1,0.5,1.0
cell_009,700,1.7239,85.6,28.1,0.5,1.0
cell_009,701,1.7389,86.34,28.1,0.5,1.0
cell_009,702,1.756,87.19,28.1,0.5,1.0
cell_009,703,1.7362,86.21,28.1,0.5,1.0
cell_009,704,1.702,84.51,28.1,0.5,1.0
cell_009,705,1.762,87.49,28.1,0.5,1.0
cell_009,706,1.7042,84.62,28.1,0.5,1.0
cell_009,707,1.7521,87.0,28.1,0.5,1.0
cell_009,708,1.7596,87.38,28.1,0.5,1.0
cell_009,709,1.7651,87.65,28.1,0.5,1.0
cell_009,710,1.7637,87.58,28.1,0.5,1.0
cell_009,711,1.7361,86.21,28.1,0.5,1.0
cell_009,712,1.755,87.15,28.1,0.5,1.0
cell_009,713,1.7014,84.48,28.1,0.5,1.0
cell_009,714,1.6878,83.81,28.1,0.5,1.0
cell_009,715,1.7447,86.63,28.1,0.5,1.0
cell_009,716,1.7379,86.3,28.1,0.5,1.0
cell_009,717,1.6846,83.65,28.1,0.5,1.0
cell_009,718,1.7452,86.66,28.1,0.5,1.0
cell_009,719,1.7383,86.31,28.1,0.5,1.0
cell_009,720,1.6937,84.1,28.1,0.5,1.0
cell_009,721,1.6913,83.98,28.1,0.5,1.0
cell_009,722,1.748,86.8,28.1,0.5,1.0
cell_009,723,1.6963,84.23,28.1,0.5,1.0
cell_009,724,1.7348,86.14,28.1,0.5,1.0
cell_009,725,1.7495,86.87,28.1,0.5,1.0
cell_009,726,1.7411,86.46,28.1,0.5,1.0
cell_009,727,1.7053,84.68,28.1,0.5,1.0
cell_009,728,1.7092,84.87,28.1,0.5,1.0
cell_009,729,1.7468,86.74,28.1,0.5,1.0
cell_009,730,1.6784,83.34,28.1,0.5,1.0
cell_009,731,1.6888,83.86,28.1,0.5,1.0
cell_009,732,1.7121,85.02,28.1,0.5,1.0
cell_009,733,1.7236,85.59,28.1,0.5,1.0
cell_009,734,1.681,83.47,28.1,0.5,1.0
cell_009,735,1.7457,86.68,28.1,0.5,1.0
cell_009,736,1.7168,85.25,28.1,0.5,1.0
cell_009,737,1.6751,83.18,28.1,0.5,1.0
cell_009,738,1.741,86.45,28.1,0.5,1.0
cell_009,739,1.7486,86.83,28.1,0.5,1.0
cell_009,740,1.721,85.46,28.1,0.5,1.0
cell_009,741,1.6746,83.15,28.1,0.5,1.0
cell_009,742,1.7044,84.63,28.1,0.5,1.0
cell_009,743,1.7103,84.93,28.1,0.5,1.0
cell_009,744,1.7343,86.12,28.1,0.5,1.0
cell_009,745,1.746,86.7,28.1,0.5,1.0
cell_009,746,1.7064,84.73,28.1,0.5,1.0
cell_009,747,1.7469,86.74,28.1,0.5,1.0
cell_009,748,1.737,86.25,28.1,0.5,1.0
cell_009,749,1.6938,84.11,28.1,0.5,1.0
cell_009,750,1.7227,85.54,28.1,0.5,1.0
cell_009,751,1.6812,83.48,28.1,0.5,1.0
cell_009,752,1.6717,83.01,28.1,0.5,1.0
cell_009,753,1.7147,85.15,28.1,0.5,1.0
cell_009,754,1.6745,83.15,28.1,0.5,1.0
cell_009,755,1.7442,86.61,28.1,0.5,1.0
cell_009,756,1.69,83.92,28.1,0.5,1.0
cell_009,757,1.7141,85.11,28.1,0.5,1.0
cell_009,758,1.6802,83.43,28.1,0.5,1.0
cell_009,759,1.6928,84.06,28.1,0.5,1.0
cell_009,760,1.7329,86.05,28.1,0.5,1.0
cell_009,761,1.7133,85.07,28.1,0.5,1.0
cell_009,762,1.6689,82.87,28.1,0.5,1.0
cell_009,763,1.7354,86.17,28.1,0.5,1.0
cell_009,764,1.6853,83.69,28.1,0.5,1.0
cell_009,765,1.733,86.05,28.1,0.5,1.0
cell_009,766,1.7179,85.3,28.1,0.5,1.0
cell_009,767,1.6811,83.48,28.1,0.5,1.0
cell_009,768,1.6616,82.51,28.1,0.5,1.0
cell_009,769,1.6647,82.66,28.1,0.5,1.0
cell_009,770,1.7341,86.11,28.1,0.5,1.0
cell_009,771,1.7151,85.17,28.1,0.5,1.0
cell_009,772,1.7254,85.67,28.1,0.5,1.0
cell_009,773,1.7191,85.36,28.1,0.5,1.0
cell_009,774,1.6642,82.64,28.1,0.5,1.0
cell_009,775,1.7175,85.28,28.1,0.5,1.0
cell_009,776,1.682,83.52,28.1,0.5,1.0
cell_009,777,1.7298,85.9,28.1,0.5,1.0
cell_009,778,1.6802,83.43,28.1,0.5,1.0
cell_009,779,1.6924,84.04,28.1,0.5,1.0
cell_009,780,1.7196,85.39,28.1,0.5,1.0
cell_009,781,1.7229,85.55,28.1,0.5,1.0
cell_009,782,1.6664,82.75,28.1,0.5,1.0
cell_009,783,1.6659,82.72,28.1,0.5,1.0
cell_009,784,1.7133,85.07,28.1,0.5,1.0
cell_009,785,1.7285,85.83,28.1,0.5,1.0
cell_009,786,1.6599,82.42,28.1,0.5,1.0
cell_009,787,1.6863,83.73,28.1,0.5,1.0
cell_009,788,1.6566,82.26,28.1,0.5,1.0
cell_009,789,1.6802,83.43,28.1,0.5,1.0
cell_009,790,1.6678,82.82,28.1,0.5,1.0
cell_009,791,1.7155,85.18,28.1,0.5,1.0
cell_009,792,1.7182,85.32,28.1,0.5,1.0
cell_009,793,1.6736,83.1,28.1,0.5,1.0
cell_009,794,1.7187,85.35,28.1,0.5,1.0
cell_009,795,1.7103,84.92,28.1,0.5,1.0
cell_009,796,1.6999,84.41,28.1,0.5,1.0
cell_009,797,1.6859,83.71,28.1,0.5,1.0
cell_009,798,1.723,85.56,28.1,0.5,1.0
cell_009,799,1.6635,82.6,28.1,0.5,1.0
cell_009,800,1.7057,84.7,28.1,0.5,1.0
cell_010,1,2.0124,100.34,34.9,0.5,1.0
cell_010,2,2.0197,100.71,34.9,0.5,1.0
cell_010,3,2.0049,99.97,34.9,0.5,1.0
cell_010,4,1.9709,98.28,34.9,0.5,1.0
cell_010,5,1.9788,98.67,34.9,0.5,1.0
cell_010,6,2.0398,101.71,34.9,0.5,1.0
cell_010,7,2.0014,99.8,34.9,0.5,1.0
cell_010,8,1.9805,98.75,34.9,0.5,1.0
cell_010,9,2.0126,100.36,34.9,0.5,1.0
cell_010,10,1.9707,98.26,34.9,0.5,1.0
cell_010,11,1.9654,98.0,34.9,0.5,1.0
cell_010,12,2.0389,101.67,34.9,0.5,1.0
cell_010,13,1.9828,98.87,34.9,0.5,1.0
cell_010,14,2.0386,101.65,34.9,0.5,1.0
cell_010,15,1.9618,97.82,34.9,0.5,1.0
cell_010,16,1.9941,99.43,34.9,0.5,1.0
cell_010,17,2.0052,99.99,34.9,0.5,1.0
cell_010,18,1.9799,98.73,34.9,0.5,1.0
cell_010,19,1.9956,99.51,34.9,0.5,1.0
cell_010,20,1.9848,98.97,34.9,0.5,1.0
cell_010,21,2.0221,100.83,34.9,0.5,1.0
cell_010,22,2.0114,100.29,34.9,0.5,1.0
cell_010,23,2.0178,100.62,34.9,0.5,1.0
cell_010,24,1.9812,98.79,34.9,0.5,1.0
cell_010,25,1.9656,98.01,34.9,0.5,1.0
cell_010,26,1.9684,98.15,34.9,0.5,1.0
cell_010,27,1.9715,98.31,34.9,0.5,1.0
cell_010,28,1.9681,98.14,34.9,0.5,1.0
cell_010,29,2.0003,99.74,34.9,0.5,1.0
cell_010,30,1.9813,98.79,34.9,0.5,1.0
cell_010,31,2.0337,101.41,34.9,0.5,1.0
cell_010,32,1.9559,97.53,34.9,0.5,1.0
cell_010,33,1.9838,98.92,34.9,0.5,1.0
cell_010,34,2.0269,101.07,34.9,0.5,1.0
cell_010,35,1.9914,99.3,34.9,0.5,1.0
cell_010,36,1.9668,98.07,34.9,0.5,1.0
cell_010,37,2.0057,100.01,34.9,0.5,1.0
cell_010,38,1.9697,98.22,34.9,0.5,1.0
cell_010,39,1.9948,99.47,34.9,0.5,1.0
cell_010,40,1.995,99.48,34.9,0.5,1.0
cell_010,41,2.0113,100.29,34.9,0.5,1.0
cell_010,42,1.9678,98.12,34.9,0.5,1.0
cell_010,43,1.9915,99.3,34.9,0.5,1.0
cell_010,44,1.9879,99.12,34.9,0.5,1.0
cell_010,45,1.952,97.34,34.9,0.5,1.0
cell_010,46,1.955,97.48,34.9,0.5,1.0
cell_010,47,1.9678,98.12,34.9,0.5,1.0
cell_010,48,1.9762,98.54,34.9,0.5,1.0
cell_010,49,1.9725,98.35,34.9,0.5,1.0
cell_010,50,2.0288,101.16,34.9,0.5,1.0
cell_010,51,2.0102,100.24,34.9,0.5,1.0
cell_010,52,1.9657,98.02,34.9,0.5,1.0
cell_010,53,1.9943,99.44,34.9,0.5,1.0
cell_010,54,2.0011,99.78,34.9,0.5,1.0
cell_010,55,2.0095,100.2,34.9,0.5,1.0
cell_010,56,1.9835,98.91,34.9,0.5,1.0
cell_010,57,1.9847,98.96,34.9,0.5,1.0
cell_010,58,2.0231,100.88,34.9,0.5,1.0
cell_010,59,2.0045,99.95,34.9,0.5,1.0
cell_010,60,2.0242,100.93,34.9,0.5,1.0
cell_010,61,1.9838,98.92,34.9,0.5,1.0
cell_010,62,1.9906,99.26,34.9,0.5,1.0
cell_010,63,2.0209,100.77,34.9,0.5,1.0
cell_010,64,1.9626,97.86,34.9,0.5,1.0
cell_010,65,2.0157,100.51,34.9,0.5,1.0
cell_010,66,1.99,99.23,34.9,0.5,1.0
cell_010,67,1.9548,97.47,34.9,0.5,1.0
cell_010,68,2.023,100.88,34.9,0.5,1.0
cell_010,69,1.943,96.89,34.9,0.5,1.0
cell_010,70,2.0165,100.55,34.9,0.5,1.0
cell_010,71,2.0061,100.03,34.9,0.5,1.0
cell_010,72,2.0101,100.23,34.9,0.5,1.0
cell_010,73,1.9706,98.26,34.9,0.5,1.0
cell_010,74,1.9424,96.85,34.9,0.5,1.0
cell_010,75,1.945,96.98,34.9,0.5,1.0
cell_010,76,2.0068,100.07,34.9,0.5,1.0
cell_010,77,1.9962,99.54,34.9,0.5,1.0
cell_010,78,1.9553,97.5,34.9,0.5,1.0
cell_010,79,2.0134,100.39,34.9,0.5,1.0
cell_010,80,1.977,98.58,34.9,0.5,1.0
cell_010,81,2.0051,99.98,34.9,0.5,1.0
cell_010,82,1.9696,98.21,34.9,0.5,1.0
cell_010,83,1.9563,97.55,34.9,0.5,1.0
cell_010,84,1.9444,96.96,34.9,0.5,1.0
cell_010,85,1.9432,96.89,34.9,0.5,1.0
cell_010,86,1.9543,97.45,34.9,0.5,1.0
cell_010,87,2.0017,99.81,34.9,0.5,1.0
cell_010,88,2.0155,100.5,34.9,0.5,1.0
cell_010,89,1.9798,98.72,34.9,0.5,1.0
cell_010,90,2.0074,100.09,34.9,0.5,1.0
cell_010,91,1.9571,97.59,34.9,0.5,1.0
cell_010,92,1.9617,97.82,34.9,0.5,1.0
cell_010,93,1.9975,99.6,34.9,0.5,1.0
cell_010,94,1.9385,96.66,34.9,0.5,1.0
cell_010,95,1.9886,99.16,34.9,0.5,1.0
cell_010,96,1.9883,99.14,34.9,0.5,1.0
cell_010,97,2.0064,100.05,34.9,0.5,1.0
cell_010,98,2.0104,100.24,34.9,0.5,1.0
cell_010,99,1.9716,98.31,34.9,0.5,1.0
cell_010,100,1.9693,98.2,34.9,0.5,1.0
cell_010,101,2.0094,100.2,34.9,0.5,1.0
cell_010,102,1.9496,97.22,34.9,0.5,1.0
cell_010,103,2.0004,99.75,34.9,0.5,1.0
cell_010,104,1.9669,98.08,34.9,0.5,1.0
cell_010,105,1.9819,98.82,34.9,0.5,1.0
cell_010,106,1.9318,96.33,34.9,0.5,1.0
cell_010,107,1.9343,96.45,34.9,0.5,1.0
cell_010,108,1.9815,98.81,34.9,0.5,1.0
cell_010,109,1.9581,97.64,34.9,0.5,1.0
cell_010,110,1.9529,97.38,34.9,0.5,1.0
cell_010,111,1.9744,98.45,34.9,0.5,1.0
cell_010,112,1.9545,97.46,34.9,0.5,1.0
cell_010,113,1.9525,97.36,34.9,0.5,1.0
cell_010,114,1.9599,97.73,34.9,0.5,1.0
cell_010,115,1.9595,97.71,34.9,0.5,1.0
cell_010,116,1.986,99.03,34.9,0.5,1.0
cell_010,117,1.9574,97.6,34.9,0.5,1.0
cell_010,118,1.9356,96.51,34.9,0.5,1.0
cell_010,119,1.9932,99.39,34.9,0.5,1.0
cell_010,120,1.9718,98.32,34.9,0.5,1.0
cell_010,121,1.9827,98.86,34.9,0.5,1.0
cell_010,122,1.9808,98.77,34.9,0.5,1.0
cell_010,123,1.9809,98.77,34.9,0.5,1.0
cell_010,124,1.9661,98.04,34.9,0.5,1.0
cell_010,125,1.9478,97.13,34.9,0.5,1.0
cell_010,126,1.9982,99.64,34.9,0.5,1.0
cell_010,127,1.9276,96.12,34.9,0.5,1.0
cell_010,128,1.9666,98.06,34.9,0.5,1.0
cell_010,129,1.972,98.33,34.9,0.5,1.0
cell_010,130,1.9544,97.45,34.9,0.5,1.0
cell_010,131,1.9233,95.9,34.9,0.5,1.0
cell_010,132,1.9654,98.0,34.9,0.5,1.0
cell_010,133,1.9586,97.66,34.9,0.5,1.0
cell_010,134,1.9714,98.3,34.9,0.5,1.0
cell_010,135,1.9595,97.71,34.9,0.5,1.0
cell_010,136,1.9823,98.84,34.9,0.5,1.0
cell_010,137,1.9384,96.65,34.9,0.5,1.0
cell_010,138,1.9351,96.49,34.9,0.5,1.0
cell_010,139,1.9818,98.82,34.9,0.5,1.0
cell_010,140,1.9265,96.06,34.9,0.5,1.0
cell_010,141,1.988,99.13,34.9,0.5,1.0
cell_010,142,1.9236,95.92,34.9,0.5,1.0
cell_010,143,1.9733,98.4,34.9,0.5,1.0
cell_010,144,1.9282,96.15,34.9,0.5,1.0
cell_010,145,1.9677,98.12,34.9,0.5,1.0
cell_010,146,1.9488,97.18,34.9,0.5,1.0
cell_010,147,1.9316,96.32,34.9,0.5,1.0
cell_010,148,1.9897,99.22,34.9,0.5,1.0
cell_010,149,1.9562,97.54,34.9,0.5,1.0
cell_010,150,1.9601,97.74,34.9,0.5,1.0
cell_010,151,1.948,97.13,34.9,0.5,1.0
cell_010,152,1.9269,96.08,34.9,0.5,1.0
cell_010,153,1.9856,99.01,34.9,0.5,1.0
cell_010,154,1.9292,96.2,34.9,0.5,1.0
cell_010,155,1.9815,98.81,34.9,0.5,1.0
cell_010,156,1.9584,97.66,34.9,0.5,1.0
cell_010,157,1.9288,96.18,34.9,0.5,1.0
cell_010,158,1.9156,95.52,34.9,0.5,1.0
cell_010,159,1.9596,97.71,34.9,0.5,1.0
cell_010,160,1.92,95.74,34.9,0.5,1.0
cell_010,161,1.9406,96.77,34.9,0.5,1.0
cell_010,162,1.9835,98.91,34.9,0.5,1.0
cell_010,163,1.9787,98.67,34.9,0.5,1.0
cell_010,164,1.9823,98.85,34.9,0.5,1.0
cell_010,165,1.9307,96.27,34.9,0.5,1.0
cell_010,166,1.9186,95.67,34.9,0.5,1.0
cell_010,167,1.9138,95.43,34.9,0.5,1.0
cell_010,168,1.9368,96.58,34.9,0.5,1.0
cell_010,169,1.9591,97.69,34.9,0.5,1.0
cell_010,170,1.94,96.74,34.9,0.5,1.0
cell_010,171,1.9626,97.86,34.9,0.5,1.0
cell_010,172,1.9327,96.37,34.9,0.5,1.0
cell_010,173,1.9281,96.14,34.9,0.5,1.0
cell_010,174,1.9714,98.3,34.9,0.5,1.0
cell_010,175,1.919,95.69,34.9,0.5,1.0
cell_010,176,1.9746,98.46,34.9,0.5,1.0
cell_010,177,1.9319,96.33,34.9,0.5,1.0
cell_010,178,1.9206,95.77,34.9,0.5,1.0
cell_010,179,1.922,95.84,34.9,0.5,1.0
cell_010,180,1.9265,96.07,34.9,0.5,1.0
cell_010,181,1.9665,98.06,34.9,0.5,1.0
cell_010,182,1.9586,97.66,34.9,0.5,1.0
cell_010,183,1.9584,97.65,34.9,0.5,1.0
cell_010,184,1.9137,95.42,34.9,0.5,1.0
cell_010,185,1.9278,96.13,34.9,0.5,1.0
cell_010,186,1.9118,95.33,34.9,0.5,1.0
cell_010,187,1.9766,98.56,34.9,0.5,1.0
cell_010,188,1.9427,96.87,34.9,0.5,1.0
cell_010,189,1.9123,95.35,34.9,0.5,1.0
cell_010,190,1.9411,96.79,34.9,0.5,1.0
cell_010,191,1.933,96.38,34.9,0.5,1.0
cell_010,192,1.9381,96.64,34.9,0.5,1.0
cell_010,193,1.9504,97.25,34.9,0.5,1.0
cell_010,194,1.9012,94.8,34.9,0.5,1.0
cell_010,195,1.9213,95.8,34.9,0.5,1.0
cell_010,196,1.9122,95.35,34.9,0.5,1.0
cell_010,197,1.9659,98.03,34.9,0.5,1.0
cell_010,198,1.9183,95.65,34.9,0.5,1.0
cell_010,199,1.9317,96.32,34.9,0.5,1.0
cell_010,200,1.9384,96.65,34.9,0.5,1.0
cell_010,201,1.9164,95.56,34.9,0.5,1.0
cell_010,202,1.946,97.04,34.9,0.5,1.0
cell_010,203,1.9464,97.05,34.9,0.5,1.0
cell_010,204,1.9603,97.75,34.9,0.5,1.0
cell_010,205,1.941,96.79,34.9,0.5,1.0
cell_010,206,1.9237,95.93,34.9,0.5,1.0
cell_010,207,1.9142,95.45,34.9,0.5,1.0
cell_010,208,1.9134,95.41,34.9,0.5,1.0
cell_010,209,1.9662,98.04,34.9,0.5,1.0
cell_010,210,1.9527,97.37,34.9,0.5,1.0
cell_010,211,1.9064,95.06,34.9,0.5,1.0
cell_010,212,1.938,96.63,34.9,0.5,1.0
cell_010,213,1.9643,97.95,34.9,0.5,1.0
cell_010,214,1.9112,95.3,34.9,0.5,1.0
cell_010,215,1.9517,97.32,34.9,0.5,1.0
cell_010,216,1.9303,96.25,34.9,0.5,1.0
cell_010,217,1.9131,95.4,34.9,0.5,1.0
cell_010,218,1.8896,94.22,34.9,0.5,1.0
cell_010,219,1.9465,97.06,34.9,0.5,1.0
cell_010,220,1.9496,97.22,34.9,0.5,1.0
cell_010,221,1.9613,97.8,34.9,0.5,1.0
cell_010,222,1.9265,96.06,34.9,0.5,1.0
cell_010,223,1.9425,96.86,34.9,0.5,1.0
cell_010,224,1.8892,94.2,34.9,0.5,1.0
cell_010,225,1.8944,94.46,34.9,0.5,1.0
cell_010,226,1.9571,97.59,34.9,0.5,1.0
cell_010,227,1.8993,94.71,34.9,0.5,1.0
cell_010,228,1.9548,97.47,34.9,0.5,1.0
cell_010,229,1.9146,95.47,34.9,0.5,1.0
cell_010,230,1.9241,95.94,34.9,0.5,1.0
cell_010,231,1.897,94.59,34.9,0.5,1.0
cell_010,232,1.949,97.18,34.9,0.5,1.0
cell_010,233,1.925,95.99,34.9,0.5,1.0
cell_010,234,1.8929,94.39,34.9,0.5,1.0
cell_010,235,1.8979,94.63,34.9,0.5,1.0
cell_010,236,1.9368,96.58,34.9,0.5,1.0
cell_010,237,1.9053,95.01,34.9,0.5,1.0
cell_010,238,1.903,94.89,34.9,0.5,1.0
cell_010,239,1.8779,93.64,34.9,0.5,1.0
cell_010,240,1.9132,95.4,34.9,0.5,1.0
cell_010,241,1.9514,97.3,34.9,0.5,1.0
cell_010,242,1.9543,97.45,34.9,0.5,1.0
cell_010,243,1.9465,97.06,34.9,0.5,1.0
cell_010,244,1.8952,94.5,34.9,0.5,1.0
cell_010,245,1.8918,94.33,34.9,0.5,1.0
cell_010,246,1.892,94.34,34.9,0.5,1.0
cell_010,247,1.9527,97.37,34.9,0.5,1.0
cell_010,248,1.9333,96.4,34.9,0.5,1.0
cell_010,249,1.9125,95.36,34.9,0.5,1.0
cell_010,250,1.8823,93.86,34.9,0.5,1.0
cell_010,251,1.9386,96.67,34.9,0.5,1.0
cell_010,252,1.948,97.14,34.9,0.5,1.0
cell_010,253,1.9248,95.98,34.9,0.5,1.0
cell_010,254,1.8768,93.58,34.9,0.5,1.0
cell_010,255,1.9103,95.25,34.9,0.5,1.0
cell_010,256,1.9278,96.13,34.9,0.5,1.0
cell_010,257,1.8873,94.11,34.9,0.5,1.0
cell_010,258,1.8842,93.95,34.9,0.5,1.0
cell_010,259,1.8931,94.4,34.9,0.5,1.0
cell_010,260,1.9327,96.37,34.9,0.5,1.0
cell_010,261,1.9338,96.43,34.9,0.5,1.0
cell_010,262,1.8983,94.66,34.9,0.5,1.0
cell_010,263,1.8698,93.24,34.9,0.5,1.0
cell_010,264,1.868,93.14,34.9,0.5,1.0
cell_010,265,1.8803,93.76,34.9,0.5,1.0
cell_010,266,1.8865,94.07,34.9,0.5,1.0
cell_010,267,1.8656,93.03,34.9,0.5,1.0
cell_010,268,1.9403,96.75,34.9,0.5,1.0
cell_010,269,1.9353,96.5,34.9,0.5,1.0
cell_010,270,1.877,93.59,34.9,0.5,1.0
cell_010,271,1.9364,96.56,34.9,0.5,1.0
cell_010,272,1.8839,93.94,34.9,0.5,1.0
cell_010,273,1.9298,96.22,34.9,0.5,1.0
cell_010,274,1.9343,96.45,34.9,0.5,1.0
cell_010,275,1.8693,93.21,34.9,0.5,1.0
cell_010,276,1.8741,93.45,34.9,0.5,1.0
cell_010,277,1.8663,93.06,34.9,0.5,1.0
cell_010,278,1.9164,95.56,34.9,0.5,1.0
cell_010,279,1.9272,96.1,34.9,0.5,1.0
cell_010,280,1.8786,93.67,34.9,0.5,1.0
cell_010,281,1.8808,93.78,34.9,0.5,1.0
cell_010,282,1.8962,94.55,34.9,0.5,1.0
cell_010,283,1.8754,93.51,34.9,0.5,1.0
cell_010,284,1.8716,93.33,34.9,0.5,1.0
cell_010,285,1.9212,95.8,34.9,0.5,1.0
cell_010,286,1.8875,94.12,34.9,0.5,1.0
cell_010,287,1.9119,95.33,34.9,0.5,1.0
cell_010,288,1.9297,96.22,34.9,0.5,1.0
cell_010,289,1.8674,93.11,34.9,0.5,1.0
cell_010,290,1.9069,95.09,34.9,0.5,1.0
cell_010,291,1.8752,93.5,34.9,0.5,1.0
cell_010,292,1.8598,92.74,34.9,0.5,1.0
cell_010,293,1.9118,95.33,34.9,0.5,1.0
cell_010,294,1.8543,92.46,34.9,0.5,1.0
cell_010,295,1.913,95.39,34.9,0.5,1.0
cell_010,296,1.8963,94.56,34.9,0.5,1.0
cell_010,297,1.9231,95.89,34.9,0.5,1.0
cell_010,298,1.8901,94.25,34.9,0.5,1.0
cell_010,299,1.859,92.7,34.9,0.5,1.0
cell_010,300,1.9267,96.07,34.9,0.5,1.0
cell_010,301,1.8653,93.01,34.9,0.5,1.0
cell_010,302,1.8558,92.54,34.9,0.5,1.0
cell_010,303,1.9,94.74,34.9,0.5,1.0
cell_010,304,1.9179,95.63,34.9,0.5,1.0
cell_010,305,1.9188,95.68,34.9,0.5,1.0
cell_010,306,1.9028,94.88,34.9,0.5,1.0
cell_010,307,1.9218,95.83,34.9,0.5,1.0
cell_010,308,1.914,95.44,34.9,0.5,1.0
cell_010,309,1.9215,95.81,34.9,0.5,1.0
cell_010,310,1.9076,95.12,34.9,0.5,1.0
cell_010,311,1.8743,93.46,34.9,0.5,1.0
cell_010,312,1.9256,96.02,34.9,0.5,1.0
cell_010,313,1.9088,95.18,34.9,0.5,1.0
cell_010,314,1.8873,94.11,34.9,0.5,1.0
cell_010,315,1.8611,92.8,34.9,0.5,1.0
cell_010,316,1.9054,95.01,34.9,0.5,1.0
cell_010,317,1.8739,93.44,34.9,0.5,1.0
cell_010,318,1.9157,95.53,34.9,0.5,1.0
cell_010,319,1.8584,92.67,34.9,0.5,1.0
cell_010,320,1.8748,93.48,34.9,0.5,1.0
cell_010,321,1.9006,94.77,34.9,0.5,1.0
cell_010,322,1.8679,93.14,34.9,0.5,1.0
cell_010,323,1.8747,93.48,34.9,0.5,1.0
cell_010,324,1.9153,95.5,34.9,0.5,1.0
cell_010,325,1.8547,92.48,34.9,0.5,1.0
cell_010,326,1.8432,91.91,34.9,0.5,1.0
cell_010,327,1.8909,94.29,34.9,0.5,1.0
cell_010,328,1.9009,94.79,34.9,0.5,1.0
cell_010,329,1.904,94.94,34.9,0.5,1.0
cell_010,330,1.9056,95.02,34.9,0.5,1.0
cell_010,331,1.9053,95.01,34.9,0.5,1.0
cell_010,332,1.8792,93.71,34.9,0.5,1.0
cell_010,333,1.8925,94.37,34.9,0.5,1.0
cell_010,334,1.8411,91.8,34.9,0.5,1.0
cell_010,335,1.8903,94.26,34.9,0.5,1.0
cell_010,336,1.8922,94.35,34.9,0.5,1.0
cell_010,337,1.8644,92.97,34.9,0.5,1.0
cell_010,338,1.84,91.75,34.9,0.5,1.0
cell_010,339,1.8615,92.82,34.9,0.5,1.0
cell_010,340,1.9136,95.42,34.9,0.5,1.0
cell_010,341,1.8653,93.01,34.9,0.5,1.0
cell_010,342,1.8524,92.37,34.9,0.5,1.0
cell_010,343,1.8581,92.65,34.9,0.5,1.0
cell_010,344,1.8431,91.9,34.9,0.5,1.0
cell_010,345,1.8894,94.21,34.9,0.5,1.0
cell_010,346,1.8482,92.16,34.9,0.5,1.0
cell_010,347,1.909,95.19,34.9,0.5,1.0
cell_010,348,1.8421,91.85,34.9,0.5,1.0
cell_010,349,1.8743,93.46,34.9,0.5,1.0
cell_010,350,1.9034,94.91,34.9,0.5,1.0
cell_010,351,1.8674,93.12,34.9,0.5,1.0
cell_010,352,1.8419,91.84,34.9,0.5,1.0
cell_010,353,1.8401,91.76,34.9,0.5,1.0
cell_010,354,1.8514,92.32,34.9,0.5,1.0
cell_010,355,1.8933,94.4,34.9,0.5,1.0
cell_010,356,1.8806,93.77,34.9,0.5,1.0
cell_010,357,1.8781,93.65,34.9,0.5,1.0
cell_010,358,1.8907,94.28,34.9,0.5,1.0
cell_010,359,1.8392,91.71,34.9,0.5,1.0
cell_010,360,1.8645,92.97,34.9,0.5,1.0
cell_010,361,1.8464,92.07,34.9,0.5,1.0
cell_010,362,1.8805,93.77,34.9,0.5,1.0
cell_010,363,1.8533,92.41,34.9,0.5,1.0
cell_010,364,1.8499,92.24,34.9,0.5,1.0
cell_010,365,1.8965,94.57,34.9,0.5,1.0
cell_010,366,1.8998,94.73,34.9,0.5,1.0
cell_010,367,1.8896,94.22,34.9,0.5,1.0
cell_010,368,1.8906,94.27,34.9,0.5,1.0
cell_010,369,1.8422,91.86,34.9,0.5,1.0
cell_010,370,1.8467,92.08,34.9,0.5,1.0
cell_010,371,1.8539,92.44,34.9,0.5,1.0
cell_010,372,1.892,94.34,34.9,0.5,1.0
cell_010,373,1.8521,92.35,34.9,0.5,1.0
cell_010,374,1.8429,91.89,34.9,0.5,1.0
cell_010,375,1.8239,90.95,34.9,0.5,1.0
cell_010,376,1.8714,93.32,34.9,0.5,1.0
cell_010,377,1.862,92.84,34.9,0.5,1.0
cell_010,378,1.8211,90.81,34.9,0.5,1.0
cell_010,379,1.8819,93.84,34.9,0.5,1.0
cell_010,380,1.8593,92.71,34.9,0.5,1.0
cell_010,381,1.8202,90.76,34.9,0.5,1.0
cell_010,382,1.8658,93.04,34.9,0.5,1.0
cell_010,383,1.8789,93.69,34.9,0.5,1.0
cell_010,384,1.8757,93.53,34.9,0.5,1.0
cell_010,385,1.8932,94.4,34.9,0.5,1.0
cell_010,386,1.8341,91.45,34.9,0.5,1.0
cell_010,387,1.8154,90.52,34.9,0.5,1.0
cell_010,388,1.8774,93.62,34.9,0.5,1.0
cell_010,389,1.8593,92.71,34.9,0.5,1.0
cell_010,390,1.8228,90.89,34.9,0.5,1.0
cell_010,391,1.8288,91.19,34.9,0.5,1.0
cell_010,392,1.8133,90.42,34.9,0.5,1.0
cell_010,393,1.8481,92.15,34.9,0.5,1.0
cell_010,394,1.8529,92.39,34.9,0.5,1.0
cell_010,395,1.8356,91.53,34.9,0.5,1.0
cell_010,396,1.8888,94.18,34.9,0.5,1.0
cell_010,397,1.8728,93.39,34.9,0.5,1.0
cell_010,398,1.8322,91.36,34.9,0.5,1.0
cell_010,399,1.8538,92.44,34.9,0.5,1.0
cell_010,400,1.8359,91.55,34.9,0.5,1.0
cell_010,401,1.8295,91.23,34.9,0.5,1.0
cell_010,402,1.8237,90.94,34.9,0.5,1.0
cell_010,403,1.866,93.04,34.9,0.5,1.0
cell_010,404,1.8121,90.36,34.9,0.5,1.0
cell_010,405,1.8353,91.51,34.9,0.5,1.0
cell_010,406,1.8194,90.72,34.9,0.5,1.0
cell_010,407,1.8134,90.42,34.9,0.5,1.0
cell_010,408,1.8305,91.27,34.9,0.5,1.0
cell_010,409,1.8519,92.34,34.9,0.5,1.0
cell_010,410,1.8122,90.36,34.9,0.5,1.0
cell_010,411,1.8676,93.13,34.9,0.5,1.0
cell_010,412,1.8825,93.87,34.9,0.5,1.0
cell_010,413,1.8623,92.86,34.9,0.5,1.0
cell_010,414,1.8199,90.75,34.9,0.5,1.0
cell_010,415,1.8038,89.95,34.9,0.5,1.0
cell_010,416,1.8557,92.53,34.9,0.5,1.0
cell_010,417,1.8066,90.08,34.9,0.5,1.0
cell_010,418,1.822,90.85,34.9,0.5,1.0
cell_010,419,1.8621,92.85,34.9,0.5,1.0
cell_010,420,1.8149,90.5,34.9,0.5,1.0
cell_010,421,1.8784,93.66,34.9,0.5,1.0
cell_010,422,1.853,92.4,34.9,0.5,1.0
cell_010,423,1.8693,93.21,34.9,0.5,1.0
cell_010,424,1.8716,93.33,34.9,0.5,1.0
cell_010,425,1.8471,92.1,34.9,0.5,1.0
cell_010,426,1.845,92.0,34.9,0.5,1.0
cell_010,427,1.8402,91.76,34.9,0.5,1.0
cell_010,428,1.809,90.2,34.9,0.5,1.0
cell_010,429,1.8264,91.07,34.9,0.5,1.0
cell_010,430,1.797,89.61,34.9,0.5,1.0
cell_010,431,1.8676,93.13,34.9,0.5,1.0
cell_010,432,1.8732,93.41,34.9,0.5,1.0
cell_010,433,1.8382,91.66,34.9,0.5,1.0
cell_010,434,1.7954,89.53,34.9,0.5,1.0
cell_010,435,1.873,93.39,34.9,0.5,1.0
cell_010,436,1.7987,89.69,34.9,0.5,1.0
cell_010,437,1.8251,91.0,34.9,0.5,1.0
cell_010,438,1.8493,92.21,34.9,0.5,1.0
cell_010,439,1.7964,89.58,34.9,0.5,1.0
cell_010,440,1.8344,91.47,34.9,0.5,1.0
cell_010,441,1.822,90.85,34.9,0.5,1.0
cell_010,442,1.8684,93.16,34.9,0.5,1.0
cell_010,443,1.8259,91.05,34.9,0.5,1.0
cell_010,444,1.8442,91.96,34.9,0.5,1.0
cell_010,445,1.8502,92.26,34.9,0.5,1.0
cell_010,446,1.8458,92.04,34.9,0.5,1.0
cell_010,447,1.8508,92.29,34.9,0.5,1.0
cell_010,448,1.8441,91.96,34.9,0.5,1.0
cell_010,449,1.8198,90.74,34.9,0.5,1.0
cell_010,450,1.7995,89.73,34.9,0.5,1.0
cell_010,451,1.8256,91.03,34.9,0.5,1.0
cell_010,452,1.8339,91.44,34.9,0.5,1.0
cell_010,453,1.8376,91.63,34.9,0.5,1.0
cell_010,454,1.8051,90.01,34.9,0.5,1.0
cell_010,455,1.8209,90.8,34.9,0.5,1.0
cell_010,456,1.8153,90.52,34.9,0.5,1.0
cell_010,457,1.7894,89.23,34.9,0.5,1.0
cell_010,458,1.8609,92.79,34.9,0.5,1.0
cell_010,459,1.8234,90.92,34.9,0.5,1.0
cell_010,460,1.8132,90.42,34.9,0.5,1.0
cell_010,461,1.8334,91.42,34.9,0.5,1.0
cell_010,462,1.8162,90.56,34.9,0.5,1.0
cell_010,463,1.8331,91.41,34.9,0.5,1.0
cell_010,464,1.8419,91.85,34.9,0.5,1.0
cell_010,465,1.824,90.95,34.9,0.5,1.0
cell_010,466,1.8211,90.81,34.9,0.5,1.0
cell_010,467,1.8182,90.66,34.9,0.5,1.0
cell_010,468,1.8473,92.11,34.9,0.5,1.0
cell_010,469,1.8295,91.23,34.9,0.5,1.0
cell_010,470,1.8323,91.36,34.9,0.5,1.0
cell_010,471,1.846,92.05,34.9,0.5,1.0
cell_010,472,1.8478,92.14,34.9,0.5,1.0
cell_010,473,1.7863,89.07,34.9,0.5,1.0
cell_010,474,1.7806,88.79,34.9,0.5,1.0
cell_010,475,1.8328,91.39,34.9,0.5,1.0
cell_010,476,1.821,90.8,34.9,0.5,1.0
cell_010,477,1.8491,92.2,34.9,0.5,1.0
cell_010,478,1.8367,91.59,34.9,0.5,1.0
cell_010,479,1.7909,89.3,34.9,0.5,1.0
cell_010,480,1.8314,91.32,34.9,0.5,1.0
cell_010,481,1.8017,89.84,34.9,0.5,1.0
cell_010,482,1.8165,90.58,34.9,0.5,1.0
cell_010,483,1.7946,89.49,34.9,0.5,1.0
cell_010,484,1.8356,91.53,34.9,0.5,1.0
cell_010,485,1.7829,88.9,34.9,0.5,1.0
cell_010,486,1.8422,91.86,34.9,0.5,1.0
cell_010,487,1.7894,89.23,34.9,0.5,1.0
cell_010,488,1.7793,88.72,34.9,0.5,1.0
cell_010,489,1.8005,89.78,34.9,0.5,1.0
cell_010,490,1.7808,88.8,34.9,0.5,1.0
cell_010,491,1.8086,90.19,34.9,0.5,1.0
cell_010,492,1.8251,91.0,34.9,0.5,1.0
cell_010,493,1.8,89.75,34.9,0.5,1.0
cell_010,494,1.7803,88.77,34.9,0.5,1.0
cell_010,495,1.8411,91.8,34.9,0.5,1.0
cell_010,496,1.8258,91.04,34.9,0.5,1.0
cell_010,497,1.8262,91.06,34.9,0.5,1.0
cell_010,498,1.767,88.11,34.9,0.5,1.0
cell_010,499,1.8195,90.73,34.9,0.5,1.0
cell_010,500,1.7976,89.64,34.9,0.5,1.0
cell_010,501,1.7832,88.92,34.9,0.5,1.0
cell_010,502,1.8097,90.24,34.9,0.5,1.0
cell_010,503,1.7901,89.26,34.9,0.5,1.0
cell_010,504,1.8243,90.97,34.9,0.5,1.0
cell_010,505,1.7826,88.89,34.9,0.5,1.0
cell_010,506,1.7693,88.22,34.9,0.5,1.0
cell_010,507,1.8323,91.37,34.9,0.5,1.0
cell_010,508,1.7815,88.83,34.9,0.5,1.0
cell_010,509,1.8289,91.2,34.9,0.5,1.0
cell_010,510,1.8082,90.17,34.9,0.5,1.0
cell_010,511,1.8134,90.42,34.9,0.5,1.0
cell_010,512,1.7813,88.82,34.9,0.5,1.0
cell_010,513,1.8183,90.67,34.9,0.5,1.0
cell_010,514,1.797,89.61,34.9,0.5,1.0
cell_010,515,1.7988,89.69,34.9,0.5,1.0
cell_010,516,1.7624,87.88,34.9,0.5,1.0
cell_010,517,1.7838,88.95,34.9,0.5,1.0
cell_010,518,1.8243,90.97,34.9,0.5,1.0
cell_010,519,1.8278,91.14,34.9,0.5,1.0
cell_010,520,1.7598,87.75,34.9,0.5,1.0
cell_010,521,1.7923,89.37,34.9,0.5,1.0
cell_010,522,1.7954,89.53,34.9,0.5,1.0
cell_010,523,1.7691,88.21,34.9,0.5,1.0
cell_010,524,1.7608,87.8,34.9,0.5,1.0
cell_010,525,1.7807,88.79,34.9,0.5,1.0
cell_010,526,1.8133,90.42,34.9,0.5,1.0
cell_010,527,1.7863,89.07,34.9,0.5,1.0
cell_010,528,1.8188,90.69,34.9,0.5,1.0
cell_010,529,1.7677,88.14,34.9,0.5,1.0
cell_010,530,1.7871,89.11,34.9,0.5,1.0
cell_010,531,1.7984,89.67,34.9,0.5,1.0
cell_010,532,1.7756,88.54,34.9,0.5,1.0
cell_010,533,1.7824,88.88,34.9,0.5,1.0
cell_010,534,1.7869,89.1,34.9,0.5,1.0
cell_010,535,1.811,90.3,34.9,0.5,1.0
cell_010,536,1.8273,91.11,34.9,0.5,1.0
cell_010,537,1.8264,91.07,34.9,0.5,1.0
cell_010,538,1.7763,88.57,34.9,0.5,1.0
cell_010,539,1.8253,91.02,34.9,0.5,1.0
cell_010,540,1.7774,88.63,34.9,0.5,1.0
cell_010,541,1.7758,88.55,34.9,0.5,1.0
cell_010,542,1.7787,88.69,34.9,0.5,1.0
cell_010,543,1.7795,88.73,34.9,0.5,1.0
cell_010,544,1.7635,87.94,34.9,0.5,1.0
cell_010,545,1.7889,89.2,34.9,0.5,1.0
cell_010,546,1.7602,87.77,34.9,0.5,1.0
cell_010,547,1.7621,87.86,34.9,0.5,1.0
cell_010,548,1.8149,90.5,34.9,0.5,1.0
cell_010,549,1.7671,88.11,34.9,0.5,1.0
cell_010,550,1.7513,87.33,34.9,0.5,1.0
cell_010,551,1.7809,88.8,34.9,0.5,1.0
cell_010,552,1.7686,88.19,34.9,0.5,1.0
cell_010,553,1.7447,87.0,34.9,0.5,1.0
cell_010,554,1.8081,90.16,34.9,0.5,1.0
cell_010,555,1.796,89.56,34.9,0.5,1.0
cell_010,556,1.7941,89.46,34.9,0.5,1.0
cell_010,557,1.7479,87.16,34.9,0.5,1.0
cell_010,558,1.7931,89.41,34.9,0.5,1.0
cell_010,559,1.8118,90.35,34.9,0.5,1.0
cell_010,560,1.7968,89.6,34.9,0.5,1.0
cell_010,561,1.7717,88.34,34.9,0.5,1.0
cell_010,562,1.8096,90.23,34.9,0.5,1.0
cell_010,563,1.802,89.85,34.9,0.5,1.0
cell_010,564,1.7571,87.62,34.9,0.5,1.0
cell_010,565,1.7455,87.04,34.9,0.5,1.0
cell_010,566,1.7839,88.95,34.9,0.5,1.0
cell_010,567,1.795,89.51,34.9,0.5,1.0
cell_010,568,1.7498,87.25,34.9,0.5,1.0
cell_010,569,1.799,89.7,34.9,0.5,1.0
cell_010,570,1.797,89.61,34.9,0.5,1.0
cell_010,571,1.7894,89.23,34.9,0.5,1.0
cell_010,572,1.7899,89.25,34.9,0.5,1.0
cell_010,573,1.8087,90.19,34.9,0.5,1.0
cell_010,574,1.754,87.46,34.9,0.5,1.0
cell_010,575,1.7877,89.14,34.9,0.5,1.0
cell_010,576,1.7663,88.07,34.9,0.5,1.0
cell_010,577,1.761,87.81,34.9,0.5,1.0
cell_010,578,1.7463,87.08,34.9,0.5,1.0
cell_010,579,1.7378,86.65,34.9,0.5,1.0
cell_010,580,1.7785,88.68,34.9,0.5,1.0
cell_010,581,1.7801,88.76,34.9,0.5,1.0
cell_010,582,1.8042,89.96,34.9,0.5,1.0
cell_010,583,1.7718,88.35,34.9,0.5,1.0
cell_010,584,1.7871,89.11,34.9,0.5,1.0
cell_010,585,1.7313,86.33,34.9,0.5,1.0
cell_010,586,1.7791,88.71,34.9,0.5,1.0
cell_010,587,1.7814,88.83,34.9,0.5,1.0
cell_010,588,1.7664,88.08,34.9,0.5,1.0
cell_010,589,1.7926,89.39,34.9,0.5,1.0
cell_010,590,1.738,86.66,34.9,0.5,1.0
cell_010,591,1.8044,89.97,34.9,0.5,1.0
cell_010,592,1.7515,87.34,34.9,0.5,1.0
cell_010,593,1.7812,88.82,34.9,0.5,1.0
cell_010,594,1.7991,89.71,34.9,0.5,1.0
cell_010,595,1.7931,89.41,34.9,0.5,1.0
cell_010,596,1.7723,88.38,34.9,0.5,1.0
cell_010,597,1.764,87.96,34.9,0.5,1.0
cell_010,598,1.7842,88.97,34.9,0.5,1.0
cell_010,599,1.7377,86.65,34.9,0.5,1.0
cell_010,600,1.8015,89.83,34.9,0.5,1.0
cell_010,601,1.7243,85.98,34.9,0.5,1.0
cell_010,602,1.7438,86.95,34.9,0.5,1.0
cell_010,603,1.7847,88.99,34.9,0.5,1.0
cell_010,604,1.78,88.76,34.9,0.5,1.0
cell_010,605,1.7376,86.65,34.9,0.5,1.0
cell_010,606,1.7702,88.27,34.9,0.5,1.0
cell_010,607,1.7273,86.13,34.9,0.5,1.0
cell_010,608,1.7765,88.58,34.9,0.5,1.0
cell_010,609,1.7354,86.53,34.9,0.5,1.0
cell_010,610,1.7323,86.38,34.9,0.5,1.0
cell_010,611,1.7953,89.52,34.9,0.5,1.0
cell_010,612,1.7381,86.67,34.9,0.5,1.0
cell_010,613,1.7369,86.61,34.9,0.5,1.0
cell_010,614,1.782,88.86,34.9,0.5,1.0
cell_010,615,1.7505,87.29,34.9,0.5,1.0
cell_010,616,1.7852,89.02,34.9,0.5,1.0
cell_010,617,1.771,88.31,34.9,0.5,1.0
cell_010,618,1.7849,89.0,34.9,0.5,1.0
cell_010,619,1.7884,89.18,34.9,0.5,1.0
cell_010,620,1.7489,87.21,34.9,0.5,1.0
cell_010,621,1.7802,88.77,34.9,0.5,1.0
cell_010,622,1.7694,88.23,34.9,0.5,1.0
cell_010,623,1.7209,85.81,34.9,0.5,1.0
cell_010,624,1.7882,89.17,34.9,0.5,1.0
cell_010,625,1.7696,88.24,34.9,0.5,1.0
cell_010,626,1.7502,87.27,34.9,0.5,1.0
cell_010,627,1.7622,87.87,34.9,0.5,1.0
cell_010,628,1.7476,87.14,34.9,0.5,1.0
cell_010,629,1.7695,88.23,34.9,0.5,1.0
cell_010,630,1.7555,87.53,34.9,0.5,1.0
cell_010,631,1.7435,86.94,34.9,0.5,1.0
cell_010,632,1.7812,88.82,34.9,0.5,1.0
cell_010,633,1.7866,89.09,34.9,0.5,1.0
cell_010,634,1.74,86.76,34.9,0.5,1.0
cell_010,635,1.7256,86.04,34.9,0.5,1.0
cell_010,636,1.7065,85.1,34.9,0.5,1.0
cell_010,637,1.7438,86.95,34.9,0.5,1.0
cell_010,638,1.7148,85.51,34.9,0.5,1.0
cell_010,639,1.7337,86.45,34.9,0.5,1.0
cell_010,640,1.7097,85.25,34.9,0.5,1.0
cell_010,641,1.7357,86.55,34.9,0.5,1.0
cell_010,642,1.7352,86.52,34.9,0.5,1.0
cell_010,643,1.7665,88.09,34.9,0.5,1.0
cell_010,644,1.7192,85.72,34.9,0.5,1.0
cell_010,645,1.7546,87.49,34.9,0.5,1.0
cell_010,646,1.7259,86.06,34.9,0.5,1.0
cell_010,647,1.7675,88.13,34.9,0.5,1.0
cell_010,648,1.7648,88.0,34.9,0.5,1.0
cell_010,649,1.742,86.86,34.9,0.5,1.0
cell_010,650,1.7516,87.34,34.9,0.5,1.0
cell_010,651,1.7365,86.59,34.9,0.5,1.0
cell_010,652,1.7273,86.13,34.9,0.5,1.0
cell_010,653,1.7473,87.13,34.9,0.5,1.0
cell_010,654,1.7414,86.83,34.9,0.5,1.0
cell_010,655,1.7382,86.67,34.9,0.5,1.0
cell_010,656,1.7528,87.4,34.9,0.5,1.0
cell_010,657,1.7217,85.85,34.9,0.5,1.0
cell_010,658,1.7471,87.12,34.9,0.5,1.0
cell_010,659,1.7032,84.93,34.9,0.5,1.0
cell_010,660,1.6969,84.61,34.9,0.5,1.0
cell_010,661,1.7176,85.64,34.9,0.5,1.0
cell_010,662,1.7528,87.4,34.9,0.5,1.0
cell_010,663,1.7374,86.63,34.9,0.5,1.0
cell_010,664,1.7144,85.49,34.9,0.5,1.0
cell_010,665,1.7071,85.12,34.9,0.5,1.0
cell_010,666,1.6958,84.56,34.9,0.5,1.0
cell_010,667,1.7448,87.0,34.9,0.5,1.0
cell_010,668,1.7629,87.9,34.9,0.5,1.0
cell_010,669,1.7245,85.99,34.9,0.5,1.0
cell_010,670,1.7285,86.19,34.9,0.5,1.0
cell_010,671,1.6984,84.69,34.9,0.5,1.0
cell_010,672,1.7222,85.88,34.9,0.5,1.0
cell_010,673,1.6924,84.39,34.9,0.5,1.0
cell_010,674,1.7508,87.3,34.9,0.5,1.0
cell_010,675,1.7486,87.19,34.9,0.5,1.0
cell_010,676,1.7593,87.73,34.9,0.5,1.0
cell_010,677,1.7603,87.78,34.9,0.5,1.0
cell_010,678,1.7134,85.44,34.9,0.5,1.0
cell_010,679,1.7137,85.45,34.9,0.5,1.0
cell_010,680,1.7181,85.67,34.9,0.5,1.0
cell_010,681,1.7054,85.04,34.9,0.5,1.0
cell_010,682,1.7005,84.79,34.9,0.5,1.0
cell_010,683,1.7068,85.11,34.9,0.5,1.0
cell_010,684,1.7509,87.31,34.9,0.5,1.0
cell_010,685,1.6967,84.61,34.9,0.5,1.0
cell_010,686,1.6903,84.28,34.9,0.5,1.0
cell_010,687,1.7391,86.72,34.9,0.5,1.0
cell_010,688,1.6987,84.7,34.9,0.5,1.0
cell_010,689,1.7026,84.9,34.9,0.5,1.0
cell_010,690,1.7597,87.75,34.9,0.5,1.0
cell_010,691,1.701,84.82,34.9,0.5,1.0
cell_010,692,1.7303,86.28,34.9,0.5,1.0
cell_010,693,1.7568,87.6,34.9,0.5,1.0
cell_010,694,1.718,85.67,34.9,0.5,1.0
cell_010,695,1.7084,85.19,34.9,0.5,1.0
cell_010,696,1.7403,86.78,34.9,0.5,1.0
cell_010,697,1.7079,85.16,34.9,0.5,1.0
cell_010,698,1.724,85.96,34.9,0.5,1.0
cell_010,699,1.7175,85.64,34.9,0.5,1.0
cell_010,700,1.7356,86.55,34.9,0.5,1.0
cell_010,701,1.7266,86.09,34.9,0.5,1.0
cell_010,702,1.696,84.57,34.9,0.5,1.0
cell_010,703,1.72,85.77,34.9,0.5,1.0
cell_010,704,1.6746,83.5,34.9,0.5,1.0
cell_010,705,1.6972,84.63,34.9,0.5,1.0
cell_010,706,1.7517,87.35,34.9,0.5,1.0
cell_010,707,1.6857,84.06,34.9,0.5,1.0
cell_010,708,1.6919,84.37,34.9,0.5,1.0
cell_010,709,1.7397,86.75,34.9,0.5,1.0
cell_010,710,1.7448,87.0,34.9,0.5,1.0
cell_010,711,1.7104,85.29,34.9,0.5,1.0
cell_010,712,1.7072,85.13,34.9,0.5,1.0
cell_010,713,1.7295,86.24,34.9,0.5,1.0
cell_010,714,1.7293,86.23,34.9,0.5,1.0
cell_010,715,1.6951,84.52,34.9,0.5,1.0
cell_010,716,1.6948,84.51,34.9,0.5,1.0
cell_010,717,1.7173,85.63,34.9,0.5,1.0
cell_010,718,1.6755,83.55,34.9,0.5,1.0
cell_010,719,1.7084,85.19,34.9,0.5,1.0
cell_010,720,1.6952,84.53,34.9,0.5,1.0
cell_010,721,1.6956,84.55,34.9,0.5,1.0
cell_010,722,1.7308,86.31,34.9,0.5,1.0
cell_010,723,1.7194,85.73,34.9,0.5,1.0
cell_010,724,1.7115,85.34,34.9,0.5,1.0
cell_010,725,1.692,84.37,34.9,0.5,1.0
cell_010,726,1.6966,84.6,34.9,0.5,1.0
cell_010,727,1.7057,85.05,34.9,0.5,1.0
cell_010,728,1.6828,83.91,34.9,0.5,1.0
cell_010,729,1.7013,84.83,34.9,0.5,1.0
cell_010,730,1.7403,86.78,34.9,0.5,1.0
cell_010,731,1.6931,84.42,34.9,0.5,1.0
cell_010,732,1.6702,83.28,34.9,0.5,1.0
cell_010,733,1.7165,85.59,34.9,0.5,1.0
cell_010,734,1.7329,86.41,34.9,0.5,1.0
cell_010,735,1.7133,85.43,34.9,0.5,1.0
cell_010,736,1.7181,85.67,34.9,0.5,1.0
cell_010,737,1.7296,86.24,34.9,0.5,1.0
cell_010,738,1.676,83.57,34.9,0.5,1.0
cell_010,739,1.7333,86.43,34.9,0.5,1.0
cell_010,740,1.7054,85.04,34.9,0.5,1.0
cell_010,741,1.6712,83.33,34.9,0.5,1.0
cell_010,742,1.6669,83.12,34.9,0.5,1.0
cell_010,743,1.6627,82.91,34.9,0.5,1.0
cell_010,744,1.7022,84.88,34.9,0.5,1.0
cell_010,745,1.7238,85.95,34.9,0.5,1.0
cell_010,746,1.6645,83.0,34.9,0.5,1.0
cell_010,747,1.6773,83.64,34.9,0.5,1.0
cell_010,748,1.7247,86.0,34.9,0.5,1.0
cell_010,749,1.7303,86.28,34.9,0.5,1.0
cell_010,750,1.7143,85.48,34.9,0.5,1.0
cell_010,751,1.6908,84.31,34.9,0.5,1.0
cell_010,752,1.7222,85.88,34.9,0.5,1.0
cell_010,753,1.6703,83.29,34.9,0.5,1.0
cell_010,754,1.729,86.22,34.9,0.5,1.0
cell_010,755,1.6575,82.65,34.9,0.5,1.0
cell_010,756,1.6834,83.94,34.9,0.5,1.0
cell_010,757,1.7113,85.33,34.9,0.5,1.0
cell_010,758,1.7214,85.83,34.9,0.5,1.0
cell_010,759,1.6694,83.24,34.9,0.5,1.0
cell_010,760,1.7281,86.17,34.9,0.5,1.0
cell_010,761,1.7218,85.86,34.9,0.5,1.0
cell_010,762,1.6579,82.67,34.9,0.5,1.0
cell_010,763,1.6961,84.58,34.9,0.5,1.0
cell_010,764,1.724,85.97,34.9,0.5,1.0
cell_010,765,1.7077,85.15,34.9,0.5,1.0
cell_010,766,1.6829,83.92,34.9,0.5,1.0
cell_010,767,1.6603,82.79,34.9,0.5,1.0
cell_010,768,1.705,85.02,34.9,0.5,1.0
cell_010,769,1.6642,82.98,34.9,0.5,1.0
cell_010,770,1.69,84.27,34.9,0.5,1.0
cell_010,771,1.7067,85.1,34.9,0.5,1.0
cell_010,772,1.7195,85.74,34.9,0.5,1.0
cell_010,773,1.6576,82.65,34.9,0.5,1.0
cell_010,774,1.683,83.92,34.9,0.5,1.0
cell_010,775,1.6984,84.69,34.9,0.5,1.0
cell_010,776,1.6491,82.23,34.9,0.5,1.0
cell_010,777,1.6694,83.24,34.9,0.5,1.0
cell_010,778,1.7049,85.01,34.9,0.5,1.0
cell_010,779,1.72,85.77,34.9,0.5,1.0
cell_010,780,1.6437,81.96,34.9,0.5,1.0
cell_010,781,1.6674,83.14,34.9,0.5,1.0
cell_010,782,1.7142,85.48,34.9,0.5,1.0
cell_010,783,1.6655,83.05,34.9,0.5,1.0
cell_010,784,1.6999,84.77,34.9,0.5,1.0
cell_010,785,1.6955,84.54,34.9,0.5,1.0
cell_010,786,1.6735,83.45,34.9,0.5,1.0
cell_010,787,1.7037,84.95,34.9,0.5,1.0
cell_010,788,1.6911,84.32,34.9,0.5,1.0
cell_010,789,1.6648,83.02,34.9,0.5,1.0
cell_010,790,1.6361,81.58,34.9,0.5,1.0
cell_010,791,1.7046,85.0,34.9,0.5,1.0
cell_010,792,1.6995,84.74,34.9,0.5,1.0
cell_010,793,1.6538,82.47,34.9,0.5,1.0
cell_010,794,1.6616,82.85,34.9,0.5,1.0
cell_010,795,1.6329,81.42,34.9,0.5,1.0
cell_010,796,1.6342,81.49,34.9,0.5,1.0
cell_010,797,1.6723,83.39,34.9,0.5,1.0
cell_010,798,1.6646,83.0,34.9,0.5,1.0
cell_010,799,1.7009,84.81,34.9,0.5,1.0
cell_010,800,1.6947,84.5,34.9,0.5,1.0
