distance_km,trip_duration_s,rated_range_km,ambient_temp_c,aggressiveness_score,hard_braking_pct,hard_accel_pct,roughness_score,pothole_density_per_km,thermal_stress_index,is_extreme_heat,traffic_factor,idle_fraction,num_stops,avg_moving_speed_kmh,load_factor,load_ratio,total_mass_kg,actual_range_km,city,season,total_energy_kwh,trip_id
20.557181155091246,3818,120.0,16.7,0.62,0.0,0.0,4.46,2.09,1.33,0,2.25,0.0021,3,19.42,6.92,1.1922,506.7,104.74,bengaluru,winter,1.4035,0
18.9744774823772,3563,120.0,37.4,0.64,0.0,0.0,3.31,2.27,5.06,0,2.21,0.0022,1,19.21,6.63,1.1631,494.3,134.48,chennai,summer,1.0792,1
7.494113307657907,1400,120.0,34.7,0.59,0.0,0.0,3.65,2.14,3.8,0,2.25,0.0021,1,19.31,7.2,1.2195,518.3,114.31,chennai,summer,0.5112,2
4.790094609071623,855,120.0,35.4,0.64,0.0,0.0,5.3,2.71,4.07,0,2.1,0.0012,0,20.19,6.62,1.1616,493.7,150.37,bengaluru,summer,0.2461,3
7.806403582423591,1396,120.0,46.0,0.62,0.0,0.0,5.2,3.07,8.62,1,2.1,0.0007,0,20.15,5.07,1.0066,427.8,156.0,chennai,summer,0.3479,4
17.503075416773353,3290,120.0,27.1,0.61,0.0,0.0,4.23,2.63,1.91,0,2.21,0.0021,1,19.19,5.55,1.0548,448.3,156.0,chennai,monsoon,0.7998,5
3.6840090015299847,675,120.0,21.3,0.61,0.0,0.0,5.8,2.99,1.4,0,2.15,0.003,0,19.7,5.17,1.0174,432.4,156.0,delhi,monsoon,0.1675,6
8.846446132382233,1738,120.0,26.4,0.63,0.0,0.0,3.51,2.49,2.15,0,2.32,0.004,1,18.4,6.68,1.1685,496.6,135.14,bengaluru,monsoon,0.5022,7
3.176007233046612,602,120.0,40.8,0.63,0.0,0.0,4.77,1.57,6.8,1,2.2,0.0033,0,19.05,6.89,1.1889,505.3,108.71,delhi,summer,0.2232,8
13.007704644672302,2453,120.0,33.9,0.63,0.0,0.0,4.68,3.08,3.71,0,2.17,0.0008,0,19.1,7.6,1.2602,535.6,101.5,chennai,summer,0.9299,9
16.916733941558405,3165,120.0,23.8,0.61,0.0,0.0,4.71,3.01,2.16,0,2.2,0.0013,1,19.26,7.33,1.2332,524.1,124.57,delhi,monsoon,0.9885,10
8.346531107151534,1511,120.0,8.5,0.63,0.0,0.0,4.62,2.88,3.26,0,2.13,0.0026,0,19.94,6.84,1.1842,503.3,133.1,delhi,winter,0.4837,11
4.23828689721852,795,120.0,39.7,0.66,0.0,0.0,5.08,2.83,5.69,0,2.35,0.0075,1,19.33,6.76,1.1762,499.9,109.9,chennai,summer,0.2811,12
2.9730859112253714,595,120.0,23.1,0.6,0.0,0.0,6.17,3.7,1.23,0,2.25,0.0017,0,18.02,6.73,1.1734,498.7,151.32,bengaluru,monsoon,0.1473,13
13.064026620155659,2454,120.0,19.3,0.61,0.0,0.0,4.5,2.37,1.52,0,2.17,0.0016,0,19.2,6.01,1.1012,468.0,156.0,chennai,winter,0.6174,14
13.188539486179145,2417,120.0,27.5,0.62,0.0,0.0,4.42,1.97,2.13,0,2.13,0.0004,0,19.65,7.44,1.2435,528.5,113.1,bengaluru,monsoon,0.8525,15
5.620005818142754,1085,120.0,31.5,0.62,0.0,0.0,4.52,2.49,3.87,0,2.2,0.0009,0,18.66,7.39,1.2391,526.6,119.4,delhi,monsoon,0.3663,16
20.244130237911225,3739,120.0,45.3,0.61,0.0,0.0,4.01,2.42,8.5,1,2.14,0.0003,0,19.5,6.75,1.1751,499.4,155.09,chennai,summer,1.0194,17
5.085048449881354,1000,120.0,35.6,0.6,0.0,0.0,3.32,1.97,5.28,0,2.23,0.002,0,18.34,7.69,1.2692,539.4,125.92,chennai,monsoon,0.299,18
20.970222607738556,3939,120.0,28.6,0.63,0.0,0.0,4.72,2.58,2.31,0,2.17,0.0018,0,19.2,7.58,1.2581,534.7,119.33,delhi,monsoon,1.3807,19
18.774756199777745,3549,120.0,29.3,0.61,0.0,0.0,4.1,2.13,2.86,0,2.21,0.0008,1,19.06,5.11,1.0108,429.6,156.0,delhi,monsoon,0.8333,20
5.635185263421698,1016,120.0,40.4,0.6,0.0,0.0,3.51,1.6,6.33,1,2.11,0.001,0,19.99,6.95,1.1951,507.9,126.78,bengaluru,summer,0.3209,21
8.340253224852852,1534,120.0,9.6,0.62,0.0,0.0,5.49,2.76,3.39,0,2.21,0.0013,1,19.6,7.02,1.2021,510.9,127.57,delhi,winter,0.4775,22
8.399748927201443,1632,120.0,33.1,0.62,0.0,0.0,4.12,2.26,2.99,0,2.36,0.0025,2,18.57,6.63,1.1628,494.2,155.2,chennai,summer,0.4167,23
4.367327714469087,790,120.0,21.9,0.63,0.0,0.0,5.86,3.43,0.53,0,2.14,0.0051,0,20.0,7.15,1.2153,516.5,146.39,chennai,winter,0.2286,24
4.6043734940471195,890,120.0,3.3,0.6,0.0,0.0,4.46,2.61,4.68,0,2.2,0.0011,0,18.65,6.92,1.1918,506.5,125.13,delhi,winter,0.2861,25
10.947634518726614,1992,120.0,23.8,0.61,0.0,0.0,3.5,1.74,1.45,0,2.12,0.0005,0,19.79,7.36,1.2355,525.1,140.09,chennai,winter,0.5757,26
4.667368091166716,885,120.0,11.2,0.63,0.0,0.0,4.64,2.57,2.59,0,2.21,0.0056,0,19.09,6.01,1.1007,467.8,156.0,delhi,winter,0.2286,27
9.062477245171888,1754,120.0,19.5,0.63,0.0,0.0,6.2,3.42,1.02,0,2.37,0.0057,2,18.7,6.92,1.1922,506.7,118.57,bengaluru,winter,0.5658,28
16.96910290811433,3194,120.0,27.6,0.63,0.0,0.0,5.11,2.53,2.46,0,2.2,0.0006,1,19.14,6.66,1.1656,495.4,136.92,delhi,monsoon,0.9552,29
16.38933599999175,2979,120.0,46.5,0.62,0.0,0.0,5.29,2.99,8.5,1,2.16,0.001,1,19.82,6.16,1.1162,474.4,149.12,delhi,summer,0.7979,30
7.814305088955444,1459,120.0,23.8,0.62,0.0,0.0,6.69,3.33,1.92,0,2.32,0.0027,2,19.33,5.72,1.072,455.6,156.0,delhi,monsoon,0.3657,31
8.708467079713413,1577,120.0,29.5,0.61,0.0,0.0,3.98,2.3,1.52,0,2.12,0.0013,0,19.9,5.54,1.0539,447.9,156.0,bengaluru,summer,0.4039,32
5.173751276970009,971,120.0,32.4,0.62,0.0,0.0,3.76,1.93,3.02,0,2.17,0.0021,0,19.22,6.8,1.1798,501.4,148.02,bengaluru,summer,0.2621,33
9.750577573746941,1878,120.0,36.8,0.61,0.0,0.0,3.75,2.15,5.0,0,2.27,0.0021,1,18.73,5.5,1.0501,446.3,156.0,bengaluru,summer,0.4426,34
15.85808933609392,2986,120.0,43.3,0.61,0.0,0.0,3.8,1.58,7.03,1,2.21,0.001,1,19.14,5.5,1.0504,446.4,156.0,delhi,summer,0.7162,35
13.638448869236475,2519,120.0,44.9,0.61,0.0,0.0,3.95,1.91,8.47,1,2.14,0.0008,0,19.51,7.06,1.2064,512.7,146.26,chennai,summer,0.6962,36
20.55670156528706,3658,120.0,29.2,0.62,0.0,0.0,4.02,2.34,1.98,0,2.12,0.0014,1,20.26,7.03,1.2028,511.2,112.93,bengaluru,summer,1.3141,37
4.495492573043816,853,120.0,37.2,0.61,0.0,0.0,3.75,1.78,4.79,0,2.23,0.0082,0,19.12,5.92,1.0915,463.9,156.0,chennai,summer,0.2116,38
10.414458049845107,1922,120.0,18.5,0.63,0.0,0.0,5.52,2.59,1.08,0,2.15,0.0021,0,19.55,7.11,1.2108,514.6,126.32,bengaluru,winter,0.6125,39
19.96890127167775,3761,120.0,27.1,0.62,0.0,0.0,4.89,3.0,1.17,0,2.17,0.0008,0,19.13,6.65,1.1647,495.0,128.04,chennai,winter,1.1178,40
12.403203393324228,2261,120.0,24.1,0.62,0.0,0.0,5.34,3.31,0.56,0,2.12,0.0009,0,19.77,6.6,1.1595,492.8,151.99,bengaluru,winter,0.6207,41
13.741521794415274,2556,120.0,38.1,0.64,0.0,0.0,4.42,2.4,5.7,0,2.22,0.0047,1,19.44,7.44,1.2442,528.8,143.76,delhi,summer,0.7387,42
21.046238958194166,3955,120.0,48.7,0.62,0.0,0.0,4.82,2.57,8.5,1,2.16,0.0003,0,19.16,5.66,1.0659,453.0,156.0,delhi,summer,0.9743,43
2.4052598798095493,474,120.0,31.2,0.61,0.0,0.0,5.28,2.91,2.18,0,2.25,0.0042,0,18.34,7.29,1.2294,522.5,113.98,bengaluru,summer,0.1532,44
13.452682501122878,2471,120.0,11.8,0.63,0.0,0.0,4.62,1.93,2.32,0,2.13,0.0004,0,19.61,7.65,1.2647,537.5,129.63,delhi,winter,0.808,45
15.575168035051211,2868,120.0,28.0,0.61,0.0,0.0,5.55,3.15,2.8,0,2.22,0.0014,2,19.58,7.14,1.2136,515.8,130.27,bengaluru,monsoon,0.8923,46
6.465616194930014,1289,120.0,29.6,0.64,0.0,0.0,5.81,3.56,1.48,0,2.3,0.0085,0,18.21,7.34,1.2336,524.3,116.19,bengaluru,summer,0.4158,47
11.81296076019073,2230,120.0,34.3,0.61,0.0,0.0,4.28,2.2,4.86,0,2.22,0.0009,1,19.09,7.62,1.2624,536.5,137.93,bengaluru,monsoon,0.6329,48
12.43701019624735,2421,120.0,9.7,0.62,0.0,0.0,4.99,3.22,3.02,0,2.27,0.0021,1,18.53,7.37,1.2369,525.7,133.69,delhi,winter,0.7253,49
18.347976363499,3367,120.0,25.8,0.62,0.0,0.0,4.97,2.29,1.93,0,2.24,0.0015,3,19.64,5.42,1.0421,442.9,156.0,delhi,monsoon,0.844,50
14.315681702948982,2642,120.0,25.1,0.62,0.0,0.0,3.81,2.58,1.14,0,2.14,0.0004,0,19.51,7.05,1.2054,512.3,110.14,bengaluru,winter,0.9919,51
11.608053900705539,2150,120.0,24.3,0.65,0.0,0.0,4.57,2.5,1.01,0,2.15,0.0009,0,19.45,5.16,1.0158,431.7,156.0,delhi,monsoon,0.5286,52
10.750952020063643,2038,120.0,24.7,0.62,0.0,0.0,4.2,2.7,1.24,0,2.24,0.002,1,19.03,5.93,1.0927,464.4,152.74,chennai,winter,0.5168,53
16.034348526539727,2950,120.0,29.2,0.63,0.0,0.0,4.39,2.56,2.25,0,2.18,0.001,1,19.59,6.89,1.1894,505.5,114.24,bengaluru,summer,1.1021,54
15.727819534879806,2933,120.0,20.0,0.63,0.0,0.0,5.12,2.92,0.72,0,2.15,0.0007,0,19.32,7.04,1.204,511.7,104.74,bengaluru,winter,1.0926,55
18.014815022540006,3348,120.0,30.9,0.62,0.0,0.0,4.99,2.89,3.79,0,2.15,0.0006,0,19.38,7.28,1.228,521.9,108.04,bengaluru,monsoon,1.2631,56
18.653052883602975,3368,120.0,26.3,0.62,0.0,0.0,4.54,2.68,2.16,0,2.11,0.0003,0,19.94,6.55,1.1546,490.7,140.65,bengaluru,monsoon,1.043,57
12.241402246836346,2217,120.0,29.1,0.64,0.0,0.0,3.83,2.61,2.37,0,2.12,0.0009,0,19.9,7.2,1.2198,518.4,101.06,bengaluru,monsoon,0.8787,58
3.3102911917261486,649,120.0,37.4,0.64,0.0,0.0,6.5,3.63,4.55,0,2.26,0.0062,0,18.47,7.07,1.2073,513.1,122.09,delhi,summer,0.2125,59
13.608872981356836,2488,120.0,23.8,0.61,0.0,0.0,4.96,2.65,1.38,0,2.13,0.0012,0,19.71,7.33,1.2332,524.1,130.6,delhi,monsoon,0.7879,60
6.8089553712523445,1293,120.0,10.7,0.63,0.0,0.0,3.7,2.2,3.12,0,2.18,0.0008,0,18.97,6.98,1.1979,509.1,125.76,delhi,winter,0.3914,61
11.453997737333248,2122,120.0,22.2,0.61,0.0,0.0,3.96,1.57,1.11,0,2.15,0.0009,0,19.45,7.43,1.2426,528.1,127.41,delhi,monsoon,0.6739,62
7.929021525383971,1537,120.0,34.1,0.59,0.0,0.0,4.61,2.52,3.53,0,2.38,0.0039,2,18.64,6.01,1.1012,468.0,155.75,chennai,summer,0.3708,63
2.9054872169795933,568,120.0,33.8,0.62,0.0,0.0,6.13,4.47,3.41,0,2.7,0.0106,2,18.6,6.77,1.1769,500.2,114.25,bengaluru,summer,0.1994,64
9.73170373280306,1793,120.0,5.2,0.61,0.0,0.0,4.37,1.64,4.12,0,2.14,0.0011,0,19.56,7.28,1.2278,521.8,119.95,delhi,winter,0.6344,65
15.206369784548741,2939,120.0,40.7,0.62,0.0,0.0,5.03,2.96,6.09,1,2.25,0.0014,1,18.65,7.62,1.2624,536.5,122.39,bengaluru,summer,0.9012,66
13.264754201506344,2490,120.0,20.5,0.64,0.0,0.0,4.01,2.34,1.14,0,2.16,0.0008,0,19.19,7.07,1.2066,512.8,133.26,bengaluru,winter,0.7777,67
5.202465252451013,948,120.0,24.4,0.61,0.0,0.0,4.49,2.5,1.82,0,2.13,0.0021,0,19.8,7.34,1.2336,524.3,103.95,bengaluru,monsoon,0.3645,68
19.43786305795177,3693,120.0,9.5,0.63,0.0,0.0,4.44,2.06,3.0,0,2.21,0.0014,1,18.97,6.69,1.1689,496.8,110.06,delhi,winter,1.3239,69
3.7712406892025907,755,120.0,25.3,0.62,0.0,0.0,3.08,0.53,1.36,0,2.25,0.0013,0,18.01,7.3,1.2299,522.7,149.07,bengaluru,monsoon,0.1968,70
16.421858370491325,3120,120.0,32.0,0.64,0.0,0.0,5.05,2.62,4.54,0,2.18,0.0006,0,18.96,6.83,1.1831,502.8,128.92,bengaluru,monsoon,0.9367,71
18.63519747014841,3401,120.0,34.5,0.63,0.0,0.0,4.73,2.31,3.77,0,2.12,0.0003,0,19.73,5.22,1.0216,434.2,156.0,chennai,summer,0.8446,72
18.638121006226346,3536,120.0,23.7,0.63,0.0,0.0,4.48,2.25,1.84,0,2.18,0.0014,0,19.0,6.54,1.1541,490.5,113.1,delhi,monsoon,1.2465,73
17.680115336166285,3432,120.0,42.9,0.63,0.0,0.0,3.88,2.09,7.65,1,2.24,0.0006,1,18.56,5.59,1.0586,449.9,156.0,delhi,summer,0.8161,74
9.92911470338353,1810,120.0,26.8,0.63,0.0,0.0,4.4,2.82,1.68,0,2.12,0.0006,0,19.76,7.63,1.2628,536.7,118.73,bengaluru,monsoon,0.5988,75
16.374832667681115,3040,120.0,42.3,0.63,0.0,0.0,4.5,2.14,6.63,1,2.15,0.0003,0,19.4,6.7,1.1699,497.2,105.96,delhi,summer,1.1198,76
10.681874769463574,1972,120.0,24.6,0.6,0.0,0.0,4.0,2.43,1.12,0,2.15,0.0025,0,19.55,7.07,1.2066,512.8,141.08,bengaluru,winter,0.5451,77
11.723939531866934,2154,120.0,26.9,0.61,0.0,0.0,5.08,3.24,0.88,0,2.2,0.0023,1,19.64,7.59,1.2586,534.9,134.0,bengaluru,summer,0.6298,78
9.829283197142649,1873,120.0,35.2,0.63,0.0,0.0,4.32,1.73,3.65,0,2.19,0.0011,0,18.91,6.85,1.1849,503.6,113.09,bengaluru,summer,0.6732,79
15.97370701705482,3078,120.0,20.6,0.62,0.0,0.0,4.12,2.32,0.62,0,2.2,0.001,0,18.7,6.78,1.1781,500.7,113.96,bengaluru,winter,1.0851,80
1.732863850304361,333,120.0,10.3,0.68,0.0,0.0,4.0,1.15,2.64,0,2.28,0.012,0,18.96,6.72,1.1715,497.9,135.33,delhi,winter,0.0944,81
14.988248042860585,2730,120.0,28.7,0.62,0.0,0.0,5.58,3.0,2.69,0,2.12,0.0004,0,19.77,6.7,1.1704,497.4,105.97,delhi,monsoon,1.0225,82
5.283464148706644,966,120.0,38.8,0.59,0.0,0.0,4.55,2.84,5.98,0,2.19,0.0093,0,19.86,7.37,1.2374,525.9,123.74,bengaluru,summer,0.3356,83
10.247798588364928,1922,120.0,31.4,0.66,0.0,0.0,5.29,3.03,3.29,0,2.24,0.0031,1,19.25,7.12,1.2115,514.9,118.9,delhi,monsoon,0.6158,84
20.111881838975176,3775,120.0,27.5,0.62,0.0,0.0,4.44,2.34,2.48,0,2.17,0.0011,0,19.2,7.12,1.2125,515.3,114.79,delhi,monsoon,1.2711,85
3.881140419872552,748,120.0,36.9,0.64,0.0,0.0,5.14,3.09,4.77,0,2.2,0.0013,0,18.7,6.78,1.1776,500.5,115.65,bengaluru,summer,0.2515,86
13.402459249917383,2447,120.0,31.7,0.63,0.0,0.0,4.5,2.31,2.76,0,2.12,0.0004,0,19.73,7.48,1.2482,530.5,137.8,bengaluru,summer,0.7233,87
17.629453139859592,3326,120.0,40.9,0.62,0.0,0.0,4.24,2.21,6.13,1,2.17,0.0006,0,19.09,7.62,1.2624,536.5,119.61,delhi,summer,1.0504,88
8.05486144298907,1472,120.0,37.8,0.63,0.0,0.0,4.18,2.73,4.73,0,2.15,0.0034,0,19.77,7.08,1.2075,513.2,105.96,chennai,summer,0.5613,89
20.660456719322692,3776,120.0,40.1,0.62,0.0,0.0,4.36,2.66,5.64,1,2.25,0.0013,4,19.72,6.8,1.1802,501.6,149.45,chennai,summer,1.0592,90
7.3072256313286905,1408,120.0,30.5,0.64,0.0,0.0,4.77,2.33,3.18,0,2.41,0.0071,2,18.81,7.5,1.2496,531.1,106.0,chennai,monsoon,0.529,91
20.632062081125905,3767,120.0,41.1,0.6,0.0,0.0,3.55,1.7,6.47,1,2.15,0.0005,1,19.73,6.83,1.1828,502.7,150.09,delhi,summer,1.0396,92
14.21712171478846,2730,120.0,46.5,0.63,0.0,0.0,4.97,2.74,8.35,1,2.2,0.0011,0,18.77,6.8,1.18,501.5,126.93,delhi,summer,0.8041,93
12.652946220203733,2307,120.0,25.5,0.64,0.0,0.0,4.36,2.77,1.61,0,2.12,0.0009,0,19.76,7.52,1.2515,531.9,116.66,bengaluru,monsoon,0.8364,94
5.329948580245227,1004,120.0,28.5,0.62,0.0,0.0,6.51,3.94,1.4,0,2.22,0.008,0,19.25,5.72,1.0722,455.7,155.37,chennai,winter,0.2543,95
9.866358564996645,1849,120.0,12.7,0.63,0.0,0.0,5.0,2.84,2.45,0,2.17,0.0022,0,19.25,7.13,1.2129,515.5,106.93,delhi,winter,0.6979,96
11.173499370364757,2094,120.0,31.7,0.62,0.0,0.0,4.05,1.97,3.51,0,2.23,0.0033,1,19.27,7.44,1.2438,528.6,146.17,chennai,monsoon,0.593,97
6.41960391080272,1201,120.0,30.3,0.65,0.0,0.0,4.37,2.8,2.51,0,2.17,0.0017,0,19.27,6.87,1.1871,504.5,132.3,bengaluru,monsoon,0.3761,98
11.984514768966168,2287,120.0,12.4,0.62,0.0,0.0,4.26,1.75,2.2,0,2.18,0.0004,0,18.87,7.61,1.2607,535.8,117.41,delhi,winter,0.783,99
9.800803642635037,1871,120.0,9.1,0.63,0.0,0.0,3.76,1.84,3.05,0,2.19,0.0011,0,18.88,7.59,1.2591,535.1,125.91,delhi,winter,0.5904,100
8.058470998238164,1536,120.0,11.5,0.63,0.0,0.0,4.37,2.11,2.94,0,2.27,0.0026,1,18.93,7.19,1.2186,517.9,114.18,delhi,winter,0.5151,101
21.373694832469493,3964,120.0,26.0,0.62,0.0,0.0,4.07,2.53,0.4,0,2.16,0.002,0,19.45,7.6,1.2602,535.6,105.55,bengaluru,summer,1.5231,102
10.009317864443346,1843,120.0,26.0,0.63,0.0,0.0,4.32,1.4,1.54,0,2.14,0.0011,0,19.57,5.55,1.0551,448.4,156.0,bengaluru,monsoon,0.4649,103
20.326597900022374,3785,120.0,18.4,0.63,0.0,0.0,3.59,2.12,1.52,0,2.18,0.0008,1,19.35,6.73,1.1732,498.6,116.03,bengaluru,winter,1.2823,104
16.123864536089265,2977,120.0,3.6,0.61,0.0,0.0,5.3,2.85,4.32,0,2.14,0.0007,0,19.51,6.76,1.1762,499.9,149.81,delhi,winter,0.8175,105
19.277793130139056,3598,120.0,29.7,0.61,0.0,0.0,4.21,2.28,2.39,0,2.15,0.0003,0,19.29,6.8,1.1795,501.3,107.51,chennai,monsoon,1.3057,106
3.1695563543782237,596,120.0,23.0,0.63,0.0,0.0,6.35,3.47,1.36,0,2.19,0.0034,0,19.2,7.57,1.2569,534.2,109.8,delhi,monsoon,0.2083,107
12.039090331647788,2241,120.0,26.9,0.63,0.0,0.0,4.99,3.16,1.93,0,2.15,0.0004,0,19.35,7.21,1.2209,518.9,127.23,chennai,monsoon,0.7013,108
16.780413071361842,3139,120.0,41.3,0.62,0.0,0.0,4.79,2.2,6.35,1,2.19,0.0006,1,19.26,7.33,1.2332,524.1,113.71,delhi,summer,1.0962,109
7.803591600805048,1487,120.0,25.1,0.64,0.0,0.0,4.38,2.31,1.07,0,2.28,0.004,1,18.97,6.59,1.1586,492.4,118.85,bengaluru,monsoon,0.4908,110
12.543102512965739,2303,120.0,44.4,0.63,0.0,0.0,4.09,2.15,8.09,1,2.13,0.0009,0,19.62,6.68,1.168,496.4,135.76,delhi,summer,0.7033,111
9.696951442804941,1849,120.0,38.3,0.61,0.0,0.0,4.46,2.78,5.1,0,2.26,0.0032,1,18.94,6.58,1.1584,492.3,155.25,chennai,summer,0.4776,112
14.162252184385343,2692,120.0,36.9,0.62,0.0,0.0,3.63,2.12,4.47,0,2.28,0.0033,2,19.0,7.36,1.2358,525.2,105.66,chennai,summer,0.9966,113
17.62813174716135,3246,120.0,45.9,0.61,0.0,0.0,5.74,3.4,8.12,1,2.13,0.0003,0,19.56,5.08,1.0075,428.2,156.0,delhi,summer,0.7817,114
19.724608619131054,3731,120.0,25.6,0.63,0.0,0.0,4.44,2.13,0.21,0,2.2,0.0005,1,19.04,7.1,1.2099,514.2,111.5,bengaluru,winter,1.3706,115
7.750220659892022,1474,120.0,11.7,0.6,0.0,0.0,5.84,2.84,2.75,0,2.19,0.0014,0,18.95,5.58,1.0584,449.8,156.0,delhi,winter,0.3545,116
20.148619859217025,3782,120.0,21.2,0.61,0.0,0.0,4.29,2.38,0.89,0,2.16,0.0003,0,19.18,7.44,1.2445,528.9,106.54,chennai,winter,1.4139,117
10.867672835681839,2072,120.0,42.9,0.63,0.0,0.0,4.81,2.3,7.34,1,2.19,0.0019,0,18.92,7.23,1.2231,519.8,129.59,delhi,summer,0.6374,118
11.763416019534244,2197,120.0,34.1,0.62,0.0,0.0,4.68,2.3,3.38,0,2.15,0.0005,0,19.28,5.16,1.0162,431.9,156.0,bengaluru,summer,0.523,119
18.57759411903168,3385,120.0,38.9,0.63,0.0,0.0,5.07,2.75,5.85,0,2.13,0.0015,0,19.79,5.53,1.0534,447.7,156.0,bengaluru,summer,0.8723,120
8.030007101998702,1477,120.0,29.8,0.62,0.0,0.0,4.72,2.49,2.92,0,2.14,0.0014,0,19.6,7.13,1.2129,515.5,138.3,chennai,monsoon,0.4206,121
19.75774345767788,3713,120.0,37.8,0.62,0.0,0.0,4.35,2.28,5.35,0,2.19,0.0005,1,19.17,5.32,1.0315,438.4,156.0,delhi,summer,0.8924,122
11.06110178424887,1975,120.0,21.6,0.61,0.0,0.0,4.26,2.44,0.46,0,2.17,0.0041,1,20.24,7.02,1.2021,510.9,121.76,chennai,winter,0.7,123
18.243938218248157,3388,120.0,10.7,0.62,0.0,0.0,5.08,2.36,2.56,0,2.15,0.0006,0,19.4,7.6,1.2595,535.3,109.06,delhi,winter,1.2883,124
20.00233316202013,3758,120.0,29.9,0.62,0.0,0.0,4.05,2.5,2.06,0,2.16,0.0008,0,19.18,5.5,1.0496,446.1,156.0,bengaluru,summer,0.9122,125
6.649448360627608,1292,120.0,21.6,0.6,0.0,0.0,4.94,3.16,1.66,0,2.22,0.0023,0,18.57,5.9,1.0901,463.3,156.0,delhi,monsoon,0.3091,126
8.87499484990888,1663,120.0,39.6,0.66,0.0,0.0,2.88,1.69,6.25,0,2.16,0.0012,0,19.23,7.64,1.2645,537.4,121.58,chennai,summer,0.5414,127
15.044225840115107,2839,120.0,24.8,0.63,0.0,0.0,4.74,2.66,1.45,0,2.26,0.0021,2,19.11,6.84,1.1835,503.0,109.45,chennai,monsoon,1.0386,128
2.960882797533428,574,120.0,22.8,0.63,0.0,0.0,5.19,2.36,1.63,0,2.23,0.0035,0,18.63,6.12,1.1118,472.5,145.99,delhi,monsoon,0.1447,129
16.08934888839046,3029,120.0,30.1,0.61,0.0,0.0,5.45,2.8,3.59,0,2.17,0.001,0,19.14,6.73,1.1727,498.4,124.51,delhi,monsoon,0.9844,130
17.65292382377567,3175,120.0,9.7,0.62,0.0,0.0,4.26,2.1,2.77,0,2.11,0.0016,0,20.05,7.12,1.2115,514.9,138.45,delhi,winter,0.9282,131
2.608268724704581,459,120.0,16.3,0.6,0.0,0.0,3.47,1.92,1.41,0,2.1,0.0044,0,20.54,6.67,1.1673,496.1,117.96,bengaluru,winter,0.1606,132
20.361748038061393,3830,120.0,40.4,0.63,0.0,0.0,4.62,2.55,6.28,1,2.17,0.0008,0,19.15,7.24,1.2242,520.3,139.18,bengaluru,summer,1.0693,133
10.790593773720195,1978,120.0,31.1,0.63,0.0,0.0,4.37,3.52,2.92,0,2.13,0.001,0,19.66,7.13,1.2129,515.5,148.13,chennai,monsoon,0.565,134
19.521308538131013,3560,120.0,32.9,0.63,0.0,0.0,3.36,1.95,3.08,0,2.12,0.0003,0,19.75,5.92,1.0922,464.2,152.55,chennai,summer,0.9394,135
14.985957500093606,2832,120.0,30.0,0.63,0.0,0.0,4.17,2.0,2.92,0,2.17,0.0011,0,19.07,6.68,1.1678,496.3,150.59,bengaluru,monsoon,0.7564,136
5.344616556616831,956,120.0,3.9,0.62,0.0,0.0,4.12,1.87,4.08,0,2.22,0.0021,1,20.17,5.41,1.0407,442.3,156.0,delhi,winter,0.2476,137
12.930856010059472,2434,120.0,19.8,0.63,0.0,0.0,3.7,2.24,0.76,0,2.23,0.0029,1,19.18,7.55,1.2553,533.5,100.18,bengaluru,winter,0.9254,138
9.955211993287264,1854,120.0,8.2,0.63,0.0,0.0,4.71,2.41,3.49,0,2.22,0.0016,1,19.36,6.15,1.1148,473.8,151.95,delhi,winter,0.4837,139
15.560778470885689,2854,120.0,36.3,0.63,0.0,0.0,3.56,1.99,4.0,0,2.18,0.0014,1,19.65,6.73,1.1734,498.7,145.44,bengaluru,summer,0.7976,140
2.483390859382423,512,120.0,30.8,0.62,0.0,0.0,3.76,2.01,3.56,0,2.31,0.0039,0,17.53,6.06,1.1056,469.9,156.0,bengaluru,monsoon,0.1147,141
9.837468805244116,1884,120.0,35.2,0.62,0.0,0.0,4.29,2.13,4.35,0,2.26,0.0016,1,18.83,5.8,1.0798,458.9,156.0,bengaluru,summer,0.4538,142
10.336102045404656,1969,120.0,22.7,0.61,0.0,0.0,5.34,1.93,1.41,0,2.18,0.001,0,18.92,7.44,1.2438,528.6,142.81,delhi,monsoon,0.5458,143
13.737140864269723,2549,120.0,41.2,0.63,0.0,0.0,5.02,3.57,6.13,1,2.2,0.0016,1,19.43,7.38,1.2384,526.3,130.1,chennai,summer,0.8185,144
19.12230729300902,3629,120.0,18.4,0.63,0.0,0.0,4.57,2.67,1.01,0,2.18,0.0011,0,18.99,5.61,1.0607,450.8,156.0,bengaluru,winter,0.8792,145
5.029290636791977,905,120.0,45.7,0.64,0.0,0.0,5.23,2.39,8.4,1,2.12,0.0022,0,20.05,7.18,1.2176,517.5,128.14,delhi,summer,0.302,146
18.530657091875494,3371,120.0,36.0,0.6,0.0,0.0,4.03,2.43,4.29,0,2.2,0.0027,2,19.84,6.84,1.1835,503.0,109.61,bengaluru,summer,1.2499,147
5.031395660637099,996,120.0,24.3,0.61,0.0,0.0,5.04,2.78,1.36,0,2.23,0.001,0,18.2,7.24,1.2235,520.0,115.33,delhi,monsoon,0.3156,148
2.406997682908198,458,120.0,33.8,0.62,0.0,0.0,5.07,2.08,3.76,0,2.19,0.0022,0,18.96,5.2,1.02,433.5,156.0,chennai,summer,0.1091,149
21.360814326807482,3999,120.0,45.4,0.63,0.0,0.0,5.38,2.57,8.5,1,2.22,0.0013,2,19.25,5.02,1.0021,425.9,156.0,delhi,summer,0.9524,150
17.957194614014643,3443,120.0,31.9,0.62,0.0,0.0,4.3,2.23,2.67,0,2.19,0.0003,0,18.78,7.31,1.2306,523.0,129.18,bengaluru,summer,1.0474,151
10.227785111000525,1914,120.0,43.4,0.6,0.0,0.0,4.99,2.35,7.2,1,2.17,0.0016,0,19.27,6.62,1.1616,493.7,151.48,delhi,summer,0.5067,152
5.686489125781904,1025,120.0,32.3,0.63,0.0,0.0,4.62,2.29,2.57,0,2.12,0.0029,0,20.03,7.4,1.2395,526.8,112.38,bengaluru,summer,0.3721,153
8.10452193072569,1500,120.0,38.3,0.59,0.0,0.0,5.1,2.96,5.38,0,2.15,0.0013,0,19.48,7.06,1.2061,512.6,153.67,delhi,summer,0.4131,154
5.943816773183367,1112,120.0,34.5,0.62,0.0,0.0,4.84,3.36,5.13,0,2.16,0.0009,0,19.26,6.61,1.1607,493.3,111.17,chennai,monsoon,0.3992,155
11.053327024452836,2093,120.0,25.8,0.6,0.0,0.0,4.47,2.08,2.14,0,2.18,0.001,0,19.03,6.86,1.1856,503.9,117.76,delhi,monsoon,0.6906,156
11.916094270021171,2273,120.0,39.0,0.63,0.0,0.0,4.09,2.01,5.83,0,2.24,0.0018,1,18.9,5.14,1.0139,430.9,156.0,delhi,summer,0.5307,157
6.276852256930389,1110,120.0,35.5,0.62,0.0,0.0,4.28,1.75,4.39,0,2.09,0.0018,0,20.39,5.29,1.0292,437.4,156.0,bengaluru,summer,0.2868,158
7.6594899086077515,1442,120.0,24.4,0.61,0.0,0.0,4.83,3.13,1.2,0,2.17,0.0007,0,19.14,7.55,1.2546,533.2,133.86,delhi,monsoon,0.4487,159
20.34890970247449,3724,120.0,31.7,0.63,0.0,0.0,5.14,3.1,3.11,0,2.16,0.0005,1,19.68,5.96,1.0965,466.0,149.13,bengaluru,summer,0.977,160
9.08769037398741,1693,120.0,25.4,0.6,0.0,0.0,4.31,2.09,2.05,0,2.15,0.0006,0,19.34,7.03,1.2026,511.1,108.56,bengaluru,monsoon,0.6186,161
19.896725468710414,3755,120.0,3.6,0.63,0.0,0.0,4.36,2.71,4.71,0,2.27,0.0013,3,19.1,5.23,1.0228,434.7,156.0,delhi,winter,0.8939,162
19.580673508425402,3710,120.0,21.2,0.62,0.0,0.0,4.97,2.25,1.69,0,2.25,0.003,2,19.05,5.16,1.016,431.8,156.0,delhi,monsoon,0.8714,163
16.40401441070659,3138,120.0,45.2,0.6,0.0,0.0,4.05,1.89,8.5,1,2.22,0.0006,1,18.83,7.34,1.2336,524.3,129.98,delhi,summer,0.9455,164
3.8501220308520065,740,120.0,28.4,0.62,0.0,0.0,5.54,3.9,2.01,0,2.21,0.0027,0,18.78,5.35,1.0346,439.7,156.0,chennai,monsoon,0.1761,165
21.09117214157071,3902,120.0,7.9,0.62,0.0,0.0,4.38,2.32,3.5,0,2.23,0.0015,3,19.49,5.26,1.0256,435.9,156.0,delhi,winter,0.9479,166
4.6586794710604265,929,120.0,40.2,0.6,0.0,0.0,3.84,1.29,6.42,1,2.26,0.0032,0,18.11,7.03,1.2028,511.2,125.02,delhi,summer,0.2905,167
21.271323931716108,3935,120.0,22.6,0.63,0.0,0.0,5.16,2.63,1.38,0,2.15,0.002,0,19.5,6.96,1.196,508.3,117.57,bengaluru,monsoon,1.3496,168
6.202279010015183,1199,120.0,24.6,0.63,0.0,0.0,4.12,1.61,1.39,0,2.22,0.0025,0,18.67,7.08,1.2078,513.3,132.28,delhi,monsoon,0.3533,169
17.322456946469355,3210,120.0,37.8,0.62,0.0,0.0,4.44,2.37,5.7,0,2.18,0.0012,1,19.45,5.99,1.0986,466.9,154.42,bengaluru,summer,0.8244,170
15.113535656282062,2812,120.0,18.9,0.61,0.0,0.0,4.94,2.38,0.92,0,2.15,0.0004,0,19.36,7.01,1.2009,510.4,111.69,bengaluru,winter,1.0395,171
18.883117011309242,3531,120.0,21.0,0.62,0.0,0.0,4.32,1.96,0.92,0,2.16,0.0011,0,19.27,6.17,1.1174,474.9,156.0,bengaluru,winter,0.9163,172
5.227049465559687,1018,120.0,23.3,0.61,0.0,0.0,3.64,2.1,0.48,0,2.36,0.0049,1,18.57,7.35,1.2348,524.8,141.4,chennai,winter,0.2716,173
9.221385073636954,1743,120.0,25.7,0.62,0.0,0.0,3.62,2.06,0.6,0,2.18,0.0011,0,19.07,7.57,1.2567,534.1,111.74,chennai,winter,0.6012,174
21.1475573411198,3930,120.0,42.4,0.63,0.0,0.0,5.04,2.55,7.08,1,2.21,0.0013,2,19.39,5.49,1.0487,445.7,156.0,delhi,summer,0.9727,175
21.115391026626472,3856,120.0,35.5,0.63,0.0,0.0,5.18,3.13,5.09,0,2.13,0.0008,0,19.73,5.33,1.0334,439.2,156.0,bengaluru,monsoon,0.9634,176
17.51907516313915,3293,120.0,12.6,0.62,0.0,0.0,4.75,2.23,2.16,0,2.24,0.0015,2,19.18,7.18,1.2176,517.5,112.08,delhi,winter,1.1146,177
11.0324997611177,2049,120.0,40.9,0.62,0.0,0.0,4.36,2.72,6.99,1,2.21,0.002,1,19.42,5.17,1.0172,432.3,156.0,bengaluru,summer,0.4924,178
12.564922271524162,2267,120.0,20.9,0.62,0.0,0.0,4.34,2.55,1.16,0,2.11,0.0009,0,19.97,7.16,1.2158,516.7,110.65,bengaluru,winter,0.8751,179
11.712233330118398,2168,120.0,35.9,0.64,0.0,0.0,3.57,1.88,3.97,0,2.14,0.0005,0,19.46,6.09,1.1092,471.4,150.09,bengaluru,summer,0.5743,180
19.473076938451552,3582,120.0,24.7,0.63,0.0,0.0,5.14,2.67,0.78,0,2.27,0.0017,4,19.6,6.55,1.1553,491.0,128.02,chennai,winter,1.1012,181
17.385768378158858,3352,120.0,48.5,0.63,0.0,0.0,4.88,2.13,8.5,1,2.2,0.0003,0,18.68,7.47,1.2473,530.1,109.31,delhi,summer,1.2301,182
7.843552475020488,1503,120.0,44.1,0.65,0.0,0.0,5.38,3.19,8.24,1,2.19,0.0013,0,18.81,7.52,1.2525,532.3,119.35,delhi,summer,0.4774,183
14.647592984012864,2748,120.0,35.2,0.6,0.0,0.0,4.16,2.73,4.0,0,2.21,0.0015,1,19.22,7.48,1.2475,530.2,127.23,chennai,summer,0.8605,184
17.358524975436477,3237,120.0,5.4,0.62,0.0,0.0,4.42,2.48,4.14,0,2.15,0.0003,0,19.31,5.04,1.0038,426.6,156.0,delhi,winter,0.7647,185
14.198206571588955,2661,120.0,36.7,0.62,0.0,0.0,4.89,2.61,4.8,0,2.3,0.003,3,19.26,7.19,1.2193,518.2,117.1,bengaluru,summer,0.903,186
5.445339117051149,1035,120.0,24.7,0.66,0.0,0.0,4.36,2.57,1.7,0,2.19,0.0019,0,18.97,6.73,1.1727,498.4,140.69,delhi,monsoon,0.2856,187
3.519347341155233,682,120.0,30.6,0.65,0.0,0.0,5.31,2.56,2.86,0,2.23,0.0044,0,18.66,5.68,1.0678,453.8,156.0,bengaluru,monsoon,0.1667,188
6.0951920972516,1188,120.0,20.8,0.64,0.0,0.0,4.17,2.46,0.77,0,2.21,0.0008,0,18.49,6.65,1.1649,495.1,131.8,bengaluru,winter,0.3418,189
9.688616533339214,1805,120.0,23.7,0.63,0.0,0.0,5.35,3.1,1.69,0,2.17,0.0028,0,19.38,5.95,1.0946,465.2,156.0,bengaluru,monsoon,0.4661,190
3.313066258818949,642,120.0,38.1,0.65,0.0,0.0,4.13,1.51,5.22,0,2.21,0.0016,0,18.61,5.53,1.0527,447.4,150.86,bengaluru,summer,0.1578,191
6.685468679532677,1269,120.0,27.8,0.64,0.0,0.0,3.69,2.69,1.61,0,2.29,0.0032,1,19.02,6.8,1.1798,501.4,127.82,bengaluru,monsoon,0.3831,192
8.664438202037521,1620,120.0,31.5,0.62,0.0,0.0,4.4,1.85,3.15,0,2.17,0.0019,0,19.29,7.02,1.2016,510.7,148.78,chennai,monsoon,0.4482,193
13.876142114318055,2541,120.0,24.9,0.62,0.0,0.0,4.85,2.52,1.38,0,2.18,0.0012,1,19.68,6.98,1.1976,509.0,151.09,delhi,monsoon,0.7166,194
2.1447269565888436,383,120.0,21.7,0.62,0.0,0.0,6.06,3.73,1.45,0,2.13,0.0052,0,20.26,6.69,1.1694,497.0,105.35,delhi,monsoon,0.1456,195
3.460281809109857,660,120.0,25.4,0.65,0.0,0.0,4.23,2.89,0.52,0,2.2,0.003,0,18.93,5.63,1.0628,451.7,156.0,bengaluru,winter,0.1636,196
18.183944185624348,3539,120.0,8.1,0.63,0.0,0.0,4.65,2.53,3.13,0,2.31,0.0014,3,18.52,6.62,1.1616,493.7,129.58,delhi,winter,1.0052,197
7.106531945760029,1358,120.0,31.7,0.6,0.0,0.0,3.6,1.41,3.29,0,2.21,0.0044,0,18.92,5.83,1.0826,460.1,156.0,chennai,monsoon,0.332,198
12.003586824114066,2224,120.0,35.9,0.62,0.0,0.0,4.6,1.83,4.08,0,2.2,0.0009,1,19.45,5.85,1.0852,461.2,154.02,bengaluru,summer,0.5672,199
15.788657425499027,2959,120.0,25.2,0.62,0.0,0.0,4.91,3.04,0.87,0,2.16,0.0007,0,19.22,5.87,1.0871,462.0,156.0,chennai,winter,0.7456,200
20.921849601997025,3993,120.0,18.7,0.62,0.0,0.0,4.81,2.29,1.45,0,2.21,0.0008,1,18.88,5.56,1.056,448.8,156.0,bengaluru,winter,0.9635,201
15.341494711079486,2818,120.0,36.6,0.63,0.0,0.0,4.62,1.83,4.84,0,2.18,0.0011,1,19.62,5.2,1.0205,433.7,156.0,chennai,summer,0.6959,202
15.606675773488451,2949,120.0,30.9,0.62,0.0,0.0,3.93,2.24,3.76,0,2.22,0.0017,1,19.08,5.53,1.0529,447.5,156.0,chennai,monsoon,0.7087,203
19.542563155255465,3564,120.0,44.6,0.63,0.0,0.0,4.97,2.71,8.12,1,2.2,0.0022,2,19.78,7.34,1.2339,524.4,136.63,delhi,summer,1.0426,204
12.026013460914406,2265,120.0,33.7,0.63,0.0,0.0,4.45,2.58,4.91,0,2.17,0.0004,0,19.12,6.72,1.1715,497.9,151.55,chennai,monsoon,0.6021,205
7.154571885845872,1327,120.0,26.1,0.61,0.0,0.0,3.87,1.96,2.33,0,2.15,0.0008,0,19.42,7.43,1.2426,528.1,110.23,bengaluru,monsoon,0.4998,206
15.37300953442711,2974,120.0,44.4,0.63,0.0,0.0,5.03,2.73,7.97,1,2.21,0.0013,0,18.63,7.33,1.2327,523.9,107.82,delhi,summer,1.081,207
16.64443488454037,3220,120.0,24.5,0.63,0.0,0.0,3.67,1.98,0.69,0,2.24,0.0009,1,18.63,7.4,1.2395,526.8,120.87,bengaluru,winter,0.9871,208
8.141513398366593,1525,120.0,25.9,0.62,0.0,0.0,4.75,2.46,1.86,0,2.16,0.0007,0,19.23,6.78,1.1776,500.5,118.09,delhi,monsoon,0.5065,209
16.786455104483245,3234,120.0,26.4,0.63,0.0,0.0,4.34,2.44,1.81,0,2.2,0.0009,0,18.7,7.21,1.2212,519.0,112.66,bengaluru,monsoon,1.0749,210
11.537340030826236,2156,120.0,-0.5,0.63,0.0,0.0,4.92,2.25,5.4,0,2.16,0.0009,0,19.28,6.84,1.1838,503.1,137.31,delhi,winter,0.6558,211
3.8083617552849467,768,120.0,36.1,0.65,0.0,0.0,4.47,2.63,4.17,0,2.28,0.0039,0,17.92,7.5,1.2504,531.4,113.54,chennai,summer,0.2538,212
3.680999939579232,687,120.0,10.6,0.62,0.0,0.0,5.73,2.99,2.58,0,2.37,0.0073,1,19.42,7.44,1.2435,528.5,127.34,delhi,winter,0.2174,213
10.063768666344789,1841,120.0,25.3,0.62,0.0,0.0,5.72,2.88,1.29,0,2.13,0.0011,0,19.7,6.99,1.1988,509.5,116.22,delhi,monsoon,0.6392,214
16.86400985663433,3148,120.0,25.9,0.62,0.0,0.0,4.26,2.49,1.44,0,2.24,0.0032,2,19.34,5.16,1.016,431.8,156.0,bengaluru,winter,0.7535,215
10.435147905897747,1916,120.0,19.7,0.61,0.0,0.0,4.26,1.92,0.78,0,2.2,0.0016,1,19.63,7.16,1.2162,516.9,123.72,bengaluru,winter,0.6616,216
8.557640404728138,1542,120.0,22.1,0.63,0.0,0.0,4.25,3.16,0.38,0,2.2,0.0039,1,20.05,7.45,1.2454,529.3,117.26,chennai,winter,0.5648,217
6.801491250042881,1259,120.0,37.0,0.65,0.0,0.0,3.82,1.76,4.94,0,2.17,0.0048,0,19.54,6.73,1.1729,498.5,103.18,bengaluru,summer,0.4741,218
7.892698625576686,1492,120.0,35.7,0.63,0.0,0.0,4.25,2.41,4.57,0,2.26,0.002,1,19.08,6.15,1.1148,473.8,154.33,bengaluru,summer,0.3862,219
11.761495793266928,2187,120.0,30.2,0.63,0.0,0.0,4.0,2.21,2.72,0,2.15,0.0005,0,19.37,6.6,1.16,493.0,139.11,chennai,monsoon,0.6646,220
6.0351583031129135,1084,120.0,24.7,0.64,0.0,0.0,4.92,2.65,0.84,0,2.12,0.0028,0,20.1,6.64,1.1635,494.5,125.25,chennai,monsoon,0.3434,221
3.074352609338262,596,120.0,21.3,0.62,0.0,0.0,3.92,2.28,0.93,0,2.24,0.005,0,18.66,7.68,1.2685,539.1,128.33,bengaluru,winter,0.1709,222
12.698547175324679,2347,120.0,30.4,0.62,0.0,0.0,4.64,2.76,3.51,0,2.14,0.0009,0,19.49,6.6,1.1598,492.9,155.26,bengaluru,monsoon,0.6351,223
16.494372376732823,3049,120.0,33.0,0.62,0.0,0.0,4.96,2.36,3.56,0,2.14,0.001,0,19.49,7.07,1.2071,513.0,127.25,chennai,summer,0.9548,224
13.430290539394951,2535,120.0,41.3,0.62,0.0,0.0,5.7,2.9,6.13,1,2.17,0.0012,0,19.1,7.36,1.2362,525.4,115.84,delhi,summer,0.8704,225
5.723845642816555,1041,120.0,27.0,0.6,0.0,0.0,4.06,1.75,2.26,0,2.14,0.0038,0,19.87,5.77,1.0769,457.7,155.26,delhi,monsoon,0.2642,226
18.88348978183336,3540,120.0,5.4,0.62,0.0,0.0,5.12,2.75,4.11,0,2.17,0.0014,0,19.23,7.19,1.2188,518.0,130.21,delhi,winter,1.0993,227
10.051601847152881,1857,120.0,22.5,0.63,0.0,0.0,4.69,1.99,1.17,0,2.14,0.0011,0,19.51,6.86,1.1859,504.0,150.97,delhi,monsoon,0.5203,228
20.94779242900636,3922,120.0,29.6,0.62,0.0,0.0,4.26,1.81,2.59,0,2.16,0.0003,0,19.23,7.05,1.2052,512.2,138.68,bengaluru,monsoon,1.0813,229
9.366692962995296,1701,120.0,39.2,0.62,0.0,0.0,3.31,2.03,5.37,0,2.12,0.0006,0,19.84,5.78,1.0779,458.1,156.0,chennai,summer,0.4433,230
11.991862503473484,2262,120.0,27.0,0.62,0.0,0.0,4.54,2.92,0.59,0,2.17,0.0013,0,19.11,7.4,1.2398,526.9,126.75,chennai,winter,0.6998,231
10.27357936727496,1879,120.0,31.9,0.63,0.0,0.0,5.34,2.92,3.32,0,2.14,0.0021,0,19.73,6.95,1.1953,508.0,138.13,bengaluru,summer,0.5399,232
12.14930454649301,2202,120.0,6.5,0.62,0.0,0.0,5.05,2.22,3.68,0,2.12,0.0009,0,19.88,7.59,1.2591,535.1,133.66,delhi,winter,0.6613,233
6.737712142522437,1287,120.0,35.7,0.63,0.0,0.0,4.79,2.67,4.08,0,2.19,0.0008,0,18.86,5.42,1.0419,442.8,156.0,delhi,summer,0.3103,234
8.216107047427943,1578,120.0,26.5,0.65,0.0,0.0,5.78,3.53,1.29,0,2.29,0.0044,1,18.82,6.55,1.1548,490.8,121.67,delhi,monsoon,0.5081,235
20.201683441055685,3716,120.0,35.6,0.63,0.0,0.0,4.28,1.83,4.44,0,2.14,0.0008,0,19.59,7.58,1.2579,534.6,139.07,bengaluru,summer,1.099,236
7.757434797104629,1478,120.0,45.0,0.64,0.0,0.0,5.64,2.45,8.42,1,2.18,0.0007,0,18.91,7.11,1.2108,514.6,136.88,delhi,summer,0.4048,237
11.590428712860401,2178,120.0,35.0,0.6,0.0,0.0,4.09,2.24,3.91,0,2.22,0.0018,1,19.19,6.54,1.1536,490.3,154.23,bengaluru,summer,0.5716,238
14.04553090725264,2601,120.0,25.1,0.62,0.0,0.0,4.44,1.99,1.44,0,2.14,0.0008,0,19.45,5.78,1.0779,458.1,156.0,bengaluru,monsoon,0.6602,239
7.901360573579095,1524,120.0,25.6,0.6,0.0,0.0,4.66,3.04,1.09,0,2.21,0.0026,0,18.71,7.56,1.2562,533.9,102.85,chennai,winter,0.5498,240
10.37610169171073,1946,120.0,25.6,0.62,0.0,0.0,4.74,2.89,1.41,0,2.23,0.0015,1,19.22,6.98,1.1979,509.1,111.65,chennai,winter,0.7197,241
9.618440150298095,1856,120.0,28.0,0.65,0.0,0.0,4.16,2.29,1.86,0,2.2,0.0005,0,18.67,7.34,1.2339,524.4,105.92,bengaluru,monsoon,0.6892,242
10.795104004293767,2033,120.0,42.4,0.62,0.0,0.0,5.1,2.41,7.43,1,2.18,0.002,0,19.15,6.01,1.1009,467.9,156.0,delhi,summer,0.5155,243
17.164247773023487,3248,120.0,42.8,0.64,0.0,0.0,5.18,2.62,7.63,1,2.18,0.0009,0,19.04,7.6,1.2595,535.3,118.3,delhi,summer,1.0353,244
4.879941466730567,900,120.0,13.1,0.61,0.0,0.0,4.6,2.66,2.41,0,2.15,0.0022,0,19.56,7.04,1.2035,511.5,139.29,bengaluru,winter,0.2553,245
20.312147819675932,3815,120.0,16.7,0.63,0.0,0.0,5.41,2.9,1.56,0,2.19,0.0005,1,19.18,5.36,1.036,440.3,156.0,delhi,winter,0.9247,246
1.7918649649614118,319,120.0,27.3,0.63,0.0,0.0,5.62,2.23,1.89,0,2.13,0.0063,0,20.34,6.9,1.1904,505.9,114.78,delhi,monsoon,0.1122,247
8.000366224396133,1514,120.0,28.9,0.6,0.0,0.0,4.73,2.87,2.69,0,2.17,0.0007,0,19.04,6.69,1.1694,497.0,118.22,bengaluru,monsoon,0.4927,248
18.462991541743396,3499,120.0,36.5,0.61,0.0,0.0,4.11,1.9,4.17,0,2.18,0.0011,0,19.02,5.29,1.0294,437.5,156.0,chennai,summer,0.8199,249
3.9808563386576226,814,120.0,33.8,0.61,0.0,0.0,3.71,2.01,2.95,0,2.29,0.0025,0,17.65,6.92,1.1925,506.8,120.55,bengaluru,summer,0.2452,250
2.8751105964090065,577,120.0,38.6,0.6,0.0,0.0,4.8,2.43,5.67,0,2.31,0.0087,0,18.09,7.64,1.2638,537.1,143.02,bengaluru,summer,0.1534,251
4.12778507084151,774,120.0,47.6,0.61,0.0,0.0,4.02,1.45,8.48,1,2.18,0.0026,0,19.25,7.68,1.2675,538.7,133.07,delhi,summer,0.2217,252
10.37429657009289,1902,120.0,6.6,0.61,0.0,0.0,4.06,2.12,3.49,0,2.13,0.0005,0,19.65,7.09,1.2089,513.8,105.33,delhi,winter,0.7149,253
3.092177244868082,588,120.0,8.5,0.62,0.0,0.0,4.66,1.62,3.33,0,2.2,0.0034,0,18.99,7.25,1.2252,520.7,112.77,delhi,winter,0.1991,254
21.14015899134864,3862,120.0,36.4,0.63,0.0,0.0,4.53,2.41,4.37,0,2.12,0.0005,0,19.72,7.36,1.2358,525.2,125.72,chennai,summer,1.2535,255
8.109474737230595,1537,120.0,30.4,0.62,0.0,0.0,4.06,2.22,2.78,0,2.18,0.0007,0,19.01,6.68,1.1678,496.3,124.52,bengaluru,monsoon,0.5027,256
7.364545845691108,1418,120.0,6.1,0.64,0.0,0.0,6.72,4.75,3.57,0,2.2,0.0007,0,18.71,7.55,1.2551,533.4,102.11,delhi,winter,0.5228,257
14.744451579251306,2742,120.0,43.4,0.63,0.0,0.0,4.71,2.17,7.27,1,2.15,0.0011,0,19.38,7.17,1.2169,517.2,143.78,delhi,summer,0.7751,258
20.468538070695676,3743,120.0,32.1,0.63,0.0,0.0,4.32,2.44,3.45,0,2.13,0.0008,0,19.7,6.8,1.1805,501.7,139.91,chennai,monsoon,1.0553,259
5.999870113719459,1086,120.0,25.2,0.63,0.0,0.0,4.12,2.0,1.08,0,2.12,0.0018,0,19.92,6.55,1.1553,491.0,115.96,delhi,monsoon,0.3722,260
16.151429387314053,3108,120.0,25.7,0.62,0.0,0.0,4.79,2.6,1.64,0,2.2,0.0013,0,18.73,7.41,1.2407,527.3,114.38,bengaluru,monsoon,1.0394,261
19.450751015833802,3547,120.0,18.6,0.62,0.0,0.0,3.77,2.42,0.97,0,2.12,0.0006,0,19.75,6.7,1.1701,497.3,123.6,bengaluru,winter,1.2124,262
18.305303197633048,3382,120.0,31.0,0.62,0.0,0.0,4.57,2.13,2.91,0,2.19,0.0024,1,19.53,6.15,1.1148,473.8,156.0,bengaluru,summer,0.8947,263
14.53750476888212,2735,120.0,47.3,0.62,0.0,0.0,5.05,1.99,8.5,1,2.22,0.0018,1,19.17,7.69,1.2687,539.2,133.73,delhi,summer,0.7887,264
5.8954513653655445,1144,120.0,34.3,0.61,0.0,0.0,5.49,3.56,4.85,0,2.21,0.0017,0,18.58,5.19,1.0191,433.1,156.0,chennai,monsoon,0.2616,265
6.462534693361824,1276,120.0,27.1,0.62,0.0,0.0,5.36,3.4,2.68,0,2.24,0.0024,0,18.27,5.85,1.0854,461.3,152.15,bengaluru,monsoon,0.3037,266
19.491495374147124,3741,120.0,27.5,0.63,0.0,0.0,3.81,2.46,2.23,0,2.25,0.0008,2,18.77,6.01,1.1012,468.0,156.0,chennai,monsoon,0.9333,267
15.386731722956847,2913,120.0,36.9,0.63,0.0,0.0,4.77,2.86,4.58,0,2.18,0.001,0,19.03,5.03,1.0033,426.4,156.0,bengaluru,summer,0.6817,268
19.357102615633845,3637,120.0,28.1,0.62,0.0,0.0,4.94,2.53,2.34,0,2.16,0.0003,0,19.17,7.56,1.2555,533.6,143.05,bengaluru,monsoon,1.0315,269
2.5428500675979557,478,120.0,33.8,0.61,0.0,0.0,2.28,0.79,3.54,0,2.46,0.0084,1,19.3,6.69,1.1694,497.0,127.8,bengaluru,summer,0.1429,270
7.630082536657695,1514,120.0,31.1,0.59,0.0,0.0,4.72,2.36,3.65,0,2.24,0.0013,0,18.17,7.44,1.2438,528.6,119.94,chennai,monsoon,0.4834,271
11.318085223715189,2085,120.0,23.7,0.63,0.0,0.0,4.4,2.47,1.01,0,2.15,0.0019,0,19.58,6.53,1.1529,490.0,112.72,bengaluru,winter,0.7758,272
9.185013333764742,1634,120.0,41.4,0.62,0.0,0.0,4.85,2.5,6.87,1,2.1,0.0018,0,20.27,5.49,1.0492,445.9,156.0,chennai,summer,0.4271,273
16.36802965600324,3040,120.0,25.8,0.63,0.0,0.0,5.46,3.18,0.95,0,2.15,0.0007,0,19.4,6.6,1.1602,493.1,109.22,bengaluru,monsoon,1.1049,274
5.9389216604615065,1184,120.0,32.2,0.64,0.0,0.0,4.35,2.69,3.09,0,2.26,0.0025,0,18.1,7.7,1.2699,539.7,129.92,bengaluru,summer,0.3259,275
17.372098447553434,3385,120.0,45.6,0.62,0.0,0.0,5.14,2.48,8.76,1,2.25,0.0006,1,18.49,7.43,1.2428,528.2,110.93,delhi,summer,1.2296,276
6.738155466999971,1269,120.0,35.5,0.63,0.0,0.0,4.84,2.67,4.74,0,2.17,0.0016,0,19.14,5.4,1.04,442.0,156.0,bengaluru,summer,0.3071,277
18.25094143082536,3329,120.0,18.1,0.61,0.0,0.0,6.08,3.18,1.07,0,2.13,0.0012,0,19.76,5.89,1.0887,462.7,156.0,bengaluru,winter,0.8619,278
3.310767661003487,617,120.0,14.1,0.61,0.0,0.0,5.54,3.02,1.85,0,2.18,0.0049,0,19.4,5.87,1.0866,461.8,156.0,delhi,winter,0.1575,279
12.244093646772148,2350,120.0,18.9,0.63,0.0,0.0,5.26,2.94,0.92,0,2.19,0.0009,0,18.77,7.04,1.2035,511.5,110.1,bengaluru,winter,0.8534,280
19.33538311425631,3764,120.0,28.4,0.63,0.0,0.0,4.87,2.59,1.94,0,2.28,0.0011,2,18.51,5.73,1.0729,456.0,154.66,bengaluru,monsoon,0.9021,281
15.447036010489075,2837,120.0,32.2,0.63,0.0,0.0,4.14,2.59,3.66,0,2.13,0.0004,0,19.61,6.89,1.1887,505.2,109.94,bengaluru,monsoon,1.0749,282
2.5164263967379883,483,120.0,29.1,0.64,0.0,0.0,3.53,1.19,2.95,0,2.22,0.0041,0,18.83,6.64,1.1635,494.5,145.6,delhi,monsoon,0.1251,283
13.92096996319528,2660,120.0,30.8,0.62,0.0,0.0,4.46,1.94,2.9,0,2.19,0.0008,0,18.85,5.93,1.0934,464.7,156.0,delhi,monsoon,0.6612,284
17.046251975583168,3279,120.0,9.0,0.63,0.0,0.0,5.57,2.82,3.4,0,2.23,0.0006,1,18.73,6.56,1.156,491.3,147.18,delhi,winter,0.859,285
20.738589806378968,3885,120.0,26.6,0.61,0.0,0.0,4.8,2.22,1.2,0,2.2,0.0015,1,19.25,7.65,1.2654,537.8,146.76,delhi,monsoon,1.1117,286
2.3710980103869743,464,120.0,23.9,0.61,0.0,0.0,8.35,5.06,1.51,0,2.23,0.0022,0,18.44,6.07,1.1068,470.4,149.65,delhi,monsoon,0.1145,287
13.80204013615959,2548,120.0,12.6,0.6,0.0,0.0,5.75,3.26,2.16,0,2.19,0.0016,1,19.53,7.22,1.2216,519.2,112.89,delhi,winter,0.8744,288
5.594237126310817,1088,120.0,28.1,0.59,0.0,0.0,4.07,2.32,1.45,0,2.59,0.0083,3,18.66,6.58,1.1584,492.3,112.65,chennai,winter,0.3672,289
16.995695258107656,3207,120.0,21.9,0.63,0.0,0.0,3.61,2.12,1.91,0,2.25,0.0022,2,19.12,7.17,1.2167,517.1,123.57,delhi,monsoon,0.9915,290
7.592773774513599,1446,120.0,0.9,0.63,0.0,0.0,4.45,2.5,4.79,0,2.18,0.0007,0,18.92,6.72,1.1718,498.0,148.82,delhi,winter,0.3841,291
6.894162439445726,1273,120.0,36.2,0.62,0.0,0.0,5.05,2.47,4.52,0,2.25,0.0031,1,19.55,6.7,1.1704,497.4,145.39,bengaluru,summer,0.3491,292
11.351074998485416,2071,120.0,42.2,0.61,0.0,0.0,3.97,1.76,6.84,1,2.13,0.0019,0,19.77,5.97,1.0967,466.1,156.0,delhi,summer,0.5355,293
9.420570523689733,1807,120.0,22.4,0.62,0.0,0.0,4.39,2.55,1.48,0,2.19,0.0011,0,18.79,7.43,1.2426,528.1,111.41,bengaluru,monsoon,0.6116,294
6.132097663989071,1109,120.0,36.3,0.61,0.0,0.0,6.03,3.91,4.38,0,2.13,0.0036,0,19.98,7.24,1.2242,520.3,113.53,bengaluru,summer,0.3965,295
10.56432226436276,2016,120.0,37.2,0.62,0.0,0.0,5.63,3.12,4.66,0,2.18,0.0005,0,18.87,5.07,1.0071,428.0,156.0,bengaluru,summer,0.4674,296
2.4141012972302622,445,120.0,11.3,0.61,0.0,0.0,3.18,0.83,2.61,0,2.5,0.0157,1,19.83,6.13,1.1127,472.9,156.0,delhi,winter,0.12,297
10.118386746495974,1851,120.0,20.2,0.63,0.0,0.0,3.93,2.87,0.83,0,2.19,0.0016,1,19.71,5.98,1.0981,466.7,147.88,bengaluru,winter,0.4902,298
14.66531046497532,2806,120.0,23.3,0.61,0.0,0.0,4.43,3.07,0.47,0,2.23,0.0011,1,18.83,7.66,1.2656,537.9,113.76,bengaluru,winter,0.9565,299
6.581974193670845,1247,120.0,38.9,0.6,0.0,0.0,4.62,3.34,6.0,0,2.28,0.0024,1,19.05,5.13,1.0132,430.6,156.0,bengaluru,summer,0.2908,300
11.488903694450864,2208,120.0,28.7,0.6,0.0,0.0,5.43,2.7,2.25,0,2.2,0.0014,0,18.76,6.58,1.1584,492.3,148.43,bengaluru,monsoon,0.5663,301
8.181875890749692,1590,120.0,18.6,0.66,0.0,0.0,5.26,2.69,1.42,0,2.21,0.0013,0,18.55,5.32,1.0322,438.7,156.0,bengaluru,winter,0.3761,302
18.469272481395695,3477,120.0,8.1,0.62,0.0,0.0,4.3,2.65,3.73,0,2.28,0.0032,3,19.18,6.6,1.1598,492.9,138.5,delhi,winter,1.0357,303
16.454456609648588,3156,120.0,7.8,0.62,0.0,0.0,5.51,2.49,3.6,0,2.45,0.0054,6,18.86,6.84,1.184,503.2,135.09,delhi,winter,0.929,304
19.001922463782634,3538,120.0,28.8,0.61,0.0,0.0,4.3,2.16,1.5,0,2.15,0.0003,0,19.34,5.63,1.0633,451.9,156.0,chennai,winter,0.8783,305
10.999827932771892,2102,120.0,42.1,0.64,0.0,0.0,5.25,2.82,6.88,1,2.18,0.0005,0,18.85,5.79,1.0793,458.7,156.0,delhi,summer,0.5231,306
3.95824502746584,752,120.0,37.9,0.6,0.0,0.0,4.06,1.52,6.2,0,2.22,0.0066,0,19.07,7.2,1.2202,518.6,105.25,bengaluru,monsoon,0.2755,307
8.561732815104001,1587,120.0,23.0,0.6,0.0,0.0,3.89,1.75,1.98,0,2.15,0.0006,0,19.43,7.66,1.2656,537.9,116.65,bengaluru,monsoon,0.5583,308
13.824333406433363,2607,120.0,31.8,0.63,0.0,0.0,3.45,1.66,3.44,0,2.17,0.0008,0,19.1,6.12,1.1118,472.5,150.63,chennai,monsoon,0.6608,309
19.59955234506699,3680,120.0,29.3,0.62,0.0,0.0,4.67,2.4,2.41,0,2.16,0.0003,0,19.18,6.66,1.1656,495.4,137.06,bengaluru,monsoon,1.0921,310
8.430563293670799,1512,120.0,33.0,0.63,0.0,0.0,4.58,2.61,3.85,0,2.1,0.0013,0,20.1,7.06,1.2061,512.6,122.53,bengaluru,summer,0.4922,311
16.51302590798892,3039,120.0,29.6,0.61,0.0,0.0,5.73,3.09,3.38,0,2.18,0.0016,1,19.59,5.74,1.0736,456.3,156.0,bengaluru,monsoon,0.7766,312
11.972865654298865,2322,120.0,22.2,0.63,0.0,0.0,3.74,1.92,1.06,0,2.27,0.0026,1,18.61,7.67,1.2671,538.5,143.78,bengaluru,winter,0.6505,313
17.068426926636914,3206,120.0,12.3,0.62,0.0,0.0,4.41,2.17,2.22,0,2.16,0.0006,0,19.18,7.55,1.2548,533.3,141.4,bengaluru,winter,0.9139,314
8.682913173904856,1677,120.0,29.0,0.62,0.0,0.0,4.65,2.65,2.66,0,2.21,0.0018,0,18.67,5.9,1.0901,463.3,156.0,bengaluru,monsoon,0.4098,315
10.44711859450783,2028,120.0,4.8,0.64,0.0,0.0,4.13,2.01,3.98,0,2.37,0.0064,2,18.65,6.98,1.1976,509.0,104.19,delhi,winter,0.7204,316
20.30207889308544,3948,120.0,6.6,0.62,0.0,0.0,4.33,2.51,3.73,0,2.24,0.001,1,18.53,7.62,1.2621,536.4,105.94,delhi,winter,1.4447,317
10.203451339729218,1905,120.0,29.1,0.61,0.0,0.0,3.98,1.96,2.83,0,2.22,0.0016,1,19.31,5.02,1.0019,425.8,156.0,chennai,monsoon,0.4477,318
13.099130710970146,2455,120.0,24.7,0.62,0.0,0.0,4.75,2.6,1.29,0,2.16,0.0012,0,19.23,6.88,1.1878,504.8,136.13,bengaluru,monsoon,0.7492,319
20.494776853717,3841,120.0,27.1,0.61,0.0,0.0,4.43,2.49,1.84,0,2.16,0.0003,0,19.21,7.2,1.2198,518.4,133.76,chennai,monsoon,1.1839,320
16.900342402449144,3244,120.0,21.0,0.63,0.0,0.0,4.35,1.83,1.7,0,2.2,0.0018,0,18.79,7.62,1.2616,536.2,122.9,delhi,monsoon,1.0112,321
20.781150892614885,3879,120.0,33.2,0.61,0.0,0.0,5.0,2.84,3.53,0,2.22,0.0015,2,19.31,7.66,1.2664,538.2,144.28,bengaluru,summer,1.1169,322
12.500362083998068,2384,120.0,45.4,0.63,0.0,0.0,5.34,2.56,8.5,1,2.24,0.0017,1,18.91,5.12,1.0122,430.2,156.0,delhi,summer,0.5534,323
16.00350830616803,3020,120.0,34.6,0.64,0.0,0.0,4.6,2.19,3.34,0,2.18,0.002,0,19.11,6.69,1.1687,496.7,112.16,chennai,summer,1.0995,324
20.827249480881513,3821,120.0,36.5,0.63,0.0,0.0,3.6,2.16,4.98,0,2.13,0.0003,0,19.63,7.08,1.2082,513.5,103.9,bengaluru,summer,1.4536,325
12.90748072299908,2422,120.0,28.0,0.64,0.0,0.0,5.1,3.1,2.72,0,2.17,0.0021,0,19.22,6.81,1.1809,501.9,126.43,bengaluru,monsoon,0.7506,326
11.260659151797386,2106,120.0,27.4,0.63,0.0,0.0,4.54,2.49,2.79,0,2.16,0.0014,0,19.28,6.77,1.1769,500.2,121.19,bengaluru,monsoon,0.7064,327
1.8264200737186809,364,120.0,36.0,0.61,0.0,0.0,5.03,3.29,4.92,0,2.61,0.0055,1,18.16,6.64,1.1635,494.5,135.96,chennai,summer,0.1012,328
5.764771199352547,1113,120.0,31.8,0.65,0.0,0.0,4.68,2.6,2.98,0,2.31,0.0018,1,18.68,7.64,1.2635,537.0,105.61,bengaluru,summer,0.4206,329
3.9274725382030726,752,120.0,42.0,0.67,0.0,0.0,5.55,4.07,6.78,1,2.21,0.004,0,18.87,7.54,1.2539,532.9,140.19,bengaluru,summer,0.2196,330
16.21703660870085,3058,120.0,41.7,0.62,0.0,0.0,4.34,2.47,6.97,1,2.17,0.0007,0,19.1,6.79,1.1786,500.9,144.28,chennai,summer,0.8178,331
18.642420186366973,3574,120.0,20.1,0.62,0.0,0.0,4.59,2.63,0.87,0,2.19,0.0006,0,18.79,5.72,1.0715,455.4,153.94,chennai,winter,0.8647,332
18.452214444894583,3367,120.0,22.9,0.63,0.0,0.0,4.85,2.33,2.12,0,2.16,0.0006,1,19.74,6.53,1.1532,490.1,155.52,bengaluru,monsoon,0.9274,333
19.793335184040917,3732,120.0,16.8,0.63,0.0,0.0,4.55,2.73,1.85,0,2.17,0.0013,0,19.12,7.61,1.2609,535.9,134.96,bengaluru,winter,1.0764,334
5.293115928614501,1033,120.0,20.5,0.62,0.0,0.0,4.63,3.21,0.89,0,2.22,0.0019,0,18.48,6.7,1.1704,497.4,141.27,bengaluru,winter,0.2947,335
9.959582652224151,1809,120.0,42.6,0.62,0.0,0.0,3.78,2.31,7.09,1,2.12,0.0011,0,19.84,6.8,1.18,501.5,111.11,chennai,summer,0.6809,336
5.3903843158092,925,120.0,6.6,0.61,0.0,0.0,5.05,2.78,3.88,0,2.05,0.0022,0,21.02,7.51,1.2513,531.8,102.46,delhi,winter,0.3854,337
2.6396004934938557,543,120.0,21.9,0.61,0.0,0.0,4.41,1.52,1.8,0,2.32,0.0055,0,17.59,7.15,1.2148,516.3,144.1,bengaluru,monsoon,0.1382,338
5.011714009556888,898,120.0,32.4,0.61,0.0,0.0,4.68,2.79,3.43,0,2.13,0.0045,0,20.18,7.18,1.2184,517.8,145.81,bengaluru,monsoon,0.2658,339
18.774791826216514,3437,120.0,33.9,0.63,0.0,0.0,4.88,3.04,3.87,0,2.16,0.0012,1,19.69,6.83,1.1828,502.7,143.9,chennai,summer,0.971,340
13.638576017115055,2537,120.0,37.7,0.61,0.0,0.0,3.99,2.79,5.43,0,2.15,0.0012,0,19.38,5.87,1.0866,461.8,156.0,bengaluru,summer,0.6503,341
9.713333343408808,1829,120.0,25.7,0.61,0.0,0.0,4.5,3.09,0.96,0,2.18,0.0022,0,19.16,7.22,1.2221,519.4,123.82,chennai,winter,0.6092,342
7.8308590825593525,1402,120.0,20.5,0.64,0.0,0.0,4.2,2.17,0.69,0,2.19,0.0021,1,20.15,5.62,1.0616,451.2,156.0,bengaluru,winter,0.3755,343
20.779670040472098,3944,120.0,34.0,0.63,0.0,0.0,4.54,2.45,4.31,0,2.2,0.0005,1,18.98,5.76,1.0765,457.5,156.0,bengaluru,monsoon,0.9777,344
11.317417672555838,2099,120.0,26.8,0.62,0.0,0.0,4.41,2.21,2.45,0,2.15,0.0014,0,19.44,6.96,1.196,508.3,111.29,bengaluru,monsoon,0.7813,345
12.469822089320656,2265,120.0,46.6,0.62,0.0,0.0,4.3,2.17,8.11,1,2.12,0.0004,0,19.83,7.31,1.2308,523.1,128.2,delhi,summer,0.7387,346
6.359967689625741,1219,120.0,35.4,0.62,0.0,0.0,5.4,3.46,5.4,0,2.3,0.0033,1,18.84,6.87,1.1868,504.4,142.86,chennai,monsoon,0.326,347
10.031352907548015,1838,120.0,26.3,0.61,0.0,0.0,4.57,2.59,1.47,0,2.13,0.0011,0,19.67,5.88,1.0878,462.3,156.0,delhi,monsoon,0.472,348
10.475824251691543,1930,120.0,21.0,0.62,0.0,0.0,5.49,2.2,0.88,0,2.14,0.0016,0,19.57,7.58,1.2579,534.6,126.26,bengaluru,winter,0.6257,349
4.960176106715944,983,120.0,37.9,0.62,0.0,0.0,3.76,1.41,5.54,0,2.24,0.002,0,18.2,7.7,1.2701,539.8,144.65,bengaluru,summer,0.2651,350
18.312984048707133,3362,120.0,18.6,0.61,0.0,0.0,5.53,3.33,0.97,0,2.13,0.0009,0,19.63,6.04,1.1045,469.4,154.65,bengaluru,winter,0.8737,351
19.473821006520076,3716,120.0,27.5,0.63,0.0,0.0,4.53,2.11,2.45,0,2.22,0.0008,1,18.88,6.54,1.1541,490.5,145.12,bengaluru,monsoon,0.9767,352
4.8194416414195835,916,120.0,19.2,0.63,0.0,0.0,4.6,3.11,1.05,0,2.18,0.0011,0,18.96,6.7,1.1696,497.1,131.06,bengaluru,winter,0.2728,353
18.98585409367289,3554,120.0,28.4,0.63,0.0,0.0,4.42,2.32,2.05,0,2.19,0.0008,1,19.25,7.16,1.2162,516.9,138.83,delhi,monsoon,0.9956,354
19.094993696429018,3593,120.0,39.1,0.63,0.0,0.0,4.2,2.25,6.23,0,2.16,0.0006,0,19.14,6.77,1.1767,500.1,123.53,bengaluru,summer,1.1996,355
14.142426776347031,2642,120.0,34.1,0.62,0.0,0.0,4.3,1.63,3.32,0,2.3,0.0026,3,19.32,7.32,1.2322,523.7,108.8,bengaluru,summer,0.988,356
16.01913391135577,2938,120.0,36.8,0.62,0.0,0.0,5.29,3.0,4.65,0,2.13,0.001,0,19.65,5.6,1.0595,450.3,154.97,bengaluru,summer,0.7406,357
18.552790811692805,3530,120.0,40.9,0.62,0.0,0.0,3.86,2.37,6.1,1,2.18,0.0003,0,18.93,5.23,1.0231,434.8,156.0,bengaluru,summer,0.829,358
9.54444597744094,1774,120.0,25.9,0.6,0.0,0.0,4.3,2.31,1.21,0,2.22,0.0011,1,19.39,7.26,1.2261,521.1,148.58,chennai,winter,0.4948,359
6.050660575820731,1145,120.0,6.5,0.61,0.0,0.0,5.8,2.97,4.03,0,2.19,0.0026,0,19.07,6.66,1.1659,495.5,128.21,delhi,winter,0.3373,360
7.060034437725283,1336,120.0,22.3,0.63,0.0,0.0,3.44,2.12,1.2,0,2.18,0.0015,0,19.05,7.46,1.2464,529.7,138.3,bengaluru,winter,0.38,361
12.736104083451886,2415,120.0,35.7,0.62,0.0,0.0,4.02,1.81,4.56,0,2.19,0.0021,0,19.02,7.41,1.2409,527.4,126.36,bengaluru,summer,0.7575,362
18.950383395322998,3440,120.0,9.9,0.64,0.0,0.0,5.36,2.96,2.73,0,2.15,0.0006,1,19.84,6.57,1.1572,491.8,120.04,delhi,winter,1.1752,363
1.8690440768253251,370,120.0,16.7,0.6,0.0,0.0,4.41,2.68,1.33,0,2.31,0.0108,0,18.38,7.65,1.2647,537.5,125.93,bengaluru,winter,0.1127,364
2.2314586778111316,432,120.0,28.7,0.66,0.0,0.0,5.95,3.59,2.23,0,2.82,0.0116,2,18.8,6.54,1.1541,490.5,109.64,chennai,monsoon,0.1576,365
3.260285524198637,599,120.0,26.4,0.61,0.0,0.0,4.32,3.07,1.8,0,2.34,0.0033,1,19.66,7.59,1.2588,535.0,112.48,chennai,monsoon,0.2133,366
2.8233337413171102,526,120.0,21.5,0.61,0.0,0.0,4.99,2.83,1.6,0,2.18,0.0038,0,19.4,6.96,1.196,508.3,113.55,delhi,monsoon,0.1775,367
11.135646200060078,2137,120.0,44.7,0.64,0.0,0.0,4.69,2.78,8.02,1,2.25,0.0014,1,18.78,6.88,1.1875,504.7,130.58,chennai,summer,0.6363,368
10.507350469197359,1981,120.0,36.3,0.64,0.0,0.0,5.13,2.66,4.23,0,2.17,0.0005,0,19.1,5.79,1.0788,458.5,152.05,bengaluru,summer,0.4954,369
12.356630368103476,2255,120.0,3.6,0.61,0.0,0.0,4.38,1.86,4.15,0,2.13,0.0009,0,19.74,7.32,1.2315,523.4,135.15,delhi,winter,0.719,370
4.895026835884543,982,120.0,21.0,0.63,0.0,0.0,4.1,2.25,1.34,0,2.4,0.0041,1,18.01,6.9,1.1901,505.8,152.19,bengaluru,winter,0.2523,371
9.9910106192869,1811,120.0,31.0,0.62,0.0,0.0,4.91,3.0,2.07,0,2.12,0.0011,0,19.88,5.5,1.0496,446.1,156.0,bengaluru,summer,0.4643,372
19.733224798901848,3682,120.0,37.9,0.62,0.0,0.0,4.18,2.28,4.83,0,2.16,0.0011,0,19.31,7.21,1.2209,518.9,109.5,chennai,summer,1.3777,373
5.895481591563552,1109,120.0,45.3,0.63,0.0,0.0,4.3,1.7,8.15,1,2.17,0.0018,0,19.17,5.69,1.0694,454.5,152.3,delhi,summer,0.2771,374
20.880606355628817,3807,120.0,33.8,0.63,0.0,0.0,4.84,2.49,4.45,0,2.15,0.0005,1,19.76,7.12,1.2118,515.0,142.75,chennai,monsoon,1.0963,375
10.124986548236768,1773,120.0,39.4,0.6,0.0,0.0,3.56,2.27,5.28,0,2.07,0.0011,0,20.58,5.59,1.0588,450.0,154.06,delhi,summer,0.4725,376
8.769804625134805,1674,120.0,34.0,0.6,0.0,0.0,4.06,1.71,3.24,0,2.27,0.0024,1,18.9,7.7,1.2699,539.7,138.56,bengaluru,summer,0.4728,377
6.534557576100648,1242,120.0,27.8,0.61,0.0,0.0,3.88,1.84,1.2,0,2.19,0.0016,0,18.97,6.73,1.1734,498.7,116.53,chennai,winter,0.4399,378
20.764570077624466,3878,120.0,31.6,0.64,0.0,0.0,4.65,2.65,2.47,0,2.19,0.001,1,19.29,7.65,1.2647,537.5,143.26,chennai,winter,1.1379,379
9.694785303161908,1822,120.0,40.8,0.6,0.0,0.0,4.33,2.89,6.83,1,2.23,0.0011,1,19.18,7.32,1.2322,523.7,107.48,chennai,summer,0.6631,380
14.03095538700974,2607,120.0,6.2,0.61,0.0,0.0,5.88,3.78,3.55,0,2.24,0.0019,2,19.41,6.53,1.1534,490.2,156.0,delhi,winter,0.6991,381
4.00413767496907,732,120.0,27.3,0.63,0.0,0.0,3.94,2.0,2.53,0,2.14,0.0027,0,19.75,7.43,1.2431,528.3,134.01,bengaluru,monsoon,0.2199,382
14.65178234807498,2688,120.0,41.1,0.62,0.0,0.0,5.14,2.53,7.12,1,2.13,0.0004,0,19.63,7.52,1.2515,531.9,146.09,chennai,monsoon,0.7864,383
16.490793387639947,3186,120.0,20.8,0.64,0.0,0.0,4.64,3.03,1.17,0,2.28,0.0016,2,18.66,6.0,1.0995,467.3,149.31,bengaluru,winter,0.7882,384
19.352921995861355,3665,120.0,36.0,0.62,0.0,0.0,4.47,2.38,5.74,0,2.18,0.0011,0,19.03,7.47,1.2471,530.0,124.82,chennai,monsoon,1.1388,385
15.453710295455679,2940,120.0,32.8,0.62,0.0,0.0,5.12,2.91,4.71,0,2.18,0.0007,0,18.94,5.75,1.0748,456.8,156.0,chennai,monsoon,0.7179,386
3.312190420087328,629,120.0,36.6,0.62,0.0,0.0,5.37,3.32,4.18,0,2.18,0.0016,0,18.99,6.57,1.1569,491.7,114.67,bengaluru,summer,0.2267,387
12.997693153951042,2567,120.0,31.7,0.62,0.0,0.0,3.1,2.15,3.85,0,2.39,0.0039,3,18.29,6.07,1.1073,470.6,156.0,chennai,monsoon,0.6137,388
3.885830668529671,744,120.0,34.0,0.59,0.0,0.0,4.09,2.32,3.73,0,2.21,0.004,0,18.88,7.09,1.2092,513.9,116.74,bengaluru,summer,0.2398,389
20.221844883684973,3707,120.0,45.8,0.63,0.0,0.0,4.59,2.52,8.7,1,2.23,0.0016,3,19.67,5.78,1.0776,458.0,150.27,delhi,summer,0.9615,390
7.053988441521384,1323,120.0,35.7,0.63,0.0,0.0,4.24,2.27,4.53,0,2.18,0.003,0,19.25,6.75,1.1753,499.5,130.73,bengaluru,summer,0.4065,391
20.568135391876726,3826,120.0,25.2,0.63,0.0,0.0,5.71,2.24,0.96,0,2.15,0.0003,0,19.36,7.31,1.2313,523.3,131.78,delhi,monsoon,1.2162,392
5.1189297762474855,1000,120.0,24.6,0.67,0.0,0.0,4.09,2.15,1.16,0,2.22,0.001,0,18.45,7.25,1.2249,520.6,126.26,bengaluru,winter,0.3058,393
9.650154522807924,1739,120.0,32.6,0.64,0.0,0.0,3.92,2.28,3.06,0,2.19,0.0035,1,20.04,7.1,1.2096,514.1,149.01,bengaluru,summer,0.509,394
19.10731955415821,3448,120.0,46.0,0.62,0.0,0.0,5.16,2.62,8.42,1,2.14,0.0012,1,19.97,7.27,1.2268,521.4,122.56,delhi,summer,1.1315,395
4.074404198895389,738,120.0,5.7,0.65,0.0,0.0,3.84,1.96,3.73,0,2.13,0.0027,0,19.93,6.91,1.1906,506.0,147.48,delhi,winter,0.2147,396
20.68917514905015,3922,120.0,31.8,0.62,0.0,0.0,4.94,2.85,2.99,0,2.21,0.0008,1,19.0,6.89,1.1892,505.4,141.87,bengaluru,summer,1.0522,397
9.898792336777097,1856,120.0,34.2,0.64,0.0,0.0,4.86,3.13,3.74,0,2.3,0.0027,2,19.25,6.92,1.1922,506.7,122.22,chennai,summer,0.6363,398
12.13206821423319,2315,120.0,28.2,0.62,0.0,0.0,4.95,2.47,2.0,0,2.19,0.0009,0,18.88,6.54,1.1536,490.3,139.01,bengaluru,monsoon,0.6699,399
13.618011931933593,2607,120.0,33.2,0.63,0.0,0.0,4.48,3.3,4.92,0,2.19,0.0004,0,18.81,5.56,1.056,448.8,156.0,chennai,monsoon,0.6327,400
15.162461035789583,2879,120.0,25.2,0.62,0.0,0.0,4.92,3.3,0.88,0,2.18,0.0014,0,18.98,7.49,1.2492,530.9,110.69,bengaluru,winter,1.0721,401
12.02574847968241,2214,120.0,26.0,0.6,0.0,0.0,4.45,1.75,1.55,0,2.2,0.0023,1,19.6,5.44,1.0438,443.6,156.0,delhi,monsoon,0.5464,402
7.881525177149429,1429,120.0,30.0,0.65,0.0,0.0,4.63,2.66,2.45,0,2.21,0.0035,1,19.92,7.48,1.2475,530.2,117.39,bengaluru,monsoon,0.5263,403
11.142758098838017,2073,120.0,30.8,0.62,0.0,0.0,4.47,1.79,3.43,0,2.15,0.0005,0,19.36,5.38,1.0379,441.1,156.0,bengaluru,monsoon,0.5065,404
10.21283689119642,1932,120.0,37.9,0.63,0.0,0.0,3.98,2.15,5.43,0,2.18,0.001,0,19.05,7.36,1.2362,525.4,116.14,chennai,summer,0.6736,405
18.80250021984459,3542,120.0,20.3,0.61,0.0,0.0,5.13,2.82,0.84,0,2.17,0.0011,0,19.13,6.16,1.1162,474.4,156.0,bengaluru,winter,0.9041,406
9.4335269768547,1801,120.0,30.5,0.62,0.0,0.0,3.91,2.54,1.84,0,2.26,0.0017,1,18.89,5.27,1.0266,436.3,156.0,bengaluru,summer,0.4235,407
19.71266629306504,3684,120.0,26.6,0.62,0.0,0.0,5.07,2.38,1.57,0,2.16,0.0005,0,19.27,6.86,1.1859,504.0,106.91,bengaluru,winter,1.3534,408
19.826856098127887,3759,120.0,43.5,0.61,0.0,0.0,4.52,1.87,7.71,1,2.21,0.0011,1,19.01,7.39,1.2388,526.5,110.76,delhi,summer,1.3916,409
8.499614875417686,1572,120.0,25.1,0.62,0.0,0.0,4.26,2.12,0.3,0,2.16,0.0025,0,19.51,7.36,1.2358,525.2,121.95,bengaluru,winter,0.4991,410
8.179660284165966,1514,120.0,21.6,0.64,0.0,0.0,3.84,2.08,1.28,0,2.24,0.0033,1,19.51,7.63,1.2628,536.7,142.36,bengaluru,monsoon,0.4456,411
5.982438245064175,1133,120.0,31.6,0.63,0.0,0.0,3.94,2.17,2.95,0,2.18,0.0009,0,19.03,6.95,1.1951,507.9,141.95,chennai,monsoon,0.311,412
18.454007232766934,3531,120.0,39.6,0.61,0.0,0.0,4.74,2.71,6.12,0,2.22,0.0008,1,18.83,6.76,1.1762,499.9,110.61,chennai,summer,1.2422,413
6.309271459518087,1147,120.0,37.8,0.62,0.0,0.0,5.25,3.33,5.57,0,2.12,0.0009,0,19.82,7.2,1.2202,518.6,134.13,bengaluru,summer,0.3363,414
10.771851630140853,1978,120.0,39.6,0.64,0.0,0.0,4.49,2.04,5.73,0,2.25,0.002,2,19.64,5.86,1.0861,461.6,148.53,delhi,summer,0.5208,415
15.10955746369439,2838,120.0,23.4,0.61,0.0,0.0,4.88,2.51,1.76,0,2.16,0.0004,0,19.17,7.56,1.2565,534.0,113.91,bengaluru,monsoon,0.9797,416
4.736943234517248,894,120.0,19.9,0.63,0.0,0.0,4.06,1.9,1.9,0,2.18,0.0022,0,19.11,6.95,1.1948,507.8,111.97,delhi,monsoon,0.3312,417
20.298464507148296,3715,120.0,33.3,0.63,0.0,0.0,3.5,2.41,2.84,0,2.2,0.0022,2,19.71,7.21,1.2214,519.1,108.61,bengaluru,summer,1.4359,418
4.1667875283342015,772,120.0,27.7,0.67,0.0,0.0,4.77,1.92,1.58,0,2.32,0.0052,1,19.53,6.99,1.1993,509.7,100.23,bengaluru,monsoon,0.3023,419
8.798196980002002,1621,120.0,36.0,0.64,0.0,0.0,3.52,1.82,4.72,0,2.31,0.0062,2,19.65,6.16,1.1162,474.4,146.21,chennai,summer,0.4288,420
7.438596167462471,1365,120.0,34.3,0.62,0.0,0.0,4.62,2.82,4.55,0,2.14,0.0022,0,19.66,6.79,1.1788,501.0,120.76,chennai,monsoon,0.4633,421
17.426760867579308,3312,120.0,32.3,0.64,0.0,0.0,4.24,2.24,2.96,0,2.25,0.0012,2,18.96,6.17,1.1169,474.7,155.12,bengaluru,summer,0.849,422
5.18332276691096,973,120.0,25.5,0.63,0.0,0.0,4.45,2.32,2.15,0,2.19,0.0041,0,19.25,7.25,1.2247,520.5,140.57,bengaluru,monsoon,0.2765,423
13.368372185869848,2544,120.0,46.2,0.62,0.0,0.0,4.58,1.87,8.5,1,2.18,0.0008,0,18.93,6.86,1.1861,504.1,128.15,delhi,summer,0.7588,424
2.30415591968416,471,120.0,23.8,0.62,0.0,0.0,4.13,2.17,0.61,0,2.32,0.0064,0,17.72,7.32,1.2325,523.8,122.73,bengaluru,winter,0.1344,425
12.840063564921257,2523,120.0,28.7,0.61,0.0,0.0,4.82,2.8,2.3,0,2.23,0.0012,0,18.34,7.3,1.2304,522.9,113.99,bengaluru,monsoon,0.8163,426
5.215266026969078,980,120.0,33.7,0.61,0.0,0.0,5.58,3.64,3.53,0,2.2,0.0051,0,19.25,7.09,1.2094,514.0,146.81,chennai,summer,0.2709,427
13.144466799037353,2415,120.0,28.4,0.62,0.0,0.0,3.69,2.21,2.7,0,2.19,0.0021,1,19.63,6.94,1.1936,507.3,130.41,bengaluru,monsoon,0.7501,428
9.682220445905156,1895,120.0,8.8,0.61,0.0,0.0,4.51,2.17,2.97,0,2.31,0.0053,1,18.48,6.89,1.1889,505.3,156.0,delhi,winter,0.4875,429
18.641877381703964,3494,120.0,36.5,0.63,0.0,0.0,4.71,2.36,4.14,0,2.16,0.0003,0,19.21,5.38,1.0384,441.3,156.0,bengaluru,summer,0.853,430
6.400939015374799,1195,120.0,22.3,0.61,0.0,0.0,5.29,2.66,1.18,0,2.16,0.0017,0,19.31,5.17,1.0167,432.1,156.0,delhi,monsoon,0.2838,431
15.295084302957365,2813,120.0,18.9,0.63,0.0,0.0,4.2,1.96,0.92,0,2.22,0.0011,2,19.59,5.14,1.0139,430.9,156.0,bengaluru,winter,0.6893,432
3.0522683564232804,559,120.0,21.3,0.63,0.0,0.0,3.65,1.64,1.14,0,2.4,0.0107,1,19.86,7.52,1.2515,531.9,118.6,chennai,winter,0.202,433
15.962427530182604,2965,120.0,34.0,0.62,0.0,0.0,5.09,2.51,3.18,0,2.19,0.0007,1,19.39,6.03,1.1033,468.9,150.76,bengaluru,summer,0.7592,434
19.572898610599538,3659,120.0,26.0,0.61,0.0,0.0,4.29,2.2,2.41,0,2.16,0.0008,0,19.27,7.65,1.2647,537.5,101.84,bengaluru,monsoon,1.3882,435
13.815711312858017,2642,120.0,28.9,0.62,0.0,0.0,4.2,1.88,2.86,0,2.29,0.0023,2,18.87,6.6,1.1595,492.8,119.8,bengaluru,monsoon,0.8526,436
5.4742941594246455,1005,120.0,22.4,0.62,0.0,0.0,4.73,2.56,0.92,0,2.14,0.002,0,19.65,6.87,1.1866,504.3,138.34,bengaluru,winter,0.2822,437
5.303948536106121,1010,120.0,27.8,0.63,0.0,0.0,3.76,2.07,1.82,0,2.19,0.002,0,18.94,6.6,1.16,493.0,106.15,bengaluru,monsoon,0.3612,438
13.602139712067084,2599,120.0,26.8,0.62,0.0,0.0,4.51,2.28,0.99,0,2.18,0.0004,0,18.85,7.13,1.2132,515.6,138.92,bengaluru,winter,0.6978,439
18.03842733277154,3356,120.0,30.1,0.63,0.0,0.0,3.93,2.61,2.47,0,2.23,0.0021,2,19.39,6.72,1.1715,497.9,137.29,bengaluru,summer,1.0164,440
4.466754961134573,870,120.0,25.4,0.62,0.0,0.0,3.87,2.01,1.78,0,2.22,0.0023,0,18.52,7.34,1.2341,524.5,112.51,delhi,monsoon,0.3106,441
11.724077799169201,2185,120.0,15.7,0.62,0.0,0.0,4.25,2.9,1.93,0,2.21,0.0009,1,19.33,6.77,1.1772,500.3,128.35,bengaluru,winter,0.6701,442
3.9658249109972057,722,120.0,25.9,0.66,0.0,0.0,3.78,2.27,1.57,0,2.13,0.0014,0,19.8,5.08,1.0078,428.3,156.0,delhi,monsoon,0.1801,443
20.296333006571984,3826,120.0,25.9,0.63,0.0,0.0,4.15,2.17,1.34,0,2.2,0.001,1,19.12,7.37,1.2367,525.6,122.33,bengaluru,monsoon,1.2027,444
8.867568585372817,1653,120.0,21.3,0.64,0.0,0.0,3.61,2.59,0.89,0,2.16,0.0012,0,19.34,7.2,1.2202,518.6,127.64,bengaluru,winter,0.5239,445
19.52429583987118,3665,120.0,29.9,0.63,0.0,0.0,5.27,3.23,3.03,0,2.16,0.0005,0,19.19,6.13,1.1129,473.0,150.22,chennai,monsoon,0.9567,446
5.696963704610248,1137,120.0,40.1,0.64,0.0,0.0,5.11,2.98,5.77,1,2.24,0.0009,0,18.05,7.11,1.2111,514.7,116.5,delhi,summer,0.3682,447
3.1814416069416946,648,120.0,28.5,0.62,0.0,0.0,5.48,2.83,2.24,0,2.29,0.0031,0,17.73,7.56,1.2565,534.0,127.09,bengaluru,monsoon,0.1897,448
18.579759143461885,3411,120.0,33.4,0.62,0.0,0.0,4.4,2.37,4.7,0,2.13,0.0009,0,19.63,6.69,1.1687,496.7,119.13,chennai,monsoon,1.1491,449
1.828366645611223,350,120.0,40.2,0.67,0.0,0.0,4.52,2.73,6.44,1,2.25,0.0086,0,18.96,6.86,1.1861,504.1,107.33,bengaluru,summer,0.1251,450
15.548695309339545,2921,120.0,7.3,0.62,0.0,0.0,3.83,2.19,3.37,0,2.16,0.0007,0,19.18,7.41,1.2409,527.4,132.91,delhi,winter,0.9136,451
14.567747946557386,2779,120.0,25.4,0.63,0.0,0.0,4.64,2.95,1.14,0,2.23,0.0011,1,18.89,7.6,1.26,535.5,133.41,bengaluru,winter,0.7839,452
6.703559740225237,1248,120.0,6.4,0.62,0.0,0.0,5.35,3.28,3.51,0,2.16,0.0016,0,19.37,7.44,1.2445,528.9,128.2,delhi,winter,0.3972,453
5.20098358827351,1068,120.0,18.3,0.61,0.0,0.0,4.12,2.31,1.03,0,2.29,0.0019,0,17.56,5.69,1.0687,454.2,156.0,chennai,winter,0.2337,454
1.7021311787181466,350,120.0,20.4,0.6,0.0,0.0,3.34,1.76,0.74,0,2.3,0.0029,0,17.56,7.64,1.264,537.2,104.85,bengaluru,winter,0.1196,455
2.6915783260839357,542,120.0,40.7,0.64,0.0,0.0,4.48,2.97,6.07,1,2.28,0.0037,0,17.94,6.6,1.1595,492.8,122.16,bengaluru,summer,0.17,456
10.393157798439038,1949,120.0,26.6,0.63,0.0,0.0,5.01,3.18,1.36,0,2.22,0.001,1,19.22,7.25,1.2247,520.5,128.62,chennai,winter,0.6047,457
19.47431719719368,3625,120.0,27.9,0.61,0.0,0.0,3.84,2.26,2.78,0,2.15,0.0006,0,19.35,7.64,1.2635,537.0,103.99,bengaluru,monsoon,1.3911,458
12.725491986259653,2358,120.0,39.6,0.63,0.0,0.0,4.57,2.51,5.74,0,2.15,0.0008,0,19.44,6.94,1.1944,507.6,130.43,delhi,summer,0.7301,459
10.23549263616936,1921,120.0,35.2,0.63,0.0,0.0,4.13,2.25,4.11,0,2.17,0.0021,0,19.22,7.1,1.2096,514.1,111.6,bengaluru,summer,0.659,460
16.549698819196795,3162,120.0,29.0,0.64,0.0,0.0,3.92,2.48,2.77,0,2.22,0.0006,1,18.85,7.28,1.2285,522.1,111.03,bengaluru,monsoon,1.0729,461
7.359310995183377,1406,120.0,19.7,0.62,0.0,0.0,5.4,3.26,0.78,0,2.21,0.0036,0,18.91,6.55,1.1546,490.7,122.04,bengaluru,winter,0.4544,462
12.108751517770282,2265,120.0,28.2,0.63,0.0,0.0,4.94,3.39,2.38,0,2.22,0.0022,1,19.29,7.29,1.2287,522.2,132.63,bengaluru,monsoon,0.709,463
12.633345724072651,2408,120.0,21.1,0.63,0.0,0.0,4.19,2.69,1.12,0,2.29,0.0021,2,18.92,5.78,1.0779,458.1,155.14,chennai,winter,0.586,464
6.8493472858916755,1316,120.0,19.0,0.63,0.0,0.0,3.92,1.61,1.04,0,2.22,0.0038,0,18.8,6.98,1.1979,509.1,103.52,bengaluru,winter,0.4799,465
10.682557953093067,1966,120.0,31.3,0.62,0.0,0.0,4.01,2.62,2.36,0,2.14,0.001,0,19.58,6.69,1.1692,496.9,145.94,bengaluru,summer,0.5405,466
15.877587376489803,2950,120.0,8.4,0.63,0.0,0.0,5.01,2.96,3.06,0,2.15,0.0003,0,19.38,6.53,1.1534,490.2,143.35,delhi,winter,0.7921,467
12.888543570705611,2335,120.0,22.5,0.63,0.0,0.0,4.06,1.47,0.77,0,2.16,0.0009,1,19.89,7.22,1.2224,519.5,106.99,bengaluru,winter,0.904,468
15.341054155258472,2771,120.0,28.7,0.62,0.0,0.0,4.06,2.74,2.38,0,2.11,0.0007,0,19.94,6.59,1.1593,492.7,120.75,chennai,monsoon,0.949,469
3.913188178779834,769,120.0,29.1,0.61,0.0,0.0,4.69,3.07,3.17,0,2.23,0.0013,0,18.34,5.98,1.0981,466.7,156.0,bengaluru,monsoon,0.1841,470
5.530043708036213,1103,120.0,7.2,0.61,0.0,0.0,6.52,3.44,3.33,0,2.24,0.0009,0,18.07,5.76,1.0758,457.2,156.0,delhi,winter,0.2547,471
13.39440351434659,2504,120.0,17.5,0.62,0.0,0.0,4.42,2.76,1.18,0,2.16,0.0012,0,19.28,5.68,1.0675,453.7,156.0,bengaluru,winter,0.6268,472
15.077256868315336,2729,120.0,19.2,0.61,0.0,0.0,5.62,2.79,1.01,0,2.12,0.0011,0,19.91,7.4,1.2402,527.1,135.7,bengaluru,winter,0.8047,473
17.309484823405477,3225,120.0,21.9,0.63,0.0,0.0,4.22,2.02,1.13,0,2.19,0.0009,1,19.34,5.04,1.0035,426.5,156.0,chennai,winter,0.7671,474
2.8823415533225907,543,120.0,32.8,0.61,0.0,0.0,6.0,3.47,3.56,0,2.62,0.0055,2,19.21,6.93,1.1927,506.9,125.72,bengaluru,summer,0.1691,475
18.722446474529256,3555,120.0,8.3,0.61,0.0,0.0,4.69,3.04,3.62,0,2.18,0.0011,0,18.98,7.09,1.2089,513.8,129.63,delhi,winter,1.0654,476
4.300275804544153,778,120.0,34.4,0.64,0.0,0.0,4.04,1.4,3.33,0,2.13,0.0026,0,19.95,5.77,1.0772,457.8,156.0,bengaluru,summer,0.2057,477
1.7763810497818762,339,120.0,30.8,0.58,0.0,0.0,2.3,1.13,3.19,0,2.2,0.0029,0,18.92,6.84,1.1842,503.3,125.16,bengaluru,monsoon,0.1093,478
5.528643776303414,1037,120.0,29.0,0.65,0.0,0.0,2.94,1.45,2.11,0,2.18,0.0029,0,19.25,7.11,1.2106,514.5,142.12,bengaluru,monsoon,0.2943,479
14.511801201920782,2757,120.0,30.3,0.61,0.0,0.0,5.52,3.38,2.89,0,2.28,0.0029,2,19.0,7.6,1.2598,535.4,120.06,delhi,monsoon,0.9369,480
19.842235849285363,3753,120.0,39.9,0.62,0.0,0.0,4.37,2.22,6.36,0,2.17,0.0003,0,19.04,7.48,1.2482,530.5,113.27,delhi,summer,1.2917,481
4.4083060076462806,904,120.0,19.4,0.62,0.0,0.0,3.42,1.36,1.18,0,2.28,0.0011,0,17.57,7.27,1.2266,521.3,143.0,bengaluru,winter,0.2328,482
12.995109255217976,2454,120.0,27.7,0.61,0.0,0.0,5.08,2.69,2.49,0,2.17,0.0008,0,19.08,5.71,1.0708,455.1,156.0,delhi,monsoon,0.5981,483
19.578370286756012,3652,120.0,25.1,0.62,0.0,0.0,4.21,3.22,1.45,0,2.15,0.0005,0,19.31,5.11,1.0106,429.5,156.0,bengaluru,monsoon,0.871,484
6.551809721717392,1229,120.0,41.3,0.63,0.0,0.0,5.56,2.9,6.31,1,2.17,0.0024,0,19.23,7.2,1.2198,518.4,136.72,bengaluru,summer,0.3477,485
8.113131851899919,1581,120.0,27.5,0.63,0.0,0.0,4.61,1.73,2.3,0,2.31,0.0038,1,18.54,6.95,1.1946,507.7,143.34,bengaluru,monsoon,0.4196,486
4.490936865888673,819,120.0,26.4,0.63,0.0,0.0,4.95,2.67,1.92,0,2.15,0.0037,0,19.81,5.82,1.0821,459.9,156.0,bengaluru,monsoon,0.2165,487
14.56374979145916,2647,120.0,11.1,0.62,0.0,0.0,5.04,2.4,2.47,0,2.12,0.0008,0,19.82,5.64,1.0638,452.1,156.0,delhi,winter,0.6792,488
20.438457060800587,3804,120.0,20.4,0.62,0.0,0.0,4.44,2.35,0.66,0,2.15,0.0011,0,19.36,7.43,1.2431,528.3,131.76,bengaluru,winter,1.2082,489
4.841654730620454,909,120.0,36.1,0.63,0.0,0.0,6.03,4.13,4.43,0,2.17,0.0011,0,19.2,6.0,1.1002,467.6,151.08,bengaluru,summer,0.2353,490
4.767463991862822,917,120.0,9.6,0.65,0.0,0.0,5.0,2.31,3.35,0,2.2,0.0011,0,18.74,6.75,1.1748,499.3,109.9,delhi,winter,0.3331,491
4.5238082455493585,835,120.0,25.1,0.61,0.0,0.0,5.95,3.32,0.77,0,2.2,0.0084,0,19.66,7.27,1.2266,521.3,135.01,bengaluru,monsoon,0.2419,492
3.055033908363583,591,120.0,29.5,0.63,0.0,0.0,4.88,2.62,2.77,0,2.44,0.0068,1,18.72,7.55,1.2546,533.2,137.71,chennai,monsoon,0.1644,493
6.963862404772433,1319,120.0,28.7,0.61,0.0,0.0,4.58,2.15,2.18,0,2.18,0.0008,0,19.02,7.52,1.2522,532.2,124.81,bengaluru,monsoon,0.4099,494
10.717858347392026,2024,120.0,34.7,0.62,0.0,0.0,3.85,2.15,4.09,0,2.17,0.0005,0,19.07,5.8,1.0802,459.1,156.0,bengaluru,summer,0.5037,495
6.666445092919492,1284,120.0,31.1,0.64,0.0,0.0,6.18,3.75,2.52,0,2.29,0.0016,1,18.72,7.5,1.2499,531.2,132.96,bengaluru,summer,0.3613,496
1.659132126484124,365,120.0,31.8,0.61,0.0,0.0,5.47,3.01,4.18,0,2.42,0.0082,0,16.49,7.06,1.2061,512.6,132.08,delhi,monsoon,0.0972,497
13.965006401950982,2668,120.0,24.7,0.61,0.0,0.0,5.17,3.08,2.1,0,2.24,0.0015,1,18.87,6.59,1.1586,492.4,106.44,chennai,monsoon,0.9362,498
3.5333303628565282,615,120.0,23.1,0.62,0.0,0.0,5.25,2.26,1.28,0,2.27,0.0065,1,20.81,6.64,1.164,494.7,109.24,delhi,monsoon,0.2433,499
11.060249041349003,2011,120.0,36.4,0.61,0.0,0.0,4.8,2.8,4.77,0,2.13,0.0025,0,19.85,6.58,1.1576,492.0,140.35,bengaluru,summer,0.6103,500
12.672132716693792,2390,120.0,20.8,0.61,0.0,0.0,5.25,3.16,0.59,0,2.22,0.0017,1,19.12,5.94,1.0936,464.8,154.72,chennai,winter,0.5992,501
8.94611216793504,1661,120.0,22.4,0.61,0.0,0.0,3.9,2.35,0.52,0,2.16,0.0024,0,19.43,7.68,1.2685,539.1,117.1,bengaluru,winter,0.5856,502
5.0394614015810575,919,120.0,29.2,0.63,0.0,0.0,4.64,1.79,1.74,0,2.13,0.0022,0,19.78,7.7,1.2704,539.9,119.88,bengaluru,summer,0.3039,503
1.917693416000926,362,120.0,29.8,0.61,0.0,0.0,2.81,1.56,3.15,0,2.19,0.0028,0,19.12,7.42,1.2421,527.9,118.5,chennai,monsoon,0.1246,504
4.709946638675852,913,120.0,20.8,0.64,0.0,0.0,4.97,3.82,0.71,0,2.34,0.0022,1,18.61,6.69,1.1689,496.8,105.51,bengaluru,winter,0.3205,505
12.831240134029194,2422,120.0,26.1,0.61,0.0,0.0,4.24,1.79,2.03,0,2.27,0.0017,2,19.1,6.62,1.1616,493.7,149.43,delhi,monsoon,0.6324,506
8.912728717670587,1650,120.0,20.5,0.64,0.0,0.0,6.38,2.92,1.45,0,2.15,0.0012,0,19.47,5.85,1.0849,461.1,150.81,delhi,monsoon,0.4279,507
11.780700305115976,2241,120.0,26.8,0.61,0.0,0.0,3.7,2.21,2.12,0,2.18,0.0009,0,18.94,7.52,1.2525,532.3,135.15,bengaluru,monsoon,0.6271,508
8.187139999560909,1604,120.0,24.8,0.64,0.0,0.0,4.36,2.81,1.52,0,2.3,0.0012,1,18.4,6.0,1.0995,467.3,151.88,bengaluru,monsoon,0.3916,509
8.046908928962615,1495,120.0,35.1,0.63,0.0,0.0,4.22,2.24,4.54,0,2.31,0.0027,2,19.42,7.21,1.2212,519.0,132.71,bengaluru,summer,0.476,510
5.630095832015004,1152,120.0,24.8,0.63,0.0,0.0,5.23,3.02,1.77,0,2.29,0.0026,0,17.64,7.32,1.2315,523.4,106.73,bengaluru,monsoon,0.3917,511
4.188006243849642,771,120.0,27.0,0.64,0.0,0.0,5.67,4.06,1.69,0,2.5,0.0117,2,19.77,5.13,1.0134,430.7,156.0,chennai,winter,0.1888,512
2.7117726847381665,533,120.0,20.9,0.67,0.0,0.0,5.85,3.69,0.97,0,2.26,0.0056,0,18.41,7.49,1.2487,530.7,136.01,bengaluru,winter,0.1483,513
13.713295684908056,2446,120.0,45.9,0.6,0.0,0.0,5.16,2.84,8.28,1,2.19,0.0025,2,20.23,6.83,1.1831,502.8,116.89,delhi,summer,0.8588,514
11.636084948368294,2186,120.0,47.0,0.61,0.0,0.0,5.28,3.01,8.5,1,2.23,0.0027,1,19.21,7.43,1.2426,528.1,121.46,delhi,summer,0.7467,515
17.51458305258018,3303,120.0,38.9,0.62,0.0,0.0,3.59,2.51,5.75,0,2.24,0.0009,2,19.11,7.58,1.2579,534.6,142.13,chennai,summer,0.931,516
18.318687520913453,3457,120.0,37.5,0.61,0.0,0.0,4.63,2.35,4.63,0,2.21,0.002,1,19.11,6.55,1.1553,491.0,107.5,chennai,summer,1.2159,517
5.598066762755728,1018,120.0,30.2,0.62,0.0,0.0,3.97,1.96,2.58,0,2.39,0.0088,2,19.96,5.47,1.0466,444.8,155.49,bengaluru,monsoon,0.2603,518
10.337231321055334,1938,120.0,25.4,0.62,0.0,0.0,4.74,3.0,1.55,0,2.23,0.0015,1,19.23,7.54,1.2544,533.1,105.6,chennai,monsoon,0.7345,519
16.191905872789082,3045,120.0,37.1,0.62,0.0,0.0,4.29,2.47,4.57,0,2.17,0.001,0,19.16,7.63,1.2633,536.9,103.58,bengaluru,summer,1.1421,520
12.197299753478367,2275,120.0,9.1,0.64,0.0,0.0,4.63,2.21,2.9,0,2.15,0.0004,0,19.31,6.81,1.1807,501.8,125.12,delhi,winter,0.7031,521
7.132085730061673,1319,120.0,7.0,0.63,0.0,0.0,4.78,2.24,3.88,0,2.15,0.0015,0,19.5,5.9,1.0901,463.3,156.0,delhi,winter,0.3432,522
19.297596950417716,3658,120.0,25.4,0.62,0.0,0.0,3.87,2.33,0.77,0,2.21,0.0008,1,19.01,6.67,1.1671,496.0,147.04,chennai,winter,0.9666,523
12.388635403229964,2221,120.0,11.1,0.62,0.0,0.0,4.53,2.74,2.8,0,2.1,0.0005,0,20.09,7.02,1.2024,511.0,109.39,delhi,winter,0.8668,524
9.602250164501553,1822,120.0,10.4,0.6,0.0,0.0,5.66,3.96,2.7,0,2.18,0.0011,0,18.99,5.88,1.0882,462.5,156.0,delhi,winter,0.4466,525
19.697690117922544,3713,120.0,37.8,0.61,0.0,0.0,4.07,2.28,5.14,0,2.2,0.0011,1,19.12,5.2,1.0205,433.7,156.0,bengaluru,summer,0.8737,526
5.017747803645555,948,120.0,38.5,0.63,0.0,0.0,4.56,2.19,5.97,0,2.34,0.0074,1,19.19,7.31,1.2306,523.0,117.25,bengaluru,summer,0.3312,527
15.14503663310323,2793,120.0,34.2,0.61,0.0,0.0,4.04,1.98,3.54,0,2.14,0.0004,0,19.53,7.49,1.2494,531.0,144.8,bengaluru,summer,0.8037,528
11.386268848963933,2093,120.0,34.6,0.59,0.0,0.0,4.96,2.63,4.11,0,2.14,0.001,0,19.6,6.12,1.1125,472.8,156.0,bengaluru,summer,0.5367,529
18.297764124829325,3410,120.0,30.7,0.64,0.0,0.0,4.73,2.73,3.78,0,2.2,0.0029,1,19.37,6.11,1.1108,472.1,154.44,bengaluru,monsoon,0.8945,530
9.054326897395697,1766,120.0,35.8,0.63,0.0,0.0,3.89,2.1,4.29,0,2.22,0.0017,0,18.49,6.74,1.1736,498.8,131.83,bengaluru,summer,0.5093,531
4.241581185151785,798,120.0,38.0,0.63,0.0,0.0,4.01,1.65,5.54,0,2.21,0.0063,0,19.25,7.58,1.2584,534.8,102.88,bengaluru,summer,0.3041,532
1.5726259917393042,354,120.0,29.3,0.62,0.0,0.0,2.76,0.0,2.82,0,2.85,0.0113,1,16.15,7.69,1.2689,539.3,126.6,delhi,monsoon,0.0955,533
4.80947892580706,897,120.0,18.7,0.63,0.0,0.0,4.32,2.91,1.25,0,2.17,0.0022,0,19.34,5.54,1.0544,448.1,156.0,bengaluru,winter,0.2232,534
13.51759206949406,2579,120.0,28.6,0.64,0.0,0.0,3.75,2.07,2.43,0,2.29,0.0031,2,18.92,5.71,1.0706,455.0,156.0,bengaluru,monsoon,0.6355,535
11.713243613442984,2163,120.0,26.6,0.6,0.0,0.0,5.74,3.33,1.59,0,2.15,0.0023,0,19.54,6.54,1.1539,490.4,109.64,chennai,winter,0.7809,536
10.674791960629491,1970,120.0,31.7,0.63,0.0,0.0,3.97,2.72,2.66,0,2.2,0.001,1,19.53,7.64,1.2645,537.4,130.66,bengaluru,summer,0.5884,537
18.449597821446638,3582,120.0,39.9,0.61,0.0,0.0,5.26,2.82,5.9,0,2.2,0.0003,0,18.55,7.61,1.2607,535.8,102.51,delhi,summer,1.2969,538
8.531495716151149,1614,120.0,21.7,0.61,0.0,0.0,4.92,3.4,1.0,0,2.18,0.0012,0,19.05,7.29,1.2292,522.4,125.77,chennai,winter,0.4966,539
10.319115375495342,1914,120.0,23.2,0.63,0.0,0.0,4.51,2.71,0.44,0,2.15,0.001,0,19.43,6.02,1.1019,468.3,156.0,chennai,winter,0.4988,540
19.968529805146748,3727,120.0,27.9,0.62,0.0,0.0,4.05,2.15,2.54,0,2.16,0.0008,0,19.3,5.62,1.0624,451.5,156.0,delhi,monsoon,0.9239,541
11.366698475757298,2206,120.0,17.9,0.61,0.0,0.0,5.06,2.82,1.69,0,2.22,0.0027,0,18.6,5.04,1.004,426.7,156.0,bengaluru,winter,0.4931,542
4.113214475743701,783,120.0,26.2,0.64,0.0,0.0,3.7,1.7,0.82,0,2.2,0.0026,0,18.96,6.92,1.1918,506.5,113.08,chennai,winter,0.2864,543
5.919422410099474,1055,120.0,27.4,0.6,0.0,0.0,5.82,3.89,1.67,0,2.09,0.0009,0,20.22,6.54,1.1544,490.6,112.48,chennai,monsoon,0.3991,544
20.671692564666465,3897,120.0,37.5,0.61,0.0,0.0,4.66,2.61,5.07,0,2.24,0.0031,2,19.15,5.43,1.0428,443.2,156.0,delhi,summer,0.9317,545
2.0513482905029186,415,120.0,43.8,0.64,0.0,0.0,5.03,3.41,7.27,1,2.62,0.0096,1,17.96,7.44,1.2445,528.9,126.71,delhi,summer,0.1247,546
6.336938286200888,1169,120.0,47.3,0.62,0.0,0.0,4.67,2.68,8.26,1,2.15,0.0026,0,19.56,7.54,1.2536,532.8,131.06,delhi,summer,0.3781,547
4.086503981393532,779,120.0,10.7,0.6,0.0,0.0,4.42,2.69,2.88,0,2.19,0.0013,0,18.91,5.15,1.0151,431.4,156.0,delhi,winter,0.1832,548
9.168869285709215,1679,120.0,22.0,0.65,0.0,0.0,5.66,2.84,0.59,0,2.13,0.0012,0,19.68,5.01,1.0014,425.6,156.0,bengaluru,winter,0.4146,549
8.8824452618841,1728,120.0,22.3,0.63,0.0,0.0,5.53,3.6,0.44,0,2.29,0.0023,1,18.54,6.61,1.1614,493.6,144.29,bengaluru,winter,0.4455,550
16.330026139777292,3018,120.0,26.8,0.62,0.0,0.0,4.6,2.63,2.1,0,2.18,0.001,1,19.5,7.54,1.2536,532.8,137.84,bengaluru,monsoon,0.8733,551
4.3384377681432085,806,120.0,3.3,0.64,0.0,0.0,4.9,3.23,4.45,0,2.15,0.0012,0,19.4,7.64,1.2642,537.3,96.68,delhi,winter,0.3212,552
7.343535366949267,1384,120.0,44.2,0.62,0.0,0.0,4.22,1.91,8.24,1,2.18,0.0022,0,19.14,7.55,1.2546,533.2,115.44,delhi,summer,0.4781,553
4.42871802304364,814,120.0,32.0,0.66,0.0,0.0,4.24,2.48,3.3,0,2.15,0.0025,0,19.63,7.22,1.2219,519.3,134.56,chennai,summer,0.2445,554
7.527946460077995,1463,120.0,39.3,0.63,0.0,0.0,5.3,2.92,5.46,0,2.22,0.0021,0,18.56,6.56,1.1562,491.4,114.15,chennai,summer,0.5068,555
5.179384615687309,985,120.0,6.6,0.62,0.0,0.0,3.96,1.93,3.46,0,2.24,0.0081,0,19.07,5.73,1.0727,455.9,153.52,delhi,winter,0.2448,556
2.0813451761310873,418,120.0,6.8,0.61,0.0,0.0,5.03,2.88,3.42,0,2.61,0.0096,1,18.09,7.48,1.2482,530.5,125.69,delhi,winter,0.1213,557
6.493064653565503,1219,120.0,38.3,0.62,0.0,0.0,5.97,3.54,5.88,0,2.16,0.0008,0,19.19,6.53,1.1529,490.0,135.58,delhi,summer,0.3638,558
13.290143712913887,2498,120.0,31.2,0.63,0.0,0.0,5.08,2.48,3.99,0,2.17,0.0008,0,19.17,7.49,1.2494,531.0,124.5,delhi,monsoon,0.7827,559
18.160149475614745,3426,120.0,39.0,0.63,0.0,0.0,4.85,2.42,5.92,0,2.17,0.0003,0,19.09,7.62,1.2624,536.5,107.57,chennai,summer,1.29,560
3.425663810307435,675,120.0,30.2,0.61,0.0,0.0,4.75,2.04,1.78,0,2.23,0.0015,0,18.3,7.4,1.2395,526.8,117.22,bengaluru,summer,0.2193,561
15.529292736644939,2887,120.0,21.2,0.62,0.0,0.0,5.25,2.51,1.0,0,2.15,0.001,0,19.38,6.67,1.1666,495.8,140.72,bengaluru,winter,0.8683,562
20.307318707624123,3719,120.0,28.9,0.62,0.0,0.0,4.87,2.56,2.34,0,2.13,0.0005,0,19.67,6.8,1.1805,501.7,105.91,chennai,winter,1.3809,563
4.437242487191936,793,120.0,30.3,0.61,0.0,0.0,4.12,2.25,2.04,0,2.18,0.0126,0,20.39,7.52,1.2522,532.2,138.6,bengaluru,summer,0.2403,564
12.095298175334953,2253,120.0,16.0,0.62,0.0,0.0,3.67,1.82,1.97,0,2.15,0.0004,0,19.34,7.1,1.2104,514.4,120.74,bengaluru,winter,0.769,565
18.259981931189717,3300,120.0,39.4,0.61,0.0,0.0,4.27,2.35,5.4,0,2.11,0.0009,0,19.94,7.57,1.2572,534.3,123.09,delhi,summer,1.0931,566
6.400913977019518,1235,120.0,50.9,0.65,0.0,0.0,4.05,2.03,8.5,1,2.2,0.0008,0,18.67,6.53,1.1529,490.0,138.57,delhi,summer,0.355,567
5.40214371713787,989,120.0,11.1,0.59,0.0,0.0,4.77,2.59,2.47,0,2.28,0.0061,1,19.78,5.21,1.0207,433.8,156.0,delhi,winter,0.2396,568
8.820720613270106,1664,120.0,28.8,0.63,0.0,0.0,3.19,1.59,1.4,0,2.26,0.0036,1,19.15,7.6,1.2598,535.4,119.94,chennai,winter,0.5301,569
11.475727024293592,2064,120.0,38.7,0.64,0.0,0.0,3.92,2.7,6.03,0,2.11,0.0015,0,20.04,6.71,1.1711,497.7,105.38,chennai,summer,0.7926,570
17.669447908405214,3312,120.0,31.6,0.64,0.0,0.0,4.4,2.38,3.07,0,2.19,0.0006,1,19.22,7.03,1.2031,511.3,121.34,bengaluru,summer,1.1289,571
3.1132789649663084,620,120.0,23.0,0.61,0.0,0.0,4.28,1.93,1.48,0,2.31,0.0097,0,18.24,7.53,1.2532,532.6,107.22,bengaluru,monsoon,0.218,572
8.317895723217504,1521,120.0,23.2,0.62,0.0,0.0,4.62,2.89,1.22,0,2.14,0.002,0,19.72,5.25,1.0247,435.5,156.0,bengaluru,monsoon,0.3813,573
2.3040456313343975,418,120.0,31.1,0.65,0.0,0.0,3.81,3.04,3.16,0,2.13,0.0024,0,19.89,6.87,1.1868,504.4,120.35,chennai,monsoon,0.1366,574
21.728244063533687,3949,120.0,35.9,0.63,0.0,0.0,4.21,2.07,4.48,0,2.12,0.0005,0,19.82,7.65,1.2654,537.8,124.2,chennai,summer,1.3139,575
14.213755610968615,2672,120.0,30.3,0.59,0.0,0.0,3.97,2.25,2.3,0,2.21,0.0011,1,19.17,6.85,1.1854,503.8,154.71,chennai,winter,0.7122,576
8.619101389341083,1607,120.0,26.6,0.62,0.0,0.0,3.75,2.32,1.79,0,2.16,0.0012,0,19.33,5.88,1.0882,462.5,156.0,bengaluru,monsoon,0.4027,577
16.41304879517993,3060,120.0,6.1,0.61,0.0,0.0,5.41,2.8,3.57,0,2.2,0.0016,1,19.34,5.31,1.0313,438.3,156.0,delhi,winter,0.7402,578
2.577655055439248,469,120.0,27.5,0.64,0.0,0.0,6.73,3.88,2.15,0,2.15,0.0043,0,19.87,5.22,1.0216,434.2,154.67,bengaluru,monsoon,0.1188,579
7.850704374795754,1474,120.0,34.0,0.62,0.0,0.0,4.61,3.06,4.04,0,2.17,0.0014,0,19.2,7.06,1.2061,512.6,131.3,chennai,monsoon,0.4568,580
13.574970875777641,2516,120.0,29.9,0.62,0.0,0.0,5.27,2.65,3.15,0,2.2,0.002,1,19.46,6.58,1.1581,492.2,151.89,delhi,monsoon,0.6804,581
9.722607942740746,1763,120.0,28.1,0.63,0.0,0.0,5.19,2.78,1.77,0,2.12,0.0011,0,19.87,6.96,1.196,508.3,119.49,bengaluru,monsoon,0.622,582
5.993010650094281,1171,120.0,25.2,0.63,0.0,0.0,4.99,3.17,1.64,0,2.22,0.0017,0,18.46,6.84,1.1842,503.3,123.73,bengaluru,monsoon,0.3703,583
15.00769653093707,2790,120.0,36.6,0.6,0.0,0.0,4.8,3.26,4.17,0,2.15,0.0007,0,19.38,7.34,1.2344,524.6,104.81,chennai,summer,1.0403,584
6.222336318520884,1210,120.0,26.9,0.62,0.0,0.0,4.47,2.57,2.08,0,2.22,0.0025,0,18.56,6.92,1.1922,506.7,111.86,bengaluru,monsoon,0.4242,585
7.347929741507135,1384,120.0,45.8,0.64,0.0,0.0,4.83,2.18,8.5,1,2.35,0.0029,2,19.16,5.76,1.0765,457.5,150.89,delhi,summer,0.3534,586
3.6346576344945833,674,120.0,31.0,0.61,0.0,0.0,5.77,3.03,3.35,0,2.27,0.0178,0,19.75,5.07,1.0066,427.8,156.0,delhi,monsoon,0.1624,587
9.165772331644167,1734,120.0,42.5,0.61,0.0,0.0,5.01,2.95,7.4,1,2.25,0.0017,1,19.06,7.17,1.2167,517.1,112.28,delhi,summer,0.5846,588
6.0360750718597105,1146,120.0,36.6,0.6,0.0,0.0,4.69,2.32,4.81,0,2.19,0.0017,0,18.99,6.54,1.1539,490.4,114.31,bengaluru,summer,0.407,589
4.977324304948719,878,120.0,35.3,0.65,0.0,0.0,4.72,2.41,3.75,0,2.1,0.0034,0,20.47,7.27,1.2266,521.3,130.74,bengaluru,summer,0.2749,590
6.93503913504028,1360,120.0,25.4,0.62,0.0,0.0,4.63,1.59,1.16,0,2.42,0.0044,2,18.44,5.64,1.0645,452.4,156.0,delhi,monsoon,0.3197,591
14.748506675523169,2745,120.0,16.9,0.64,0.0,0.0,4.33,2.98,1.78,0,2.16,0.0022,0,19.38,7.34,1.2336,524.3,121.49,bengaluru,winter,0.8721,592
15.893594472903395,2955,120.0,31.2,0.61,0.0,0.0,4.13,2.58,3.15,0,2.15,0.0003,0,19.37,7.4,1.2395,526.8,118.32,chennai,monsoon,1.0262,593
19.36412637001147,3598,120.0,40.5,0.63,0.0,0.0,4.3,2.01,6.63,1,2.19,0.0014,1,19.4,7.09,1.2089,513.8,144.15,chennai,summer,1.0067,594
16.056470643293547,3000,120.0,22.1,0.63,0.0,0.0,5.49,2.93,1.89,0,2.16,0.0013,0,19.29,5.67,1.0671,453.5,154.22,delhi,monsoon,0.7554,595
20.252448983104724,3783,120.0,47.0,0.62,0.0,0.0,4.8,2.72,8.5,1,2.2,0.0026,1,19.32,7.38,1.2381,526.2,125.24,delhi,summer,1.1827,596
20.564214377337507,3950,120.0,18.4,0.63,0.0,0.0,3.98,1.99,1.09,0,2.26,0.0013,2,18.76,7.51,1.2508,531.6,105.41,bengaluru,winter,1.463,597
14.353400902100791,2641,120.0,37.2,0.62,0.0,0.0,4.88,2.58,4.77,0,2.18,0.0015,1,19.59,6.93,1.1932,507.1,125.2,bengaluru,summer,0.9017,598
10.975867805365793,2015,120.0,39.0,0.63,0.0,0.0,4.99,3.01,5.13,0,2.13,0.0005,0,19.62,6.68,1.1678,496.3,119.93,bengaluru,summer,0.6925,599
3.07410798574892,647,120.0,42.4,0.61,0.0,0.0,4.22,1.63,7.63,1,2.34,0.0046,0,17.18,6.96,1.1965,508.5,136.69,delhi,summer,0.1698,600
6.685735882786124,1259,120.0,29.7,0.6,0.0,0.0,2.92,1.5,2.27,0,2.28,0.004,1,19.19,7.4,1.2405,527.2,140.9,bengaluru,monsoon,0.3502,601
1.8244118148931838,370,120.0,35.0,0.62,0.0,0.0,2.79,1.1,3.71,0,2.67,0.0108,1,17.93,5.63,1.0628,451.7,156.0,bengaluru,summer,0.0852,602
21.04416182597242,3998,120.0,30.2,0.62,0.0,0.0,4.94,3.37,2.95,0,2.22,0.0028,1,19.0,7.06,1.2064,512.7,143.29,chennai,monsoon,1.0829,603
12.192799920869044,2207,120.0,26.1,0.61,0.0,0.0,4.59,2.13,0.51,0,2.11,0.0005,0,19.9,6.59,1.1586,492.4,114.84,bengaluru,winter,0.8225,604
13.01493642013468,2493,120.0,12.8,0.62,0.0,0.0,4.17,2.07,2.11,0,2.24,0.0012,1,18.81,5.63,1.0631,451.8,156.0,delhi,winter,0.6033,605
7.445440932351826,1455,120.0,5.9,0.61,0.0,0.0,4.36,1.48,3.82,0,2.24,0.0034,0,18.48,5.91,1.0908,463.6,156.0,delhi,winter,0.3507,606
7.687620427523532,1431,120.0,35.6,0.62,0.0,0.0,5.1,2.86,4.79,0,2.16,0.0014,0,19.37,5.56,1.0558,448.7,156.0,bengaluru,summer,0.3572,607
8.74464084473228,1652,120.0,36.1,0.63,0.0,0.0,5.05,2.86,4.02,0,2.17,0.0006,0,19.07,5.09,1.0089,428.8,156.0,bengaluru,summer,0.3938,608
2.7599624994336662,497,120.0,36.2,0.61,0.0,0.0,4.91,2.9,5.02,0,2.12,0.002,0,20.03,6.9,1.1896,505.6,126.07,bengaluru,summer,0.16,609
10.228194389818716,1883,120.0,23.8,0.62,0.0,0.0,3.48,1.76,0.71,0,2.14,0.0016,0,19.58,7.64,1.2635,537.0,140.06,chennai,winter,0.5557,610
8.707909248180746,1645,120.0,10.3,0.6,0.0,0.0,3.88,1.95,2.96,0,2.28,0.0055,1,19.16,5.1,1.0099,429.2,156.0,delhi,winter,0.3808,611
9.890873292858855,1871,120.0,37.6,0.66,0.0,0.0,5.45,3.24,5.43,0,2.24,0.0021,1,19.07,6.93,1.1927,506.9,108.17,chennai,summer,0.7071,612
17.95097085098997,3341,120.0,30.8,0.62,0.0,0.0,4.47,2.9,2.44,0,2.15,0.0009,0,19.36,7.14,1.2136,515.8,116.91,bengaluru,summer,1.1378,613
15.372692883585133,2885,120.0,30.3,0.61,0.0,0.0,4.48,2.73,3.29,0,2.18,0.0024,0,19.23,7.02,1.2021,510.9,130.7,chennai,monsoon,0.8848,614
13.16921359341548,2413,120.0,44.4,0.62,0.0,0.0,3.83,1.67,8.03,1,2.14,0.0017,0,19.68,5.03,1.0031,426.3,156.0,delhi,summer,0.5863,615
18.894681256728212,3535,120.0,43.3,0.62,0.0,0.0,4.91,2.54,7.55,1,2.24,0.0037,2,19.31,7.33,1.2334,524.2,134.23,delhi,summer,1.1039,616
19.574166247188337,3577,120.0,19.6,0.63,0.0,0.0,4.6,2.5,1.57,0,2.12,0.0003,0,19.71,6.79,1.1788,501.0,152.38,delhi,monsoon,1.0009,617
6.0272184825850434,1095,120.0,34.7,0.62,0.0,0.0,4.61,2.82,3.86,0,2.13,0.0027,0,19.87,6.72,1.1718,498.0,114.69,bengaluru,summer,0.4111,618
14.857740375540482,2954,120.0,30.3,0.62,0.0,0.0,4.09,2.15,3.17,0,2.37,0.002,3,18.14,7.44,1.2445,528.9,112.27,bengaluru,monsoon,0.9494,619
8.744142199646289,1671,120.0,43.0,0.64,0.0,0.0,4.64,2.17,7.36,1,2.27,0.0024,1,18.88,7.04,1.2035,511.5,136.53,delhi,summer,0.4608,620
2.4396900610772,453,120.0,34.0,0.59,0.0,0.0,4.83,2.87,4.14,0,2.18,0.0044,0,19.47,6.9,1.1904,505.9,106.66,chennai,monsoon,0.1659,621
6.72690982291662,1135,120.0,19.7,0.61,0.0,0.0,4.43,2.23,1.11,0,2.13,0.0053,1,21.44,7.0,1.2002,510.1,122.3,bengaluru,winter,0.3971,622
15.361778243100918,2893,120.0,13.0,0.63,0.0,0.0,4.64,2.41,2.67,0,2.17,0.0014,0,19.14,5.87,1.0866,461.8,156.0,delhi,winter,0.7342,623
18.649684423095994,3427,120.0,23.2,0.63,0.0,0.0,6.29,3.06,2.2,0,2.13,0.0006,0,19.6,6.75,1.1746,499.2,152.5,delhi,monsoon,0.9588,624
10.978194095330265,1956,120.0,37.0,0.62,0.0,0.0,4.55,2.64,4.56,0,2.09,0.0005,0,20.22,7.65,1.2647,537.5,119.46,bengaluru,summer,0.659,625
17.47337527980269,3229,120.0,24.5,0.62,0.0,0.0,4.66,2.63,0.94,0,2.18,0.0015,1,19.51,5.98,1.0984,466.8,156.0,bengaluru,monsoon,0.8351,626
6.856405237619052,1295,120.0,36.3,0.63,0.0,0.0,4.75,2.92,4.27,0,2.29,0.0054,1,19.16,7.67,1.2673,538.6,101.62,bengaluru,summer,0.4874,627
1.834267225494272,344,120.0,25.7,0.65,0.0,0.0,5.49,4.91,1.51,0,2.2,0.0058,0,19.3,5.73,1.0734,456.2,155.49,bengaluru,monsoon,0.0885,628
11.020139557635003,2131,120.0,46.5,0.63,0.0,0.0,5.26,2.81,8.26,1,2.26,0.0014,1,18.64,5.01,1.0009,425.4,156.0,delhi,summer,0.4831,629
8.825595296074402,1659,120.0,25.8,0.62,0.0,0.0,5.18,3.06,0.76,0,2.17,0.0018,0,19.18,7.52,1.2525,532.3,137.04,chennai,winter,0.473,630
5.203517898268875,1025,120.0,16.9,0.64,0.0,0.0,4.44,2.5,1.58,0,2.37,0.0039,1,18.34,6.6,1.16,493.0,126.67,bengaluru,winter,0.3209,631
8.208627270255166,1528,120.0,4.4,0.62,0.0,0.0,3.62,1.1,4.23,0,2.23,0.0013,1,19.36,7.52,1.2525,532.3,124.61,delhi,winter,0.4934,632
4.495376820970508,815,120.0,27.1,0.59,0.0,0.0,4.33,2.22,1.62,0,2.14,0.0037,0,19.93,5.71,1.0713,455.3,156.0,bengaluru,monsoon,0.2057,633
16.633562726376358,3133,120.0,25.2,0.62,0.0,0.0,4.55,2.16,0.18,0,2.21,0.001,1,19.13,6.82,1.1816,502.2,147.84,bengaluru,winter,0.8437,634
2.290096550273694,452,120.0,35.0,0.64,0.0,0.0,4.6,3.06,4.49,0,2.54,0.0066,1,18.35,7.55,1.2553,533.5,104.73,bengaluru,summer,0.164,635
14.111565498099756,2662,120.0,28.7,0.63,0.0,0.0,3.64,2.13,2.29,0,2.17,0.0008,0,19.1,6.68,1.1678,496.3,128.99,chennai,monsoon,0.7854,636
9.308904481366044,1734,120.0,12.8,0.61,0.0,0.0,4.31,2.79,2.68,0,2.23,0.0029,1,19.38,6.77,1.1767,500.1,145.86,delhi,winter,0.4727,637
15.261555799646978,2734,120.0,26.4,0.62,0.0,0.0,4.55,2.88,0.58,0,2.1,0.0007,0,20.11,6.77,1.1772,500.3,140.27,chennai,winter,0.7772,638
17.779738839891724,3334,120.0,18.1,0.64,0.0,0.0,3.72,2.7,1.14,0,2.21,0.0021,1,19.24,7.49,1.2492,530.9,104.14,bengaluru,winter,1.2702,639
18.213064067336443,3409,120.0,22.2,0.61,0.0,0.0,4.5,3.07,0.93,0,2.16,0.0003,0,19.24,7.29,1.2294,522.5,120.41,bengaluru,winter,1.1578,640
8.204208788550405,1561,120.0,31.2,0.62,0.0,0.0,4.54,2.44,2.55,0,2.26,0.0013,1,18.94,6.86,1.1861,504.1,114.66,bengaluru,summer,0.5124,641
19.79406897239673,3705,120.0,29.1,0.61,0.0,0.0,4.69,3.03,2.58,0,2.26,0.0016,3,19.26,7.4,1.2405,527.2,147.17,chennai,monsoon,1.0408,642
15.54415708126421,2883,120.0,32.2,0.62,0.0,0.0,5.03,2.83,3.2,0,2.14,0.0003,0,19.42,6.99,1.1993,509.7,108.18,bengaluru,summer,1.0665,643
18.979110111145754,3507,120.0,26.3,0.62,0.0,0.0,3.84,2.27,0.9,0,2.18,0.0011,1,19.5,6.74,1.1741,499.0,129.29,bengaluru,winter,1.0714,644
11.017434101681058,2144,120.0,39.9,0.62,0.0,0.0,4.51,2.54,5.66,0,2.48,0.007,4,18.62,6.11,1.1111,472.2,156.0,delhi,summer,0.53,645
15.571505628149234,2838,120.0,38.3,0.6,0.0,0.0,4.44,1.99,5.42,0,2.12,0.0004,0,19.76,5.76,1.0762,457.4,156.0,chennai,summer,0.7251,646
7.752560152632488,1410,120.0,40.4,0.64,0.0,0.0,5.51,2.71,5.9,1,2.12,0.0007,0,19.81,7.66,1.2661,538.1,98.11,delhi,summer,0.5646,647
3.916285821089212,727,120.0,33.8,0.64,0.0,0.0,4.54,3.06,3.23,0,2.15,0.0014,0,19.42,7.06,1.2061,512.6,124.25,bengaluru,summer,0.2292,648
20.179690407565758,3831,120.0,24.6,0.63,0.0,0.0,4.34,2.43,0.92,0,2.18,0.0008,0,18.98,7.61,1.2609,535.9,102.93,chennai,monsoon,1.4355,649
2.2262600354109288,428,120.0,24.5,0.65,0.0,0.0,4.69,3.14,1.19,0,2.53,0.0093,1,18.89,6.64,1.1638,494.6,122.04,delhi,monsoon,0.1407,650
20.55080256124054,3817,120.0,28.0,0.62,0.0,0.0,4.25,2.53,2.21,0,2.22,0.0018,2,19.42,7.66,1.2661,538.1,125.28,bengaluru,monsoon,1.2301,651
3.0492437209037724,585,120.0,22.1,0.63,0.0,0.0,7.45,5.25,0.38,0,2.25,0.0085,0,18.91,5.44,1.0435,443.5,156.0,bengaluru,winter,0.1389,652
15.561178124568878,2871,120.0,28.2,0.61,0.0,0.0,4.6,2.38,2.28,0,2.18,0.001,1,19.53,7.61,1.2614,536.1,103.25,bengaluru,monsoon,1.1135,653
5.56129630439317,1023,120.0,44.7,0.64,0.0,0.0,6.29,4.14,7.88,1,2.17,0.0049,0,19.66,7.16,1.2155,516.6,126.96,delhi,summer,0.3292,654
15.639300334510974,2955,120.0,33.7,0.62,0.0,0.0,3.67,2.3,4.44,0,2.21,0.0007,1,19.07,6.55,1.1548,490.8,136.42,chennai,monsoon,0.8712,655
13.848847911749562,2609,120.0,43.5,0.62,0.0,0.0,4.61,2.6,7.83,1,2.17,0.0004,0,19.12,7.31,1.2311,523.2,111.9,bengaluru,summer,0.8905,656
15.77530639672407,2917,120.0,27.2,0.61,0.0,0.0,4.02,1.77,2.0,0,2.14,0.0007,0,19.48,5.07,1.0068,427.9,156.0,delhi,monsoon,0.691,657
19.305496783564628,3724,120.0,26.7,0.63,0.0,0.0,4.67,2.33,1.82,0,2.23,0.0008,1,18.68,7.63,1.2626,536.6,108.88,bengaluru,monsoon,1.3697,658
16.85871356275867,3306,120.0,35.6,0.63,0.0,0.0,4.22,2.67,4.11,0,2.22,0.0003,0,18.36,6.74,1.1744,499.1,115.21,bengaluru,summer,1.1435,659
12.411625427771465,2321,120.0,20.9,0.62,0.0,0.0,4.26,2.98,1.01,0,2.21,0.0009,1,19.27,7.65,1.2654,537.8,119.25,bengaluru,winter,0.8106,660
8.666045526961684,1643,120.0,43.9,0.61,0.0,0.0,4.21,2.19,8.1,1,2.32,0.0018,2,19.02,6.04,1.1038,469.1,156.0,chennai,summer,0.4092,661
5.863835659033863,1049,120.0,20.8,0.63,0.0,0.0,3.99,2.05,1.17,0,2.1,0.001,0,20.14,7.62,1.2619,536.3,124.81,chennai,winter,0.356,662
17.99512953598037,3310,120.0,33.9,0.64,0.0,0.0,4.41,2.33,3.64,0,2.18,0.0018,1,19.61,6.76,1.1765,500.0,122.18,chennai,summer,1.1489,663
5.970039451891524,1077,120.0,21.1,0.62,0.0,0.0,4.27,2.85,0.68,0,2.16,0.0074,0,20.1,5.95,1.0946,465.2,156.0,bengaluru,winter,0.2859,664
17.620486366580998,3272,120.0,5.1,0.61,0.0,0.0,5.14,2.84,4.01,0,2.19,0.0018,1,19.42,5.27,1.0268,436.4,156.0,delhi,winter,0.7863,665
12.559195372191942,2298,120.0,35.5,0.62,0.0,0.0,4.75,3.03,4.08,0,2.13,0.0013,0,19.7,7.24,1.2238,520.1,105.9,chennai,summer,0.8853,666
20.27723215586701,3841,120.0,9.3,0.63,0.0,0.0,5.02,2.07,3.16,0,2.27,0.0016,3,19.03,7.25,1.2249,520.6,129.74,delhi,winter,1.1813,667
7.47115496578982,1377,120.0,43.2,0.62,0.0,0.0,3.72,1.87,8.14,1,2.15,0.0022,0,19.57,7.59,1.2588,535.0,121.29,delhi,summer,0.4579,668
13.393354205403153,2409,120.0,20.7,0.62,0.0,0.0,4.08,2.46,0.79,0,2.11,0.0008,0,20.03,7.22,1.2221,519.4,115.05,bengaluru,winter,0.8713,669
21.667875347703347,3993,120.0,5.8,0.63,0.0,0.0,5.65,3.37,3.66,0,2.14,0.0005,0,19.54,5.69,1.0689,454.3,156.0,delhi,winter,1.0187,670
6.234499616835761,1175,120.0,32.3,0.6,0.0,0.0,5.0,3.05,2.73,0,2.18,0.0017,0,19.13,6.76,1.1765,500.0,156.0,chennai,summer,0.3137,671
9.942400481301425,1881,120.0,36.8,0.63,0.0,0.0,4.27,2.62,4.31,0,2.17,0.0005,0,19.04,7.14,1.2144,516.1,124.0,chennai,summer,0.5777,672
16.4752757388957,3158,120.0,23.8,0.62,0.0,0.0,4.14,1.88,1.34,0,2.19,0.0009,0,18.8,5.73,1.0727,455.9,156.0,delhi,monsoon,0.7581,673
4.801739538806769,896,120.0,27.4,0.62,0.0,0.0,4.6,2.5,2.69,0,2.17,0.0033,0,19.36,6.95,1.1948,507.8,102.83,bengaluru,monsoon,0.3334,674
15.655231227856822,2983,120.0,38.5,0.64,0.0,0.0,4.74,2.3,4.93,0,2.18,0.0007,0,18.91,7.2,1.2198,518.4,144.53,bengaluru,summer,0.8226,675
3.26192962331632,612,120.0,16.6,0.59,0.0,0.0,4.37,2.76,1.68,0,2.18,0.0033,0,19.25,7.08,1.208,513.4,131.7,bengaluru,winter,0.1852,676
5.826052537959286,1121,120.0,29.3,0.64,0.0,0.0,4.21,2.06,2.7,0,2.42,0.0027,2,18.76,6.65,1.1652,495.2,149.99,bengaluru,monsoon,0.2949,677
12.239739349875123,2343,120.0,17.7,0.63,0.0,0.0,5.06,2.86,1.49,0,2.24,0.0013,1,18.83,6.61,1.1614,493.6,111.96,bengaluru,winter,0.8186,678
14.821175721332693,2747,120.0,2.6,0.62,0.0,0.0,5.14,2.83,4.63,0,2.15,0.0011,0,19.44,5.12,1.0122,430.2,156.0,delhi,winter,0.6641,679
6.374276986407232,1246,120.0,42.0,0.58,0.0,0.0,3.51,2.2,7.11,1,2.23,0.0024,0,18.46,6.74,1.1736,498.8,116.61,chennai,summer,0.4214,680
8.258455568090568,1556,120.0,24.4,0.62,0.0,0.0,4.73,2.91,1.57,0,2.19,0.0032,0,19.17,6.72,1.1715,497.9,125.66,bengaluru,monsoon,0.5136,681
14.50504436812758,2735,120.0,28.4,0.63,0.0,0.0,4.83,2.48,2.26,0,2.22,0.0015,1,19.12,6.87,1.1868,504.4,132.37,delhi,monsoon,0.8326,682
9.540347826659398,1808,120.0,34.9,0.61,0.0,0.0,3.87,1.89,4.2,0,2.38,0.0033,3,19.05,7.4,1.2402,527.1,118.86,bengaluru,summer,0.6155,683
4.914235585978709,929,120.0,19.1,0.62,0.0,0.0,5.37,2.65,1.44,0,2.17,0.0011,0,19.06,7.5,1.2504,531.4,140.5,bengaluru,winter,0.2648,684
17.596790512965267,3263,120.0,34.5,0.63,0.0,0.0,4.18,2.61,3.83,0,2.15,0.0006,0,19.43,6.8,1.1795,501.3,114.1,bengaluru,summer,1.2057,685
14.584005079994178,2680,120.0,29.9,0.62,0.0,0.0,4.45,2.26,1.83,0,2.22,0.0019,2,19.63,7.44,1.2438,528.6,110.18,bengaluru,summer,1.0354,686
10.033401457022013,1838,120.0,25.6,0.61,0.0,0.0,5.25,3.09,1.39,0,2.13,0.0005,0,19.66,6.56,1.156,491.3,106.95,bengaluru,monsoon,0.6719,687
2.0369747051197153,386,120.0,35.3,0.61,0.0,0.0,5.04,2.45,4.17,0,2.19,0.0026,0,19.05,7.43,1.2433,528.4,135.46,bengaluru,summer,0.1078,688
16.175388349664896,3015,120.0,22.5,0.64,0.0,0.0,4.6,2.29,1.08,0,2.2,0.0013,1,19.34,7.08,1.208,513.4,140.64,chennai,winter,0.8503,689
15.207236388854954,2886,120.0,31.4,0.63,0.0,0.0,4.36,2.96,3.01,0,2.17,0.0003,0,18.98,7.65,1.2649,537.6,114.23,bengaluru,monsoon,1.0027,690
19.379296958051203,3614,120.0,30.1,0.62,0.0,0.0,3.97,2.32,2.06,0,2.15,0.0003,0,19.31,7.7,1.2701,539.8,121.88,bengaluru,summer,1.1622,691
17.72699599328379,3330,120.0,27.4,0.62,0.0,0.0,4.44,2.2,2.84,0,2.17,0.0009,0,19.18,6.04,1.1042,469.3,156.0,bengaluru,monsoon,0.8399,692
10.875218607034057,2008,120.0,39.6,0.61,0.0,0.0,5.12,2.48,5.83,0,2.14,0.001,0,19.52,6.62,1.1619,493.8,128.67,delhi,summer,0.6077,693
17.72348046567756,3322,120.0,23.3,0.62,0.0,0.0,3.81,1.92,1.31,0,2.2,0.0015,1,19.23,7.43,1.2433,528.4,109.46,bengaluru,monsoon,1.2519,694
6.455389318562692,1213,120.0,18.7,0.62,0.0,0.0,5.14,2.94,1.27,0,2.18,0.0033,0,19.22,7.09,1.2089,513.8,111.72,bengaluru,winter,0.4493,695
13.800610172882145,2557,120.0,47.7,0.63,0.0,0.0,4.52,2.54,8.5,1,2.15,0.0012,0,19.45,6.61,1.1609,493.4,146.96,delhi,summer,0.7016,696
16.394602324242683,3120,120.0,33.4,0.61,0.0,0.0,4.45,2.74,3.17,0,2.19,0.0022,0,18.96,7.46,1.2459,529.5,102.14,bengaluru,summer,1.1556,697
17.042123080802682,3166,120.0,6.7,0.61,0.0,0.0,5.06,2.11,3.56,0,2.15,0.0006,0,19.39,7.42,1.2424,528.0,106.39,delhi,winter,1.1967,698
7.595878976487915,1475,120.0,27.8,0.63,0.0,0.0,4.55,2.11,1.88,0,2.38,0.0027,2,18.58,7.48,1.2478,530.3,141.23,delhi,monsoon,0.4063,699
3.161253863777777,597,120.0,38.6,0.63,0.0,0.0,2.19,0.32,5.18,0,2.19,0.0034,0,19.12,7.02,1.2016,510.7,144.72,bengaluru,summer,0.1662,700
3.1516906995964558,608,120.0,28.3,0.63,0.0,0.0,3.12,1.27,2.35,0,2.28,0.0115,0,18.87,7.63,1.2631,536.8,145.0,bengaluru,monsoon,0.1702,701
15.777773170175763,3032,120.0,34.0,0.63,0.0,0.0,4.42,2.6,3.96,0,2.23,0.001,1,18.75,6.9,1.1901,505.8,107.92,bengaluru,summer,1.0762,702
3.7891440887671552,661,120.0,28.4,0.63,0.0,0.0,5.69,2.9,1.92,0,2.07,0.0015,0,20.67,6.59,1.1588,492.5,112.1,delhi,monsoon,0.2417,703
3.761330601080093,762,120.0,45.8,0.63,0.0,0.0,3.34,1.06,8.5,1,2.29,0.0039,0,17.84,5.36,1.0358,440.2,156.0,delhi,summer,0.1721,704
5.904680807902696,1202,120.0,6.6,0.63,0.0,0.0,5.59,3.56,3.46,0,2.38,0.0017,1,17.71,6.9,1.1899,505.7,136.38,delhi,winter,0.3372,705
11.740931929340885,2139,120.0,17.9,0.61,0.0,0.0,5.23,2.98,1.1,0,2.18,0.0014,1,19.79,7.11,1.2111,514.7,110.31,bengaluru,winter,0.8107,706
7.752787955690634,1505,120.0,7.4,0.63,0.0,0.0,4.24,2.45,3.57,0,2.21,0.0007,0,18.56,6.74,1.1744,499.1,110.69,delhi,winter,0.5252,707
6.454385164251729,1221,120.0,31.7,0.6,0.0,0.0,4.4,2.32,3.38,0,2.18,0.0016,0,19.06,5.09,1.0092,428.9,156.0,bengaluru,monsoon,0.2814,708
19.622575235791345,3705,120.0,25.4,0.62,0.0,0.0,5.19,2.9,2.25,0,2.17,0.0011,0,19.09,7.24,1.2242,520.3,134.12,bengaluru,monsoon,1.1379,709
3.9725712942801326,761,120.0,21.6,0.62,0.0,0.0,4.49,2.01,0.74,0,2.2,0.0026,0,18.84,7.7,1.2699,539.7,107.39,bengaluru,winter,0.2875,710
2.4972603186455076,478,120.0,11.2,0.66,0.0,0.0,4.76,1.6,2.45,0,2.29,0.0146,0,19.06,5.73,1.0734,456.2,156.0,delhi,winter,0.1223,711
19.02020548291822,3578,120.0,26.2,0.61,0.0,0.0,3.77,1.95,2.0,0,2.2,0.0008,1,19.15,5.65,1.0654,452.8,156.0,bengaluru,monsoon,0.8723,712
6.225125108145854,1177,120.0,40.6,0.61,0.0,0.0,3.96,1.45,6.62,1,2.17,0.0008,0,19.06,6.99,1.1988,509.5,149.65,chennai,summer,0.3244,713
13.579755418766545,2565,120.0,34.5,0.63,0.0,0.0,5.1,3.39,4.61,0,2.17,0.0004,0,19.07,7.08,1.2075,513.2,114.33,chennai,monsoon,0.8736,714
3.1426939170580694,587,120.0,31.8,0.66,0.0,0.0,3.27,1.27,4.3,0,2.19,0.0051,0,19.37,6.93,1.1927,506.9,132.16,chennai,monsoon,0.1868,715
4.899333389906248,952,120.0,30.2,0.6,0.0,0.0,4.07,2.25,2.55,0,2.48,0.0042,2,18.6,5.12,1.0125,430.3,156.0,bengaluru,monsoon,0.2156,716
19.78626819965314,3668,120.0,38.2,0.61,0.0,0.0,3.9,2.43,5.25,0,2.15,0.0008,0,19.43,5.12,1.0118,430.0,156.0,chennai,summer,0.8683,717
6.598259031558109,1306,120.0,25.7,0.64,0.0,0.0,4.63,2.58,1.79,0,2.33,0.0015,1,18.21,7.2,1.2195,518.3,122.27,bengaluru,monsoon,0.4231,718
19.602071418939,3662,120.0,20.4,0.62,0.0,0.0,4.71,2.65,1.0,0,2.29,0.0025,4,19.32,5.09,1.0087,428.7,156.0,bengaluru,winter,0.8679,719
5.814296228316085,1132,120.0,35.4,0.58,0.0,0.0,4.31,2.41,4.19,0,2.23,0.0027,0,18.54,5.84,1.0835,460.5,154.46,bengaluru,summer,0.2684,720
14.355765383165341,2821,120.0,20.2,0.63,0.0,0.0,4.97,2.65,1.1,0,2.23,0.0011,0,18.34,6.74,1.1736,498.8,150.02,bengaluru,winter,0.7211,721
13.405978457713328,2518,120.0,20.6,0.6,0.0,0.0,4.1,2.46,0.62,0,2.21,0.0012,1,19.19,7.44,1.2442,528.8,138.59,chennai,winter,0.7017,722
14.007499426773306,2624,120.0,37.8,0.62,0.0,0.0,5.18,2.93,5.49,0,2.17,0.0015,0,19.25,5.34,1.0339,439.4,156.0,bengaluru,summer,0.6418,723
11.869371331794197,2193,120.0,26.1,0.62,0.0,0.0,4.62,3.12,0.87,0,2.25,0.0014,2,19.51,6.1,1.1101,471.8,156.0,chennai,winter,0.5732,724
10.27972985849916,1920,120.0,28.2,0.64,0.0,0.0,3.82,1.75,2.3,0,2.17,0.0026,0,19.32,7.17,1.2169,517.2,144.16,bengaluru,monsoon,0.5438,725
6.1484021335772425,1176,120.0,27.2,0.65,0.0,0.0,3.69,2.44,0.83,0,2.3,0.0026,1,18.87,6.95,1.1948,507.8,118.17,chennai,winter,0.3971,726
12.896693971253887,2406,120.0,34.4,0.62,0.0,0.0,4.39,2.25,3.6,0,2.21,0.0017,1,19.33,7.48,1.2478,530.3,126.56,bengaluru,summer,0.7676,727
9.289037658404913,1753,120.0,31.8,0.62,0.0,0.0,3.22,1.83,4.08,0,2.4,0.0051,3,19.17,6.56,1.1565,491.5,124.76,bengaluru,monsoon,0.5712,728
9.902608230039824,1854,120.0,18.8,0.61,0.0,0.0,3.45,1.72,1.25,0,2.16,0.0005,0,19.24,6.57,1.1567,491.6,121.33,chennai,winter,0.6032,729
15.899015519356752,2944,120.0,26.5,0.61,0.0,0.0,3.2,1.76,1.89,0,2.27,0.0017,3,19.47,7.48,1.2485,530.6,130.08,bengaluru,monsoon,0.9372,730
10.19243606271627,1892,120.0,27.2,0.61,0.0,0.0,5.4,2.75,1.56,0,2.15,0.0011,0,19.41,7.64,1.2638,537.1,112.29,bengaluru,monsoon,0.6653,731
17.9070423041548,3307,120.0,41.8,0.62,0.0,0.0,3.69,2.18,7.21,1,2.18,0.0012,1,19.52,7.44,1.2435,528.5,131.12,chennai,summer,1.0572,732
7.897079515171532,1453,120.0,36.1,0.63,0.0,0.0,3.79,1.52,4.91,0,2.14,0.0014,0,19.59,6.73,1.1734,498.7,110.63,bengaluru,summer,0.5401,733
17.918158876780126,3442,120.0,34.3,0.62,0.0,0.0,4.05,1.9,4.15,0,2.27,0.0017,2,18.77,7.03,1.2031,511.3,142.49,bengaluru,summer,0.9225,734
15.97718975316406,2999,120.0,33.1,0.62,0.0,0.0,3.71,2.19,2.78,0,2.21,0.002,1,19.22,7.69,1.2687,539.2,141.95,bengaluru,summer,0.8679,735
11.190253673634539,2069,120.0,10.7,0.61,0.0,0.0,5.29,2.95,2.57,0,2.21,0.0019,1,19.51,7.26,1.2264,521.2,115.25,delhi,winter,0.7194,736
17.93215631343533,3348,120.0,33.7,0.63,0.0,0.0,4.24,2.45,3.33,0,2.15,0.0003,0,19.29,6.58,1.1579,492.1,115.75,bengaluru,summer,1.1101,737
4.897828606970704,967,120.0,31.7,0.61,0.0,0.0,4.38,2.86,3.7,0,2.23,0.001,0,18.25,5.65,1.0649,452.6,155.68,chennai,monsoon,0.2276,738
20.533817145717034,3765,120.0,6.8,0.63,0.0,0.0,4.62,2.48,3.42,0,2.13,0.0003,0,19.64,6.67,1.1673,496.1,109.4,delhi,winter,1.4092,739
9.150237331754335,1688,120.0,41.6,0.62,0.0,0.0,5.53,3.28,7.04,1,2.14,0.0006,0,19.53,7.13,1.2132,515.6,141.77,chennai,summer,0.4805,740
12.691221657905782,2361,120.0,29.7,0.63,0.0,0.0,4.49,2.21,2.81,0,2.15,0.0008,0,19.37,7.54,1.2544,533.1,139.21,bengaluru,monsoon,0.6866,741
20.283795127714903,3733,120.0,20.0,0.62,0.0,0.0,4.37,2.12,1.19,0,2.13,0.0005,0,19.57,7.69,1.2692,539.4,119.84,chennai,winter,1.2103,742
10.326808377102596,1995,120.0,23.1,0.64,0.0,0.0,3.96,2.23,0.23,0,2.21,0.0015,0,18.66,6.56,1.1558,491.2,119.97,chennai,winter,0.645,743
4.495632393417419,842,120.0,43.2,0.61,0.0,0.0,5.23,2.67,7.97,1,2.2,0.0059,0,19.32,6.68,1.168,496.4,129.09,delhi,summer,0.2523,744
5.817398956639525,1065,120.0,19.5,0.62,0.0,0.0,3.65,2.23,1.3,0,2.13,0.0009,0,19.68,6.68,1.1685,496.6,148.13,bengaluru,winter,0.2956,745
2.608080370665062,484,120.0,24.5,0.61,0.0,0.0,5.5,3.83,0.76,0,2.17,0.0041,0,19.48,5.89,1.0892,462.9,151.58,chennai,winter,0.1246,746
19.816428040315767,3781,120.0,33.5,0.61,0.0,0.0,3.69,1.97,3.62,0,2.22,0.0013,1,18.89,6.08,1.1085,471.1,148.96,bengaluru,summer,0.9507,747
7.642118931844895,1450,120.0,29.9,0.61,0.0,0.0,4.46,2.49,2.19,0,2.27,0.0021,1,19.01,7.08,1.2078,513.3,113.77,bengaluru,monsoon,0.5261,748
10.515673760777775,2004,120.0,30.6,0.62,0.0,0.0,4.64,2.95,3.27,0,2.24,0.001,1,18.91,5.05,1.0049,427.1,156.0,bengaluru,monsoon,0.4608,749
4.047256383051696,827,120.0,27.6,0.61,0.0,0.0,6.36,3.71,2.19,0,2.46,0.006,1,17.72,5.64,1.064,452.2,156.0,bengaluru,monsoon,0.1853,750
3.3162715700120016,624,120.0,26.4,0.57,0.0,0.0,3.16,2.11,2.22,0,2.17,0.0016,0,19.16,5.42,1.0416,442.7,156.0,chennai,monsoon,0.1504,751
14.700929332548789,2721,120.0,47.3,0.62,0.0,0.0,5.45,2.45,8.49,1,2.24,0.0029,2,19.5,6.72,1.172,498.1,146.58,delhi,summer,0.7478,752
16.994703559031304,3095,120.0,37.5,0.6,0.0,0.0,3.87,1.77,4.97,0,2.12,0.0006,0,19.78,6.97,1.1967,508.6,119.01,bengaluru,summer,1.0608,753
2.648945320253631,498,120.0,32.6,0.63,0.0,0.0,4.12,1.89,3.24,0,2.17,0.002,0,19.19,7.11,1.2111,514.7,110.47,bengaluru,summer,0.1727,754
13.716156275388744,2549,120.0,23.3,0.61,0.0,0.0,4.79,3.13,0.93,0,2.15,0.0004,0,19.38,7.03,1.2033,511.4,128.25,bengaluru,winter,0.7798,755
13.99454634675004,2603,120.0,28.8,0.62,0.0,0.0,3.71,1.71,3.17,0,2.15,0.0008,0,19.37,7.18,1.2179,517.6,125.89,bengaluru,monsoon,0.8184,756
10.497566285022884,1963,120.0,9.5,0.62,0.0,0.0,3.3,1.14,3.02,0,2.29,0.0031,2,19.31,6.91,1.1911,506.2,110.36,delhi,winter,0.7204,757
8.129314129862289,1471,120.0,20.4,0.62,0.0,0.0,4.93,1.97,0.66,0,2.12,0.002,0,19.93,5.23,1.0231,434.8,156.0,bengaluru,winter,0.3656,758
11.539605537569198,2095,120.0,23.3,0.61,0.0,0.0,3.77,1.82,0.39,0,2.23,0.0014,2,19.86,7.2,1.2195,518.3,129.06,bengaluru,winter,0.6725,759
11.474491344154117,2054,120.0,18.1,0.63,0.0,0.0,3.76,2.44,1.07,0,2.1,0.001,0,20.13,7.04,1.2038,511.6,124.85,bengaluru,winter,0.6703,760
7.840676526119494,1487,120.0,20.1,0.64,0.0,0.0,4.87,3.57,0.89,0,2.18,0.0007,0,18.99,7.36,1.2362,525.4,100.43,bengaluru,winter,0.5604,761
6.429927635534317,1228,120.0,36.2,0.62,0.0,0.0,5.05,3.27,4.75,0,2.19,0.0016,0,18.88,5.53,1.0527,447.4,156.0,bengaluru,summer,0.2945,762
14.931388615911022,2747,120.0,40.5,0.64,0.0,0.0,4.16,2.21,6.08,1,2.23,0.0022,2,19.61,7.06,1.2061,512.6,100.9,chennai,summer,1.0582,763
18.767250949417434,3491,120.0,30.3,0.61,0.0,0.0,5.27,2.98,2.79,0,2.15,0.0009,0,19.37,5.35,1.0348,439.8,156.0,delhi,monsoon,0.8438,764
12.590535640831805,2392,120.0,35.0,0.6,0.0,0.0,5.17,2.46,4.24,0,2.18,0.0004,0,18.96,7.33,1.2332,524.1,126.03,bengaluru,summer,0.7244,765
17.20212111335041,3268,120.0,38.6,0.63,0.0,0.0,4.26,2.21,5.0,0,2.25,0.0015,2,18.98,5.59,1.0593,450.2,156.0,bengaluru,summer,0.8034,766
7.51901142950262,1439,120.0,40.0,0.63,0.0,0.0,4.08,2.66,6.68,0,2.21,0.0035,0,18.87,7.5,1.2496,531.1,107.53,chennai,summer,0.529,767
17.576012189732744,3323,120.0,39.1,0.62,0.0,0.0,4.93,2.84,5.53,0,2.18,0.0012,0,19.06,7.33,1.2329,524.0,117.16,chennai,summer,1.1322,768
17.301514326623035,3274,120.0,15.7,0.61,0.0,0.0,4.85,2.54,1.53,0,2.17,0.0006,0,19.04,7.65,1.2649,537.6,136.24,bengaluru,winter,0.9175,769
13.277726660163411,2390,120.0,21.4,0.6,0.0,0.0,4.91,2.56,1.62,0,2.1,0.0004,0,20.01,7.53,1.2534,532.7,128.98,delhi,monsoon,0.7901,770
13.211378691083755,2514,120.0,33.5,0.6,0.0,0.0,5.61,3.71,2.86,0,2.18,0.0012,0,18.94,6.59,1.1588,492.5,147.16,chennai,summer,0.6492,771
9.4510236467388,1842,120.0,33.5,0.62,0.0,0.0,4.38,2.33,3.41,0,2.5,0.0054,4,18.56,7.38,1.2379,526.1,112.15,chennai,summer,0.6084,772
13.158162107712885,2393,120.0,19.6,0.63,0.0,0.0,6.13,3.5,1.7,0,2.17,0.0013,1,19.82,7.28,1.2285,522.1,125.76,delhi,monsoon,0.7741,773
17.825953631148774,3336,120.0,39.8,0.62,0.0,0.0,5.63,3.2,5.82,0,2.31,0.0024,4,19.28,5.02,1.0016,425.7,156.0,delhi,summer,0.7844,774
2.9199148325397046,576,120.0,45.0,0.64,0.0,0.0,4.13,2.05,8.35,1,2.25,0.0035,0,18.31,7.35,1.2346,524.7,143.61,delhi,summer,0.1521,775
8.633527293116323,1586,120.0,36.8,0.64,0.0,0.0,4.17,2.55,4.51,0,2.14,0.0019,0,19.63,6.99,1.1991,509.6,132.87,bengaluru,summer,0.5066,776
7.184875364041751,1342,120.0,28.1,0.61,0.0,0.0,4.34,2.37,2.83,0,2.16,0.0015,0,19.3,7.25,1.2247,520.5,107.78,bengaluru,monsoon,0.5023,777
21.426782324835806,3987,120.0,23.5,0.62,0.0,0.0,4.07,2.29,1.25,0,2.15,0.0005,0,19.36,7.59,1.2586,534.9,144.02,delhi,monsoon,1.1513,778
5.851679793971296,1114,120.0,28.0,0.63,0.0,0.0,3.35,1.88,2.39,0,2.2,0.0036,0,18.98,7.69,1.2692,539.4,120.16,chennai,monsoon,0.3562,779
20.117167306880532,3745,120.0,30.2,0.62,0.0,0.0,4.73,2.78,3.68,0,2.15,0.0011,0,19.36,7.24,1.2245,520.4,132.95,chennai,monsoon,1.171,780
1.6649505785986816,332,120.0,20.4,0.56,0.0,0.0,3.66,1.8,0.98,0,2.26,0.003,0,18.11,7.69,1.2687,539.2,127.79,bengaluru,winter,0.0982,781
16.64706097217585,3173,120.0,31.1,0.62,0.0,0.0,4.45,2.58,3.56,0,2.18,0.0003,0,18.89,6.81,1.1809,501.9,143.15,bengaluru,monsoon,0.8411,782
13.37342454133882,2538,120.0,35.6,0.62,0.0,0.0,4.74,3.14,4.23,0,2.18,0.0012,0,18.99,5.07,1.0071,428.0,156.0,bengaluru,summer,0.5884,783
14.043323312708653,2602,120.0,19.4,0.64,0.0,0.0,4.72,2.07,0.83,0,2.15,0.0008,0,19.44,7.32,1.2315,523.4,117.87,bengaluru,winter,0.9188,784
16.660144603503422,3198,120.0,27.1,0.62,0.0,0.0,4.26,2.28,2.33,0,2.27,0.0009,2,18.77,6.59,1.1591,492.6,108.89,bengaluru,monsoon,1.1113,785
6.097384639004475,1133,120.0,5.5,0.62,0.0,0.0,5.13,2.62,3.71,0,2.16,0.0018,0,19.41,7.48,1.2478,530.3,133.05,delhi,winter,0.3603,786
14.941858997716857,2767,120.0,29.1,0.61,0.0,0.0,4.37,2.68,2.93,0,2.15,0.0011,0,19.46,7.55,1.2548,533.3,135.46,bengaluru,monsoon,0.792,787
20.210250826703682,3762,120.0,15.0,0.63,0.0,0.0,4.96,2.18,1.67,0,2.18,0.0008,1,19.35,7.59,1.2586,534.9,139.3,bengaluru,winter,1.097,788
4.194450550576504,789,120.0,37.8,0.64,0.0,0.0,4.73,3.1,4.89,0,2.17,0.0013,0,19.16,6.85,1.1854,503.8,127.97,bengaluru,summer,0.2427,789
10.300622029884362,1908,120.0,14.2,0.63,0.0,0.0,5.28,2.52,1.87,0,2.21,0.0021,1,19.47,5.93,1.0932,464.6,156.0,delhi,winter,0.4908,790
14.592383448081963,2724,120.0,33.9,0.63,0.0,0.0,3.62,1.99,3.89,0,2.16,0.0011,0,19.3,7.44,1.2445,528.9,139.92,chennai,summer,0.7802,791
17.58240571534764,3335,120.0,26.3,0.61,0.0,0.0,5.13,2.16,1.48,0,2.21,0.0012,1,19.0,7.03,1.2031,511.3,136.13,delhi,monsoon,1.007,792
14.744537187232883,2719,120.0,25.5,0.63,0.0,0.0,3.72,2.24,1.84,0,2.18,0.0007,1,19.54,5.03,1.0028,426.2,156.0,bengaluru,monsoon,0.6619,793
15.422357547642907,2903,120.0,22.8,0.63,0.0,0.0,4.33,2.53,1.04,0,2.26,0.0031,2,19.18,6.91,1.1906,506.0,104.36,bengaluru,monsoon,1.0619,794
2.3190170674630135,422,120.0,27.0,0.63,0.0,0.0,4.36,2.16,2.25,0,2.17,0.0071,0,19.92,6.96,1.196,508.3,114.83,bengaluru,monsoon,0.1503,795
5.604116734009096,995,120.0,16.8,0.62,0.0,0.0,5.58,3.39,1.31,0,2.09,0.001,0,20.3,5.12,1.012,430.1,156.0,bengaluru,winter,0.2537,796
3.9726677858771673,783,120.0,27.6,0.63,0.0,0.0,4.36,2.77,2.62,0,2.25,0.0038,0,18.33,5.23,1.0226,434.6,156.0,chennai,monsoon,0.1782,797
13.138423022072185,2604,120.0,6.5,0.63,0.0,0.0,4.85,2.66,3.99,0,2.23,0.0004,0,18.17,5.02,1.0024,426.0,156.0,delhi,winter,0.5806,798
12.78366011127592,2337,120.0,22.4,0.65,0.0,0.0,4.86,2.58,1.59,0,2.33,0.0021,4,19.73,6.63,1.1626,494.1,139.87,chennai,monsoon,0.6552,799
10.628897024087797,2026,120.0,43.4,0.6,0.0,0.0,4.69,1.88,8.06,1,2.31,0.002,2,18.92,5.29,1.0287,437.2,156.0,delhi,summer,0.4688,800
21.674493645586313,3986,120.0,22.8,0.62,0.0,0.0,4.65,2.72,0.55,0,2.17,0.0013,1,19.6,7.0,1.2002,510.1,144.78,bengaluru,winter,1.1183,801
7.891012914088747,1480,120.0,20.0,0.64,0.0,0.0,4.83,2.28,0.99,0,2.24,0.0014,1,19.22,7.46,1.2459,529.5,120.89,bengaluru,winter,0.4731,802
13.580283117111877,2562,120.0,25.7,0.62,0.0,0.0,4.93,2.65,1.35,0,2.17,0.0004,0,19.09,6.61,1.1607,493.3,132.33,delhi,monsoon,0.7616,803
14.788342133203805,2694,120.0,27.3,0.64,0.0,0.0,4.29,2.16,1.96,0,2.12,0.0004,0,19.77,6.91,1.1906,506.0,125.6,bengaluru,monsoon,0.8624,804
8.150386356202835,1533,120.0,38.4,0.61,0.0,0.0,5.97,3.93,5.43,0,2.25,0.0026,1,19.19,7.36,1.2358,525.2,108.79,chennai,summer,0.5671,805
18.889403418149655,3530,120.0,38.2,0.62,0.0,0.0,4.46,2.75,5.18,0,2.15,0.0003,0,19.27,7.19,1.2191,518.1,141.71,bengaluru,summer,0.9885,806
3.0667492330527995,565,120.0,37.2,0.64,0.0,0.0,3.61,1.3,5.09,0,2.17,0.0053,0,19.64,6.7,1.1699,497.2,105.49,bengaluru,summer,0.215,807
7.466778366495088,1369,120.0,42.0,0.62,0.0,0.0,4.07,1.87,7.14,1,2.14,0.0015,0,19.66,6.94,1.1944,507.6,105.82,delhi,summer,0.5192,808
9.01487563577753,1683,120.0,18.6,0.61,0.0,0.0,4.82,3.55,0.97,0,2.16,0.0012,0,19.31,7.13,1.2127,515.4,111.08,chennai,winter,0.6243,809
4.048187169783104,774,120.0,30.6,0.66,0.0,0.0,3.86,1.98,3.55,0,2.19,0.0013,0,18.85,6.77,1.1769,500.2,130.52,chennai,monsoon,0.2346,810
19.264186321664194,3687,120.0,7.6,0.62,0.0,0.0,4.3,2.13,3.48,0,2.19,0.0005,0,18.82,5.85,1.0854,461.3,153.54,delhi,winter,0.9042,811
16.93302616850144,3223,120.0,23.6,0.64,0.0,0.0,4.11,2.6,0.98,0,2.22,0.0016,1,18.94,5.46,1.0456,444.4,156.0,chennai,winter,0.7804,812
19.17358788071274,3573,120.0,22.4,0.6,0.0,0.0,5.13,3.08,0.78,0,2.22,0.0008,2,19.33,7.6,1.2602,535.6,133.51,bengaluru,winter,1.127,813
10.066438275561321,1890,120.0,7.3,0.61,0.0,0.0,4.47,2.09,3.72,0,2.24,0.0032,1,19.23,6.95,1.1946,507.7,105.78,delhi,winter,0.6889,814
16.212336192816547,3035,120.0,33.8,0.62,0.0,0.0,4.56,2.22,2.99,0,2.17,0.0016,0,19.26,6.64,1.1645,494.9,144.94,bengaluru,summer,0.8111,815
11.522323488055886,2194,120.0,25.2,0.63,0.0,0.0,4.56,2.52,2.11,0,2.19,0.0014,0,18.93,6.68,1.168,496.4,120.83,chennai,monsoon,0.7111,816
14.977316285225527,2907,120.0,30.0,0.62,0.0,0.0,4.97,3.07,2.69,0,2.25,0.0014,1,18.57,5.33,1.0334,439.2,156.0,chennai,monsoon,0.6782,817
20.48631409557717,3988,120.0,18.3,0.62,0.0,0.0,5.06,3.12,1.03,0,2.24,0.0008,1,18.51,7.09,1.2087,513.7,114.27,bengaluru,winter,1.4104,818
20.917608778425937,3891,120.0,44.8,0.63,0.0,0.0,4.16,2.34,8.37,1,2.18,0.001,1,19.37,6.02,1.1021,468.4,156.0,delhi,summer,1.0075,819
7.157080369115252,1374,120.0,32.3,0.62,0.0,0.0,4.21,2.38,3.76,0,2.2,0.0022,0,18.79,7.59,1.2591,535.1,106.59,chennai,monsoon,0.5076,820
13.484462337188528,2465,120.0,28.0,0.63,0.0,0.0,3.27,2.0,2.35,0,2.12,0.0004,0,19.7,7.4,1.2395,526.8,129.55,bengaluru,monsoon,0.802,821
10.548123454710705,1979,120.0,36.5,0.6,0.0,0.0,3.57,1.99,4.68,0,2.16,0.001,0,19.21,6.91,1.1911,506.2,107.08,bengaluru,summer,0.7152,822
7.040824204586666,1279,120.0,20.4,0.63,0.0,0.0,4.6,2.7,1.2,0,2.12,0.0016,0,19.85,7.44,1.2438,528.6,111.97,bengaluru,winter,0.4614,823
13.554527228856188,2547,120.0,34.5,0.61,0.0,0.0,4.28,2.58,4.6,0,2.17,0.0012,0,19.18,7.22,1.2219,519.3,142.85,chennai,monsoon,0.7013,824
19.672031558243155,3784,120.0,41.0,0.62,0.0,0.0,4.84,3.25,6.04,1,2.2,0.0013,0,18.74,7.67,1.2666,538.3,132.9,bengaluru,summer,1.1639,825
4.521812421148518,830,120.0,11.0,0.63,0.0,0.0,4.72,3.1,2.49,0,2.14,0.0012,0,19.64,6.89,1.1894,505.5,130.34,delhi,winter,0.2568,826
10.334866444566842,1932,120.0,20.5,0.6,0.0,0.0,4.58,2.32,0.76,0,2.16,0.001,0,19.28,7.31,1.2311,523.2,113.14,bengaluru,winter,0.6558,827
5.923985437052678,1097,120.0,39.4,0.65,0.0,0.0,4.42,2.19,6.1,0,2.15,0.0009,0,19.46,5.18,1.0184,432.8,156.0,chennai,summer,0.2707,828
20.05847601682903,3827,120.0,40.7,0.63,0.0,0.0,4.29,2.04,6.37,1,2.21,0.0005,1,18.88,7.17,1.2174,517.4,106.69,delhi,summer,1.4016,829
6.053753124177476,1180,120.0,36.3,0.62,0.0,0.0,5.45,3.3,4.77,0,2.22,0.0017,0,18.5,7.31,1.2313,523.3,104.51,bengaluru,summer,0.4212,830
4.539973676764609,806,120.0,43.2,0.6,0.0,0.0,3.15,0.66,7.46,1,2.09,0.0012,0,20.3,7.59,1.2593,535.2,135.08,delhi,summer,0.2428,831
16.507188759131452,3090,120.0,37.6,0.62,0.0,0.0,4.31,2.36,5.43,0,2.16,0.0006,0,19.24,7.53,1.2532,532.6,139.33,bengaluru,summer,0.8772,832
15.369883231324028,2931,120.0,31.9,0.64,0.0,0.0,4.2,2.99,4.24,0,2.19,0.001,0,18.9,6.68,1.1685,496.6,113.15,chennai,monsoon,1.0497,833
2.9293831576788234,611,120.0,5.1,0.64,0.0,0.0,6.17,4.1,4.22,0,2.33,0.0049,0,17.34,6.62,1.1624,494.0,121.78,delhi,winter,0.1817,834
14.386130112888946,2673,120.0,7.2,0.61,0.0,0.0,5.5,2.85,3.33,0,2.15,0.0004,0,19.38,7.09,1.2087,513.7,103.89,delhi,winter,0.993,835
6.382060325546953,1187,120.0,25.4,0.63,0.0,0.0,5.26,2.51,1.61,0,2.36,0.0042,2,19.43,7.15,1.2151,516.4,126.45,delhi,monsoon,0.3753,836
18.310693527051658,3518,120.0,28.6,0.63,0.0,0.0,4.7,2.4,2.34,0,2.19,0.0003,0,18.74,5.86,1.0856,461.4,156.0,bengaluru,monsoon,0.8551,837
14.719334626304793,2734,120.0,6.0,0.62,0.0,0.0,5.07,2.99,3.88,0,2.15,0.0004,0,19.39,6.16,1.1158,474.2,149.65,delhi,winter,0.7067,838
3.5643729513465887,680,120.0,15.8,0.61,0.0,0.0,3.36,2.52,1.89,0,2.19,0.0015,0,18.9,7.14,1.2139,515.9,143.68,bengaluru,winter,0.1871,839
7.273861845866879,1317,120.0,29.7,0.62,0.0,0.0,4.75,2.75,3.02,0,2.22,0.0038,1,19.95,5.03,1.0033,426.4,156.0,bengaluru,monsoon,0.3267,840
12.678671694498087,2357,120.0,44.9,0.62,0.0,0.0,4.51,2.13,8.03,1,2.15,0.0004,0,19.37,7.38,1.2381,526.2,127.47,delhi,summer,0.743,841
15.645322861899047,2979,120.0,26.7,0.64,0.0,0.0,3.58,2.05,2.2,0,2.18,0.0007,0,18.92,7.39,1.2386,526.4,106.79,chennai,monsoon,1.1074,842
12.06993338333638,2251,120.0,30.6,0.62,0.0,0.0,4.83,2.57,3.71,0,2.16,0.0009,0,19.32,7.49,1.2487,530.7,118.1,bengaluru,monsoon,0.7816,843
7.971404635126631,1474,120.0,20.6,0.63,0.0,0.0,4.49,2.63,0.62,0,2.4,0.0054,3,19.57,7.35,1.2348,524.8,107.06,bengaluru,winter,0.5677,844
14.386491587074234,2602,120.0,37.4,0.61,0.0,0.0,4.72,2.64,5.29,0,2.12,0.0015,0,19.93,6.94,1.1941,507.5,120.91,chennai,summer,0.9045,845
7.480681638619534,1452,120.0,31.7,0.63,0.0,0.0,5.84,3.07,3.63,0,2.21,0.0014,0,18.57,7.67,1.2671,538.5,103.89,bengaluru,monsoon,0.5353,846
5.218069901997692,990,120.0,36.9,0.65,0.0,0.0,3.55,1.53,5.02,0,2.18,0.001,0,18.99,7.22,1.2224,519.5,97.98,chennai,summer,0.3838,847
17.78224535831686,3397,120.0,34.8,0.62,0.0,0.0,4.21,2.42,3.68,0,2.19,0.0009,0,18.86,7.23,1.2226,519.6,147.44,bengaluru,summer,0.9258,848
18.337394266911314,3497,120.0,44.6,0.62,0.0,0.0,4.68,2.73,7.8,1,2.22,0.0014,1,18.9,6.06,1.1059,470.0,149.79,delhi,summer,0.8757,849
13.341445175408277,2468,120.0,28.0,0.63,0.0,0.0,4.29,1.87,2.21,0,2.19,0.0012,1,19.48,6.64,1.1638,494.6,151.82,delhi,monsoon,0.6755,850
13.366458162855237,2471,120.0,27.3,0.63,0.0,0.0,3.39,2.77,2.0,0,2.14,0.0008,0,19.49,7.57,1.2567,534.1,119.41,bengaluru,monsoon,0.881,851
9.343821052599198,1788,120.0,44.9,0.64,0.0,0.0,4.28,2.46,7.94,1,2.19,0.0006,0,18.82,6.75,1.1753,499.5,105.13,delhi,summer,0.6445,852
18.402869661706763,3481,120.0,33.3,0.63,0.0,0.0,4.62,2.23,3.33,0,2.17,0.0006,0,19.04,7.11,1.2108,514.6,110.13,bengaluru,summer,1.274,853
10.36331387886301,1937,120.0,20.1,0.62,0.0,0.0,4.78,2.32,0.93,0,2.22,0.0015,1,19.29,7.19,1.2186,517.9,128.49,bengaluru,winter,0.6082,854
5.654760204477157,1068,120.0,40.2,0.61,0.0,0.0,4.34,2.83,6.5,1,2.31,0.0047,1,19.15,6.81,1.1807,501.8,152.94,chennai,summer,0.2879,855
18.27085415155091,3372,120.0,30.6,0.62,0.0,0.0,4.29,2.35,3.9,0,2.14,0.0012,0,19.53,7.04,1.204,511.7,135.08,chennai,monsoon,1.0558,856
7.700090741058173,1473,120.0,35.4,0.61,0.0,0.0,4.89,2.47,3.94,0,2.27,0.0014,1,18.84,5.04,1.0035,426.5,156.0,bengaluru,summer,0.3351,857
7.992797546626603,1514,120.0,26.7,0.62,0.0,0.0,4.75,2.5,1.76,0,2.27,0.0033,1,19.06,6.86,1.1856,503.9,120.62,bengaluru,monsoon,0.5026,858
13.232892969104665,2539,120.0,33.6,0.62,0.0,0.0,4.4,2.49,3.42,0,2.2,0.0012,0,18.78,5.26,1.0264,436.2,156.0,bengaluru,summer,0.594,859
10.545597723534708,1922,120.0,23.1,0.65,0.0,0.0,5.21,2.94,0.58,0,2.12,0.0005,0,19.76,5.45,1.0449,444.1,156.0,bengaluru,winter,0.4931,860
6.249796673817749,1172,120.0,20.8,0.63,0.0,0.0,3.53,1.76,0.59,0,2.26,0.0017,1,19.23,7.3,1.2301,522.8,148.15,bengaluru,winter,0.3309,861
7.834705134905289,1486,120.0,27.9,0.64,0.0,0.0,5.11,3.19,2.3,0,2.19,0.002,0,19.02,6.69,1.1687,496.7,139.0,bengaluru,monsoon,0.4025,862
6.918503024155544,1295,120.0,38.0,0.6,0.0,0.0,4.38,2.89,5.18,0,2.17,0.0015,0,19.26,6.96,1.1962,508.4,129.51,bengaluru,summer,0.3883,863
9.927955911332235,1858,120.0,22.8,0.63,0.0,0.0,4.01,2.01,0.74,0,2.16,0.0011,0,19.26,7.64,1.264,537.2,138.68,chennai,winter,0.5462,864
19.083311180020143,3551,120.0,33.2,0.62,0.0,0.0,5.54,2.99,3.46,0,2.32,0.0025,5,19.39,7.0,1.2,510.0,126.71,bengaluru,summer,1.0988,865
12.990365696312757,2428,120.0,17.8,0.63,0.0,0.0,4.7,2.93,1.61,0,2.17,0.0025,0,19.31,7.1,1.2096,514.1,138.04,bengaluru,winter,0.6819,866
13.837258693734215,2586,120.0,33.1,0.6,0.0,0.0,4.07,2.89,3.47,0,2.15,0.0004,0,19.27,7.53,1.2534,532.7,138.57,bengaluru,summer,0.7246,867
10.686028888126307,1938,120.0,29.2,0.62,0.0,0.0,4.54,2.9,2.39,0,2.17,0.001,1,19.87,5.04,1.0042,426.8,156.0,bengaluru,monsoon,0.4794,868
9.768143518471945,1801,120.0,29.0,0.64,0.0,0.0,5.76,3.38,3.06,0,2.16,0.0033,0,19.59,7.48,1.2485,530.6,121.62,bengaluru,monsoon,0.5927,869
16.342016802407436,3072,120.0,39.6,0.61,0.0,0.0,4.25,2.14,5.67,0,2.21,0.0016,1,19.18,6.73,1.1734,498.7,146.68,delhi,summer,0.8226,870
8.695932857700345,1629,120.0,21.7,0.64,0.0,0.0,3.88,1.95,1.47,0,2.16,0.0012,0,19.24,5.59,1.0586,449.9,151.42,bengaluru,monsoon,0.4103,871
5.640365681253168,1047,120.0,5.4,0.63,0.0,0.0,5.21,3.37,4.19,0,2.15,0.001,0,19.41,7.64,1.264,537.2,124.81,delhi,winter,0.3405,872
16.564693958822318,3137,120.0,40.3,0.63,0.0,0.0,4.81,2.54,6.19,1,2.21,0.001,1,19.03,5.56,1.0555,448.6,156.0,delhi,summer,0.7649,873
17.277150889292454,3268,120.0,35.0,0.63,0.0,0.0,4.38,2.72,4.24,0,2.25,0.0015,2,19.06,7.49,1.2489,530.8,110.26,bengaluru,summer,1.2326,874
3.887019270665677,657,120.0,32.4,0.59,0.0,0.0,4.54,3.34,2.67,0,2.22,0.0076,1,21.46,6.95,1.1951,507.9,122.27,bengaluru,summer,0.2446,875
19.303881250743455,3669,120.0,32.3,0.62,0.0,0.0,4.62,2.69,4.09,0,2.18,0.0005,0,18.95,6.9,1.1899,505.7,107.93,bengaluru,monsoon,1.3146,876
12.499015467810935,2440,120.0,30.2,0.63,0.0,0.0,4.07,2.48,2.66,0,2.22,0.0008,0,18.46,6.63,1.1628,494.2,136.92,chennai,monsoon,0.6991,877
6.1742248227774175,1209,120.0,32.7,0.66,0.0,0.0,2.93,1.3,3.39,0,2.23,0.0017,0,18.41,6.93,1.1929,507.0,103.76,bengaluru,summer,0.4359,878
19.860064504392117,3574,120.0,2.4,0.6,0.0,0.0,5.47,2.62,4.43,0,2.14,0.0008,1,20.02,6.92,1.1915,506.4,152.53,delhi,winter,1.013,879
20.73786772270962,3837,120.0,36.5,0.61,0.0,0.0,5.51,3.42,4.22,0,2.14,0.0003,0,19.46,7.6,1.2598,535.4,123.88,bengaluru,summer,1.2303,880
4.564065989061779,846,120.0,30.8,0.62,0.0,0.0,5.34,3.07,2.37,0,2.3,0.0035,1,19.49,7.42,1.2421,527.9,109.38,bengaluru,summer,0.3249,881
5.94465108272512,1123,120.0,34.4,0.62,0.0,0.0,4.44,2.36,3.88,0,2.3,0.0045,1,19.14,6.05,1.1049,469.6,156.0,bengaluru,summer,0.2861,882
16.483187494515892,3059,120.0,27.6,0.61,0.0,0.0,4.69,2.85,2.01,0,2.15,0.001,0,19.42,7.36,1.2362,525.4,114.17,bengaluru,monsoon,1.0635,883
12.936816085457426,2485,120.0,41.7,0.61,0.0,0.0,5.59,2.86,6.88,1,2.3,0.002,2,18.78,6.54,1.1541,490.5,117.5,delhi,summer,0.8574,884
1.8654110424937804,329,120.0,43.8,0.64,0.0,0.0,3.84,2.14,8.11,1,2.09,0.003,0,20.47,5.85,1.0847,461.0,156.0,chennai,summer,0.0899,885
10.056556490098036,1882,120.0,19.7,0.61,0.0,0.0,4.94,3.18,0.78,0,2.16,0.0011,0,19.26,6.03,1.1026,468.6,154.85,chennai,winter,0.4852,886
17.13115627593797,3273,120.0,25.8,0.63,0.0,0.0,4.83,3.04,0.79,0,2.18,0.0003,0,18.85,7.07,1.2073,513.1,111.66,chennai,winter,1.1876,887
14.576406534970854,2688,120.0,42.7,0.62,0.0,0.0,5.38,3.29,7.23,1,2.15,0.0019,0,19.56,5.11,1.0106,429.5,156.0,delhi,summer,0.6547,888
7.147259404836999,1319,120.0,35.5,0.6,0.0,0.0,5.26,3.5,3.98,0,2.16,0.003,0,19.56,7.04,1.2045,511.9,140.08,bengaluru,summer,0.3648,889
15.84086403690245,2888,120.0,7.0,0.64,0.0,0.0,4.34,2.4,3.5,0,2.12,0.0007,0,19.76,6.96,1.1965,508.5,109.04,delhi,winter,1.1064,890
4.672275056166363,904,120.0,36.7,0.62,0.0,0.0,6.34,4.49,5.57,0,2.22,0.0033,0,18.66,5.44,1.0442,443.8,156.0,chennai,monsoon,0.2157,891
16.3384645378382,3005,120.0,27.5,0.61,0.0,0.0,4.88,2.45,2.32,0,2.18,0.0017,1,19.6,7.67,1.2666,538.3,100.66,delhi,monsoon,1.1667,892
5.141033765129057,1004,120.0,28.3,0.6,0.0,0.0,5.07,2.92,2.17,0,2.23,0.003,0,18.49,6.64,1.164,494.7,116.2,delhi,monsoon,0.3474,893
12.165614615461534,2314,120.0,17.7,0.6,0.0,0.0,3.92,2.63,1.14,0,2.18,0.0009,0,18.94,7.52,1.2515,531.9,134.92,bengaluru,winter,0.7018,894
10.50790853625598,1944,120.0,17.4,0.64,0.0,0.0,4.28,2.47,1.2,0,2.15,0.0021,0,19.5,6.01,1.1007,467.8,156.0,bengaluru,winter,0.5093,895
6.987210576416558,1317,120.0,25.5,0.61,0.0,0.0,3.89,1.86,0.82,0,2.18,0.0023,0,19.14,7.28,1.228,521.9,120.02,delhi,monsoon,0.4399,896
17.203524734873945,3187,120.0,33.2,0.62,0.0,0.0,5.76,2.96,3.44,0,2.14,0.0003,0,19.44,7.37,1.2372,525.8,101.92,bengaluru,summer,1.2087,897
17.91332013580894,3321,120.0,31.0,0.61,0.0,0.0,4.33,2.01,2.85,0,2.15,0.0012,0,19.44,6.63,1.1631,494.3,141.96,bengaluru,monsoon,0.9929,898
1.9479800076159208,402,120.0,8.3,0.59,0.0,0.0,5.3,2.05,3.08,0,2.32,0.005,0,17.53,6.68,1.1675,496.2,138.01,delhi,winter,0.1061,899
12.48980328194061,2345,120.0,33.3,0.62,0.0,0.0,5.33,2.96,3.67,0,2.16,0.0009,0,19.19,6.6,1.1602,493.1,112.25,bengaluru,summer,0.8465,900
2.3483884511505737,432,120.0,22.7,0.63,0.0,0.0,2.85,1.28,0.45,0,2.15,0.0023,0,19.62,5.17,1.0169,432.2,156.0,chennai,winter,0.1097,901
13.338707764709975,2450,120.0,31.8,0.62,0.0,0.0,3.87,1.57,2.41,0,2.13,0.0008,0,19.61,6.9,1.1904,505.9,110.0,bengaluru,summer,0.9149,902
12.594268038854123,2363,120.0,25.5,0.63,0.0,0.0,5.48,3.18,2.1,0,2.17,0.0013,0,19.21,5.32,1.0318,438.5,156.0,bengaluru,monsoon,0.5738,903
20.854195083289724,3872,120.0,28.3,0.62,0.0,0.0,5.35,2.64,2.57,0,2.18,0.0013,1,19.41,6.02,1.1016,468.2,148.64,bengaluru,monsoon,1.0012,904
11.081736707706138,2038,120.0,41.2,0.63,0.0,0.0,4.77,2.8,6.54,1,2.15,0.0025,0,19.62,6.76,1.1765,500.0,113.3,delhi,summer,0.6989,905
18.25082850883078,3363,120.0,36.7,0.61,0.0,0.0,4.3,2.47,5.14,0,2.21,0.0015,2,19.56,6.83,1.1828,502.7,122.17,chennai,summer,1.1338,906
14.093971353298071,2685,120.0,39.4,0.64,0.0,0.0,4.42,1.84,6.01,0,2.23,0.0011,1,18.92,7.09,1.2092,513.9,117.5,bengaluru,summer,0.903,907
17.748989026948546,3287,120.0,27.6,0.61,0.0,0.0,4.53,3.1,2.54,0,2.15,0.0009,0,19.46,7.69,1.2694,539.5,132.81,bengaluru,monsoon,0.9594,908
6.12806502994867,1205,120.0,17.8,0.63,0.0,0.0,3.9,1.96,1.22,0,2.24,0.0033,0,18.36,6.61,1.1607,493.3,126.84,bengaluru,winter,0.3797,909
8.421467317463353,1615,120.0,30.6,0.63,0.0,0.0,4.75,2.49,2.5,0,2.2,0.0019,0,18.81,7.46,1.2459,529.5,108.56,bengaluru,summer,0.5981,910
15.816723334880342,2932,120.0,25.8,0.63,0.0,0.0,4.83,3.29,0.79,0,2.23,0.0014,2,19.44,7.67,1.2673,538.6,121.77,bengaluru,winter,0.951,911
19.616168368219,3625,120.0,39.1,0.62,0.0,0.0,4.93,2.8,5.55,0,2.14,0.0008,0,19.5,7.15,1.2153,516.5,119.99,delhi,summer,1.2491,912
9.035835745137948,1710,120.0,27.0,0.62,0.0,0.0,4.81,2.99,2.2,0,2.18,0.0018,0,19.06,6.92,1.192,506.6,119.36,bengaluru,monsoon,0.5705,913
21.954049989850223,3954,120.0,36.3,0.62,0.0,0.0,4.43,2.87,4.89,0,2.13,0.0005,1,20.0,7.36,1.2358,525.2,104.84,chennai,summer,1.558,914
17.559454249081373,3367,120.0,6.2,0.64,0.0,0.0,4.55,2.11,3.55,0,2.23,0.0018,1,18.81,5.53,1.0527,447.4,156.0,delhi,winter,0.8116,915
11.293911145124541,2074,120.0,22.4,0.61,0.0,0.0,5.05,2.92,0.63,0,2.24,0.0014,2,19.63,6.99,1.1991,509.6,114.82,bengaluru,winter,0.7106,916
1.8757637632952842,394,120.0,22.1,0.64,0.0,0.0,6.01,3.2,1.1,0,2.4,0.0127,0,17.35,6.7,1.1696,497.1,118.94,bengaluru,winter,0.1195,917
15.993240759938963,3005,120.0,18.6,0.62,0.0,0.0,3.14,2.0,1.5,0,2.16,0.0007,0,19.17,7.38,1.2379,526.1,147.09,bengaluru,winter,0.8538,918
10.191620963061592,1901,120.0,36.1,0.63,0.0,0.0,4.55,2.85,3.92,0,2.15,0.0005,0,19.31,7.06,1.2064,512.7,118.23,bengaluru,summer,0.6601,919
11.283441646088919,2115,120.0,41.9,0.62,0.0,0.0,4.42,2.04,6.84,1,2.16,0.0009,0,19.22,7.63,1.2631,536.8,129.81,delhi,summer,0.6708,920
20.757399237677326,3742,120.0,38.3,0.63,0.0,0.0,4.03,2.31,5.52,0,2.14,0.0011,1,19.99,7.31,1.2313,523.3,126.84,bengaluru,summer,1.2326,921
20.89013103245556,3925,120.0,26.5,0.62,0.0,0.0,4.57,2.58,1.75,0,2.23,0.0013,2,19.18,7.18,1.2179,517.6,122.44,bengaluru,monsoon,1.2199,922
10.779819503011431,2056,120.0,35.1,0.63,0.0,0.0,4.48,2.78,4.26,0,2.19,0.001,0,18.89,6.81,1.1814,502.1,125.76,bengaluru,summer,0.6706,923
9.652873540238009,1748,120.0,26.5,0.6,0.0,0.0,4.42,2.59,1.55,0,2.13,0.0029,0,19.93,6.86,1.1856,503.9,149.96,bengaluru,monsoon,0.4918,924
15.81116008543894,2982,120.0,38.7,0.63,0.0,0.0,3.73,2.28,5.8,0,2.17,0.0003,0,19.09,6.53,1.1534,490.2,118.94,bengaluru,summer,0.9792,925
20.93919399439875,3928,120.0,30.2,0.63,0.0,0.0,4.81,2.72,2.58,0,2.16,0.0003,0,19.2,7.05,1.2049,512.1,144.88,bengaluru,monsoon,1.0876,926
11.223079111344417,2122,120.0,43.0,0.63,0.0,0.0,6.21,3.3,7.13,1,2.23,0.0009,1,19.06,7.4,1.2405,527.2,103.12,delhi,summer,0.7955,927
8.098263217102271,1497,120.0,41.3,0.64,0.0,0.0,4.65,2.72,6.22,1,2.15,0.0013,0,19.5,7.05,1.2052,512.2,108.54,delhi,summer,0.5718,928
14.366020134713006,2719,120.0,27.3,0.63,0.0,0.0,5.12,2.37,2.51,0,2.27,0.0022,2,19.06,7.14,1.2144,516.1,114.1,bengaluru,monsoon,0.917,929
14.984441555149738,2832,120.0,19.3,0.61,0.0,0.0,5.13,2.67,1.39,0,2.22,0.0014,1,19.07,7.29,1.2287,522.2,111.48,bengaluru,winter,1.0469,930
1.6778207675730183,310,120.0,29.3,0.65,0.0,0.0,4.96,1.79,2.28,0,2.59,0.0129,1,19.71,5.09,1.0094,429.0,156.0,delhi,monsoon,0.0775,931
8.18745647677589,1639,120.0,33.8,0.61,0.0,0.0,4.43,2.56,4.21,0,2.41,0.0024,2,18.02,7.69,1.2687,539.2,106.39,bengaluru,monsoon,0.5753,932
9.930574834624684,1875,120.0,33.5,0.62,0.0,0.0,4.25,3.22,4.55,0,2.17,0.0011,0,19.09,5.76,1.0755,457.1,156.0,bengaluru,monsoon,0.4654,933
15.917932904527243,2835,120.0,21.5,0.61,0.0,0.0,4.94,3.33,0.63,0,2.09,0.0004,0,20.22,6.66,1.1664,495.7,130.75,bengaluru,winter,0.892,934
18.13728973384894,3494,120.0,38.4,0.62,0.0,0.0,3.68,2.54,5.06,0,2.24,0.0017,1,18.72,5.06,1.0064,427.7,156.0,chennai,summer,0.8014,935
16.349195489038177,3017,120.0,10.2,0.61,0.0,0.0,3.99,2.39,2.67,0,2.14,0.0003,0,19.51,6.94,1.1941,507.5,119.73,bengaluru,winter,1.0273,936
9.876439571620622,1835,120.0,20.8,0.62,0.0,0.0,4.59,2.94,0.89,0,2.29,0.0027,2,19.42,7.49,1.2487,530.7,107.06,bengaluru,winter,0.7016,937
16.66086634836194,3085,120.0,4.9,0.62,0.0,0.0,5.13,2.16,3.85,0,2.18,0.0006,1,19.45,7.4,1.2402,527.1,145.66,delhi,winter,0.8845,938
1.6480908671902634,306,120.0,42.2,0.64,0.0,0.0,6.99,4.25,7.3,1,2.22,0.0098,0,19.57,6.64,1.1638,494.6,151.32,delhi,summer,0.0854,939
5.868966318760963,1100,120.0,27.1,0.61,0.0,0.0,4.58,2.22,1.89,0,2.17,0.0018,0,19.24,7.18,1.2181,517.7,148.55,bengaluru,monsoon,0.3064,940
17.30769324986047,3247,120.0,23.6,0.62,0.0,0.0,4.6,2.89,1.32,0,2.16,0.0009,0,19.21,6.99,1.1986,509.4,142.8,delhi,monsoon,0.8898,941
16.961557828916014,3178,120.0,20.8,0.62,0.0,0.0,5.61,2.71,1.46,0,2.2,0.0016,1,19.24,6.86,1.1864,504.2,106.85,bengaluru,monsoon,1.1614,942
15.571619463274795,2923,120.0,38.1,0.61,0.0,0.0,4.18,1.8,5.61,0,2.16,0.0003,0,19.18,7.09,1.2092,513.9,108.91,bengaluru,summer,1.0695,943
12.886547665851957,2384,120.0,40.7,0.6,0.0,0.0,4.25,1.94,6.53,1,2.2,0.0017,1,19.49,6.85,1.1854,503.8,111.5,bengaluru,summer,0.8667,944
13.373559389738583,2472,120.0,18.7,0.62,0.0,0.0,3.95,2.54,0.96,0,2.19,0.0012,1,19.5,5.39,1.0393,441.7,156.0,bengaluru,winter,0.6088,945
10.602593970739974,2042,120.0,27.0,0.64,0.0,0.0,2.94,1.79,1.96,0,2.2,0.0015,0,18.72,7.6,1.26,535.5,140.56,chennai,winter,0.5773,946
15.2797992197007,2941,120.0,34.1,0.62,0.0,0.0,4.33,2.36,3.07,0,2.2,0.0007,0,18.72,7.05,1.2049,512.1,128.35,bengaluru,summer,0.8692,947
16.34245485229321,3053,120.0,28.2,0.61,0.0,0.0,4.28,2.14,2.91,0,2.16,0.0007,0,19.28,6.72,1.1718,498.0,141.03,chennai,monsoon,0.9105,948
13.942635986826703,2603,120.0,4.7,0.62,0.0,0.0,5.26,2.44,4.4,0,2.2,0.0012,1,19.3,6.01,1.1009,467.9,156.0,delhi,winter,0.674,949
11.693268959967245,2196,120.0,37.4,0.63,0.0,0.0,3.73,2.14,5.53,0,2.28,0.0027,2,19.22,7.61,1.2607,535.8,130.27,bengaluru,summer,0.6959,950
3.4967194891223143,688,120.0,37.5,0.6,0.0,0.0,4.44,2.57,5.23,0,2.25,0.0044,0,18.37,7.35,1.2351,524.9,128.55,chennai,summer,0.2005,951
4.316196729838557,807,120.0,33.3,0.65,0.0,0.0,5.48,3.24,3.08,0,2.18,0.0037,0,19.32,7.52,1.2518,532.0,107.06,bengaluru,summer,0.3168,952
5.338666857452098,1007,120.0,24.7,0.62,0.0,0.0,5.07,3.0,0.94,0,2.3,0.003,1,19.14,6.82,1.1816,502.2,140.04,delhi,monsoon,0.2986,953
5.69767103405339,1067,120.0,31.4,0.62,0.0,0.0,5.46,3.16,2.13,0,2.17,0.0019,0,19.26,7.44,1.2435,528.5,101.67,bengaluru,summer,0.4013,954
21.186586232612562,3905,120.0,29.1,0.62,0.0,0.0,4.85,2.83,2.94,0,2.17,0.0018,1,19.56,6.86,1.1859,504.0,110.73,bengaluru,monsoon,1.4496,955
15.08345593040311,2825,120.0,19.6,0.61,0.0,0.0,3.9,2.32,0.79,0,2.16,0.0007,0,19.23,6.58,1.1576,492.0,112.75,bengaluru,winter,1.0117,956
21.017241686984505,3951,120.0,4.7,0.63,0.0,0.0,4.95,2.62,4.06,0,2.2,0.0015,1,19.18,7.02,1.2024,511.0,146.95,delhi,winter,1.0965,957
15.363416564431954,2796,120.0,24.0,0.6,0.0,0.0,4.62,2.41,0.42,0,2.16,0.0007,1,19.79,5.52,1.0522,447.2,156.0,bengaluru,winter,0.7014,958
14.222350739565616,2572,120.0,34.5,0.62,0.0,0.0,4.72,2.39,3.41,0,2.11,0.0008,0,19.92,6.6,1.16,493.0,121.72,bengaluru,summer,0.8896,959
21.16351418610401,3994,120.0,38.0,0.62,0.0,0.0,4.69,2.65,5.59,0,2.17,0.001,0,19.09,7.49,1.2489,530.8,129.69,bengaluru,summer,1.2532,960
17.54561271540948,3273,120.0,20.5,0.61,0.0,0.0,4.63,2.45,0.64,0,2.19,0.0015,1,19.33,6.64,1.1645,494.9,126.99,bengaluru,winter,1.0869,961
20.480160335687092,3845,120.0,31.4,0.61,0.0,0.0,3.49,2.49,2.2,0,2.22,0.0008,2,19.19,6.85,1.1847,503.5,126.81,chennai,summer,1.1537,962
4.676910932038705,866,120.0,9.6,0.63,0.0,0.0,4.6,1.92,2.8,0,2.17,0.0046,0,19.53,5.09,1.0094,429.0,156.0,delhi,winter,0.2096,963
9.212015466833645,1672,120.0,22.2,0.64,0.0,0.0,5.72,3.15,1.45,0,2.19,0.0012,1,19.86,5.58,1.0576,449.5,156.0,delhi,monsoon,0.4315,964
10.773868111453416,2052,120.0,22.9,0.61,0.0,0.0,4.7,3.06,0.34,0,2.18,0.001,0,18.92,7.1,1.2099,514.2,141.69,chennai,winter,0.5514,965
13.370200944877952,2498,120.0,37.5,0.62,0.0,0.0,4.2,2.32,5.46,0,2.21,0.0012,1,19.29,5.69,1.0689,454.3,156.0,chennai,summer,0.6149,966
13.153766563040401,2362,120.0,45.5,0.64,0.0,0.0,4.89,2.74,8.08,1,2.1,0.0008,0,20.06,7.25,1.2249,520.6,137.02,delhi,summer,0.7035,967
14.158863233996952,2650,120.0,47.2,0.6,0.0,0.0,4.07,1.98,8.39,1,2.16,0.0008,0,19.25,7.12,1.2122,515.2,144.08,delhi,summer,0.7227,968
20.18267432250797,3825,120.0,35.0,0.62,0.0,0.0,3.89,2.18,4.76,0,2.18,0.0018,0,19.03,5.63,1.0628,451.7,156.0,bengaluru,monsoon,0.925,969
13.481863136966727,2528,120.0,11.2,0.61,0.0,0.0,5.63,2.67,2.45,0,2.17,0.002,0,19.24,7.28,1.228,521.9,118.24,delhi,winter,0.8603,970
6.6458960434751155,1218,120.0,22.8,0.63,0.0,0.0,4.77,2.56,0.27,0,2.13,0.0008,0,19.66,7.0,1.2005,510.2,146.99,bengaluru,winter,0.3516,971
14.381724605042676,2607,120.0,30.4,0.62,0.0,0.0,4.45,2.64,1.68,0,2.11,0.0004,0,19.87,5.3,1.0301,437.8,156.0,bengaluru,summer,0.6534,972
15.94079735696906,3003,120.0,6.4,0.62,0.0,0.0,4.95,2.13,3.51,0,2.33,0.002,4,19.14,5.95,1.0951,465.4,156.0,delhi,winter,0.7563,973
18.85001008334996,3427,120.0,20.6,0.62,0.0,0.0,4.36,2.33,1.18,0,2.15,0.0006,1,19.81,5.35,1.0348,439.8,156.0,bengaluru,winter,0.8613,974
12.155942428651468,2225,120.0,28.2,0.61,0.0,0.0,4.42,2.88,1.51,0,2.13,0.0013,0,19.69,7.01,1.2014,510.6,113.61,chennai,winter,0.8401,975
8.276635151268787,1607,120.0,14.5,0.62,0.0,0.0,3.7,2.78,1.89,0,2.29,0.0025,1,18.58,7.05,1.2049,512.1,117.84,bengaluru,winter,0.5204,976
2.5133891792792484,517,120.0,34.1,0.63,0.0,0.0,4.16,3.18,4.73,0,2.35,0.0097,0,17.66,6.56,1.156,491.3,113.26,chennai,monsoon,0.1652,977
17.979555015684184,3398,120.0,48.1,0.63,0.0,0.0,4.42,2.56,8.5,1,2.24,0.0012,2,19.07,6.72,1.1722,498.2,131.66,delhi,summer,1.0189,978
6.00170768177418,1161,120.0,19.8,0.64,0.0,0.0,4.14,2.0,1.0,0,2.21,0.0017,0,18.64,6.53,1.1534,490.2,132.6,bengaluru,winter,0.3374,979
18.504989637405682,3435,120.0,20.0,0.63,0.0,0.0,5.08,3.08,0.72,0,2.15,0.0012,0,19.42,7.41,1.2407,527.3,129.44,bengaluru,winter,1.0989,980
8.456353073773224,1618,120.0,41.6,0.63,0.0,0.0,3.73,2.25,7.16,1,2.2,0.0019,0,18.85,7.38,1.2384,526.3,110.38,chennai,summer,0.5964,981
16.295214038150824,3064,120.0,28.5,0.63,0.0,0.0,4.8,3.13,2.82,0,2.22,0.0026,1,19.19,6.88,1.188,504.9,119.92,bengaluru,monsoon,1.0231,982
17.218373359442133,3189,120.0,23.1,0.63,0.0,0.0,4.43,2.56,0.69,0,2.15,0.0013,0,19.46,6.11,1.1106,472.0,149.74,bengaluru,winter,0.8369,983
12.40328497719689,2340,120.0,36.8,0.61,0.0,0.0,4.03,2.9,5.14,0,2.17,0.0013,0,19.11,7.29,1.2287,522.2,114.99,chennai,summer,0.7853,984
9.490502329400876,1749,120.0,22.4,0.63,0.0,0.0,4.73,2.95,0.87,0,2.14,0.0006,0,19.55,6.64,1.1642,494.8,112.07,chennai,winter,0.6514,985
2.0043169465740305,391,120.0,33.6,0.6,0.0,0.0,3.24,1.0,4.29,0,2.25,0.0051,0,18.54,7.66,1.2661,538.1,123.63,chennai,monsoon,0.1215,986
14.675181659833006,2766,120.0,24.9,0.61,0.0,0.0,4.66,2.52,0.54,0,2.17,0.0007,0,19.11,6.53,1.1529,490.0,156.0,bengaluru,winter,0.7148,987
2.5727447525680245,467,120.0,22.3,0.62,0.0,0.0,3.81,1.17,0.46,0,2.14,0.0043,0,19.91,6.69,1.1689,496.8,154.02,chennai,winter,0.1312,988
11.898837714748877,2223,120.0,33.0,0.6,0.0,0.0,4.72,3.11,2.7,0,2.21,0.0013,1,19.29,5.11,1.0106,429.5,156.0,chennai,summer,0.5291,989
3.2331746332664997,631,120.0,36.9,0.63,0.0,0.0,3.98,1.86,4.32,0,2.83,0.0079,3,18.58,6.89,1.1892,505.4,148.37,delhi,summer,0.1648,990
3.0541597354899728,573,120.0,38.5,0.63,0.0,0.0,5.26,3.27,5.02,0,2.18,0.0035,0,19.25,7.4,1.2395,526.8,141.69,chennai,summer,0.1649,991
13.875675497797454,2652,120.0,36.7,0.63,0.0,0.0,4.94,2.74,4.48,0,2.19,0.0008,0,18.85,6.92,1.1925,506.8,127.3,bengaluru,summer,0.792,992
19.470994554217324,3687,120.0,30.3,0.62,0.0,0.0,3.5,2.67,3.69,0,2.24,0.0014,2,19.03,5.18,1.0176,432.5,156.0,chennai,monsoon,0.8611,993
17.770816842211644,3347,120.0,38.1,0.63,0.0,0.0,4.67,2.14,5.21,0,2.17,0.0012,0,19.14,7.12,1.2115,514.9,127.32,bengaluru,summer,1.0341,994
20.0150041534734,3744,120.0,31.1,0.63,0.0,0.0,3.92,2.1,3.67,0,2.15,0.0003,0,19.25,6.95,1.1948,507.8,110.34,chennai,monsoon,1.3871,995
5.647007930608711,1096,120.0,40.5,0.64,0.0,0.0,4.32,2.13,6.51,1,2.22,0.0018,0,18.58,6.74,1.1744,499.1,141.51,delhi,summer,0.2892,996
1.763761714962212,359,120.0,34.6,0.63,0.0,0.0,4.01,1.7,4.01,0,2.3,0.0056,0,17.78,5.39,1.0388,441.5,156.0,chennai,summer,0.0802,997
8.232547665223873,1491,120.0,46.2,0.62,0.0,0.0,4.55,2.55,8.75,1,2.12,0.0013,0,19.9,7.08,1.208,513.4,114.09,delhi,summer,0.5295,998
1.6019690264825877,308,120.0,37.6,0.65,0.0,0.0,3.58,1.87,5.4,0,2.24,0.0065,0,18.84,6.86,1.1859,504.0,144.92,chennai,summer,0.0845,999
17.727770706026494,3372,120.0,27.0,0.62,0.0,0.0,4.6,2.76,2.64,0,2.22,0.0012,1,18.95,7.12,1.2115,514.9,134.33,bengaluru,monsoon,1.0258,1000
6.11810227145725,1101,120.0,35.3,0.62,0.0,0.0,5.06,2.62,4.46,0,2.11,0.0018,0,20.04,6.67,1.1673,496.1,134.18,bengaluru,summer,0.3535,1001
15.481067593904635,2852,120.0,26.9,0.64,0.0,0.0,4.76,2.78,1.65,0,2.26,0.0021,3,19.58,7.28,1.2275,521.7,101.44,bengaluru,monsoon,1.0958,1002
8.511550677611575,1546,120.0,2.6,0.61,0.0,0.0,5.04,2.58,4.56,0,2.19,0.0013,1,19.84,7.3,1.2299,522.7,147.8,delhi,winter,0.4462,1003
16.759954720282764,3245,120.0,42.8,0.63,0.0,0.0,4.87,3.04,7.59,1,2.2,0.0006,0,18.6,6.87,1.1871,504.5,141.89,delhi,summer,0.8552,1004
19.748590279939123,3660,120.0,21.4,0.63,0.0,0.0,3.7,2.23,0.53,0,2.15,0.0008,0,19.44,7.04,1.2045,511.9,127.52,chennai,winter,1.1457,1005
8.457945375977383,1627,120.0,28.1,0.62,0.0,0.0,4.42,2.6,1.95,0,2.28,0.0031,1,18.77,6.11,1.1113,472.3,151.58,delhi,monsoon,0.4056,1006
11.831296021601116,2157,120.0,38.2,0.61,0.0,0.0,4.34,2.54,5.83,0,2.25,0.0037,2,19.82,7.52,1.2522,532.2,106.35,bengaluru,summer,0.8379,1007
16.17575720745068,3029,120.0,27.3,0.62,0.0,0.0,4.78,2.53,1.91,0,2.28,0.0017,3,19.25,5.55,1.0551,448.4,156.0,delhi,monsoon,0.744,1008
7.119718399964835,1348,120.0,29.4,0.63,0.0,0.0,5.31,3.23,2.5,0,2.22,0.0067,0,19.14,7.4,1.2395,526.8,117.43,bengaluru,summer,0.4624,1009
17.24032510831321,3175,120.0,35.4,0.61,0.0,0.0,5.13,3.02,3.83,0,2.13,0.0003,0,19.55,7.4,1.24,527.0,130.7,bengaluru,summer,1.0211,1010
12.248976048778184,2302,120.0,17.4,0.62,0.0,0.0,4.25,2.12,1.69,0,2.21,0.0009,1,19.17,5.87,1.0871,462.0,154.08,bengaluru,winter,0.5775,1011
9.267860390174576,1761,120.0,8.8,0.63,0.0,0.0,5.54,2.81,2.97,0,2.32,0.0023,2,18.99,7.53,1.2529,532.5,122.58,delhi,winter,0.5529,1012
4.525164918959164,833,120.0,35.6,0.62,0.0,0.0,3.52,1.55,4.28,0,2.15,0.0024,0,19.6,7.6,1.2602,535.6,125.73,bengaluru,summer,0.2749,1013
6.00910000283252,1136,120.0,35.6,0.64,0.0,0.0,3.73,1.83,4.6,0,2.19,0.0026,0,19.09,7.23,1.2228,519.7,108.82,bengaluru,summer,0.425,1014
14.129896510739291,2681,120.0,19.3,0.63,0.0,0.0,5.85,3.54,0.92,0,2.17,0.0004,0,18.98,6.85,1.1852,503.7,107.58,bengaluru,winter,0.9699,1015
20.077509134660595,3678,120.0,24.9,0.63,0.0,0.0,5.14,2.69,1.93,0,2.13,0.0005,0,19.66,7.39,1.2388,526.5,110.18,delhi,monsoon,1.3048,1016
4.946778886973601,969,120.0,27.9,0.63,0.0,0.0,4.99,3.03,1.11,0,2.4,0.0083,1,18.52,7.29,1.2287,522.2,111.01,chennai,winter,0.3228,1017
11.632164756491289,2182,120.0,27.4,0.61,0.0,0.0,4.22,2.06,2.34,0,2.16,0.0009,0,19.21,6.6,1.16,493.0,115.87,bengaluru,monsoon,0.7183,1018
19.991179062622475,3684,120.0,29.9,0.61,0.0,0.0,5.21,2.85,1.88,0,2.14,0.0005,0,19.55,5.79,1.0788,458.5,156.0,bengaluru,summer,0.933,1019
10.323792915438123,1911,120.0,6.5,0.65,0.0,0.0,5.05,2.42,3.85,0,2.15,0.0021,0,19.49,6.53,1.1532,490.1,126.01,delhi,winter,0.5897,1020
4.783670386735619,893,120.0,2.2,0.62,0.0,0.0,3.51,1.67,4.97,0,2.44,0.0056,2,19.38,5.21,1.0212,434.0,156.0,delhi,winter,0.2165,1021
2.008194183981039,377,120.0,26.8,0.62,0.0,0.0,3.51,1.0,1.4,0,2.24,0.0106,0,19.38,6.85,1.1852,503.7,101.71,bengaluru,monsoon,0.1414,1022
3.420377219117903,602,120.0,20.9,0.64,0.0,0.0,4.78,2.34,0.64,0,2.12,0.0066,0,20.59,6.66,1.1661,495.6,118.69,bengaluru,winter,0.2126,1023
11.086067477108132,2081,120.0,22.6,0.62,0.0,0.0,4.9,3.07,0.97,0,2.16,0.001,0,19.2,6.85,1.1849,503.6,149.12,bengaluru,monsoon,0.5693,1024
17.72690766762462,3314,120.0,36.3,0.63,0.0,0.0,4.92,3.1,4.83,0,2.16,0.0006,0,19.27,6.7,1.1701,497.3,139.43,chennai,summer,0.9965,1025
2.3797392405314723,471,120.0,16.8,0.61,0.0,0.0,4.47,2.52,1.58,0,2.26,0.0042,0,18.26,6.77,1.1769,500.2,115.92,bengaluru,winter,0.1467,1026
12.690283266060913,2435,120.0,43.0,0.62,0.0,0.0,5.16,2.52,7.31,1,2.2,0.0021,0,18.8,7.59,1.2593,535.2,109.9,delhi,summer,0.8913,1027
10.358535009250541,1941,120.0,19.7,0.61,0.0,0.0,4.42,2.32,0.78,0,2.31,0.0052,2,19.3,5.01,1.0014,425.6,156.0,bengaluru,winter,0.4577,1028
12.409471392431119,2342,120.0,36.6,0.61,0.0,0.0,3.68,1.93,4.34,0,2.17,0.0004,0,19.08,6.69,1.1689,496.8,125.16,bengaluru,summer,0.7539,1029
9.633988171991302,1830,120.0,10.8,0.62,0.0,0.0,4.93,2.59,2.54,0,2.18,0.0011,0,18.97,6.79,1.1786,500.9,130.77,delhi,winter,0.5418,1030
2.610870775705679,523,120.0,35.6,0.61,0.0,0.0,4.35,3.06,3.69,0,2.26,0.0019,0,18.01,7.61,1.2609,535.9,121.22,bengaluru,summer,0.1539,1031
16.89201465011714,3230,120.0,43.1,0.64,0.0,0.0,4.03,1.54,7.82,1,2.18,0.0003,0,18.83,6.67,1.1671,496.0,106.29,delhi,summer,1.1531,1032
9.214123580768705,1691,120.0,41.2,0.62,0.0,0.0,4.65,1.84,6.87,1,2.13,0.0006,0,19.63,5.29,1.0292,437.4,156.0,delhi,summer,0.4194,1033
4.1392000319568485,802,120.0,36.5,0.63,0.0,0.0,3.79,2.66,5.56,0,2.22,0.0025,0,18.62,5.16,1.0158,431.7,156.0,chennai,monsoon,0.1856,1034
14.195809963009939,2623,120.0,19.9,0.62,0.0,0.0,4.7,1.9,0.74,0,2.14,0.0004,0,19.49,5.49,1.0489,445.8,156.0,bengaluru,winter,0.6554,1035
10.093222230992621,1868,120.0,34.5,0.65,0.0,0.0,4.72,3.07,3.83,0,2.21,0.0016,1,19.48,7.6,1.26,535.5,97.87,bengaluru,summer,0.7384,1036
20.648084998388722,3781,120.0,41.7,0.61,0.0,0.0,4.79,2.08,6.99,1,2.13,0.0003,0,19.66,5.53,1.0532,447.6,156.0,delhi,summer,0.9436,1037
17.681288893698795,3350,120.0,21.1,0.62,0.0,0.0,5.35,3.0,1.46,0,2.17,0.0003,0,19.01,7.45,1.2452,529.2,123.53,delhi,monsoon,1.0479,1038
4.998358511223085,941,120.0,9.8,0.63,0.0,0.0,3.99,1.4,2.75,0,2.17,0.0011,0,19.14,5.78,1.0779,458.1,156.0,delhi,winter,0.2363,1039
6.065834902246621,1180,120.0,24.2,0.62,0.0,0.0,4.44,2.97,0.34,0,2.53,0.0042,3,18.58,6.84,1.1845,503.4,137.63,bengaluru,winter,0.3412,1040
11.717598397788683,2115,120.0,33.7,0.61,0.0,0.0,3.65,1.71,4.63,0,2.11,0.0005,0,19.95,6.89,1.1889,505.3,132.44,chennai,monsoon,0.6643,1041
18.233174420211427,3309,120.0,36.1,0.62,0.0,0.0,3.8,2.03,4.71,0,2.12,0.0009,0,19.85,7.34,1.2341,524.5,107.78,chennai,summer,1.2852,1042
7.352307575699858,1406,120.0,33.6,0.62,0.0,0.0,3.2,1.63,3.89,0,2.29,0.0028,1,18.88,5.22,1.0219,434.3,156.0,chennai,monsoon,0.327,1043
17.986021794681943,3356,120.0,16.3,0.62,0.0,0.0,5.53,2.61,1.62,0,2.16,0.0012,0,19.32,7.21,1.2214,519.1,119.91,bengaluru,winter,1.1539,1044
7.424662948986482,1364,120.0,35.7,0.62,0.0,0.0,4.5,2.15,3.77,0,2.14,0.0022,0,19.64,6.99,1.1988,509.5,118.75,bengaluru,summer,0.4764,1045
16.275038456068508,2966,120.0,29.5,0.62,0.0,0.0,5.0,2.76,2.89,0,2.13,0.0017,0,19.79,6.71,1.1711,497.7,114.28,delhi,monsoon,1.0161,1046
16.043944567125514,3018,120.0,31.3,0.61,0.0,0.0,4.59,2.8,2.18,0,2.17,0.001,0,19.16,6.93,1.1934,507.2,138.22,bengaluru,summer,0.9084,1047
12.743417844318351,2336,120.0,42.6,0.63,0.0,0.0,4.44,2.75,7.5,1,2.13,0.0009,0,19.66,7.51,1.2513,531.8,113.12,chennai,summer,0.8371,1048
13.369489695548348,2439,120.0,25.6,0.62,0.0,0.0,5.17,2.24,1.85,0,2.12,0.0008,0,19.75,7.6,1.2602,535.6,101.75,delhi,monsoon,0.9644,1049
15.55353802075042,2882,120.0,27.7,0.62,0.0,0.0,4.24,2.19,3.01,0,2.14,0.0003,0,19.44,6.77,1.1772,500.3,141.58,bengaluru,monsoon,0.7943,1050
12.479255322338707,2337,120.0,47.7,0.62,0.0,0.0,5.06,3.29,8.48,1,2.23,0.0034,1,19.28,7.57,1.2569,534.2,104.87,delhi,summer,0.8989,1051
17.46750252435654,3154,120.0,26.1,0.62,0.0,0.0,5.61,2.69,1.2,0,2.11,0.0003,0,19.94,6.72,1.172,498.1,143.05,delhi,monsoon,0.8844,1052
6.721684661344366,1336,120.0,25.1,0.61,0.0,0.0,4.91,2.68,1.19,0,2.36,0.0045,1,18.18,7.59,1.2586,534.9,145.64,bengaluru,winter,0.3564,1053
3.967976648826264,749,120.0,30.0,0.65,0.0,0.0,4.34,2.52,3.25,0,2.17,0.0013,0,19.1,7.34,1.2344,524.6,109.85,chennai,monsoon,0.2577,1054
1.5675682472851176,319,120.0,41.0,0.65,0.0,0.0,4.94,1.91,6.32,1,2.29,0.0031,0,17.75,6.66,1.1656,495.4,105.81,delhi,summer,0.1092,1055
13.329775395235279,2475,120.0,35.4,0.62,0.0,0.0,4.32,2.7,4.01,0,2.24,0.0012,2,19.41,7.69,1.2692,539.4,119.28,delhi,summer,0.7967,1056
5.254489927449876,1016,120.0,42.6,0.63,0.0,0.0,6.02,3.43,7.05,1,2.47,0.0059,2,18.72,7.68,1.268,538.9,112.94,delhi,summer,0.3522,1057
6.1933207126743195,1141,120.0,20.4,0.61,0.0,0.0,3.85,2.58,1.27,0,2.16,0.0035,0,19.6,6.89,1.1887,505.2,106.52,bengaluru,winter,0.4253,1058
4.641352274557352,915,120.0,23.3,0.6,0.0,0.0,3.66,1.72,0.78,0,2.23,0.0011,0,18.28,7.56,1.2558,533.7,123.13,chennai,winter,0.2704,1059
21.621744091359194,3969,120.0,24.6,0.61,0.0,0.0,4.19,2.64,0.8,0,2.13,0.0008,0,19.63,7.54,1.2536,532.8,145.8,chennai,winter,1.1525,1060
20.60176222861879,3804,120.0,41.4,0.61,0.0,0.0,4.09,2.04,6.76,1,2.17,0.0011,1,19.52,7.33,1.2327,523.9,102.28,delhi,summer,1.4469,1061
18.145470842564908,3389,120.0,33.4,0.64,0.0,0.0,3.39,1.93,3.97,0,2.16,0.0009,0,19.29,6.68,1.1678,496.3,121.73,chennai,monsoon,1.1357,1062
2.0992420403674177,439,120.0,23.5,0.65,0.0,0.0,4.68,2.86,1.21,0,2.94,0.0091,2,17.36,7.41,1.2407,527.3,126.51,delhi,monsoon,0.1272,1063
16.42166873199649,3083,120.0,20.6,0.62,0.0,0.0,4.43,2.5,1.04,0,2.16,0.0006,0,19.19,6.57,1.1569,491.7,135.55,bengaluru,winter,0.9113,1064
16.586737086814573,3111,120.0,25.7,0.63,0.0,0.0,4.5,2.35,1.23,0,2.2,0.0016,1,19.22,5.13,1.0127,430.4,156.0,bengaluru,monsoon,0.7394,1065
18.23369838165578,3388,120.0,30.7,0.61,0.0,0.0,4.26,1.75,2.61,0,2.15,0.0009,0,19.39,7.14,1.2144,516.1,126.88,delhi,monsoon,1.0493,1066
6.694319469939119,1227,120.0,8.4,0.63,0.0,0.0,5.01,2.39,3.06,0,2.13,0.0008,0,19.66,7.06,1.2056,512.4,134.07,delhi,winter,0.389,1067
6.5498345509176055,1215,120.0,27.6,0.62,0.0,0.0,4.14,2.9,1.37,0,2.17,0.0033,0,19.47,6.54,1.1536,490.3,132.59,chennai,winter,0.3603,1068
15.241746205180647,2811,120.0,39.6,0.63,0.0,0.0,3.8,2.43,6.26,0,2.16,0.0032,0,19.58,6.93,1.1932,507.1,150.33,bengaluru,summer,0.7964,1069
6.123984350344914,1161,120.0,41.6,0.64,0.0,0.0,4.66,2.45,6.84,1,2.18,0.0017,0,19.02,7.08,1.208,513.4,117.11,delhi,summer,0.3977,1070
12.767869603734974,2380,120.0,19.0,0.64,0.0,0.0,3.55,2.43,0.93,0,2.17,0.0029,0,19.37,5.3,1.0304,437.9,156.0,bengaluru,winter,0.5896,1071
13.225462784296532,2521,120.0,35.9,0.63,0.0,0.0,5.28,3.33,3.91,0,2.19,0.0012,0,18.91,7.43,1.2431,528.3,110.32,chennai,summer,0.9401,1072
5.60476123289325,1154,120.0,33.9,0.62,0.0,0.0,3.72,2.32,3.69,0,2.4,0.0026,1,17.53,5.01,1.0014,425.6,156.0,bengaluru,summer,0.2424,1073
11.883626533092517,2210,120.0,31.9,0.61,0.0,0.0,4.13,2.36,4.42,0,2.17,0.0027,0,19.41,7.46,1.2456,529.4,143.18,chennai,monsoon,0.6286,1074
5.272802503983778,1024,120.0,44.2,0.6,0.0,0.0,4.41,2.66,7.7,1,2.33,0.002,1,18.57,6.68,1.168,496.4,118.08,delhi,summer,0.3199,1075
21.257615006191656,3955,120.0,25.3,0.62,0.0,0.0,4.12,1.93,0.89,0,2.15,0.0003,0,19.35,7.65,1.2647,537.5,106.18,bengaluru,winter,1.511,1076
11.820169082745437,2147,120.0,17.1,0.63,0.0,0.0,4.58,3.38,1.43,0,2.12,0.0009,0,19.84,7.45,1.2449,529.1,136.9,bengaluru,winter,0.6402,1077
19.082523092323896,3545,120.0,24.0,0.63,0.0,0.0,3.93,2.1,0.11,0,2.15,0.0006,0,19.39,6.96,1.1955,508.1,125.51,bengaluru,winter,1.1041,1078
13.240033093646064,2482,120.0,22.0,0.62,0.0,0.0,3.93,2.04,0.69,0,2.16,0.0004,0,19.21,6.68,1.1678,496.3,149.04,chennai,winter,0.6731,1079
16.75102309217106,3033,120.0,23.1,0.61,0.0,0.0,5.17,3.04,1.04,0,2.15,0.0007,1,19.89,6.56,1.1558,491.2,145.94,chennai,winter,0.8437,1080
3.3514322592629004,620,120.0,14.5,0.64,0.0,0.0,5.97,3.88,1.83,0,2.15,0.0016,0,19.49,6.87,1.1866,504.3,130.98,bengaluru,winter,0.1957,1081
16.14325054887684,3015,120.0,17.4,0.61,0.0,0.0,3.89,2.29,1.2,0,2.16,0.0017,0,19.31,5.48,1.0485,445.6,156.0,bengaluru,winter,0.7333,1082
7.79895458768814,1488,120.0,34.8,0.63,0.0,0.0,5.16,3.72,3.98,0,2.27,0.002,1,18.9,7.46,1.2459,529.5,136.27,bengaluru,summer,0.418,1083
2.682394924204749,538,120.0,31.5,0.6,0.0,0.0,3.98,1.86,3.3,0,2.27,0.0037,0,18.02,6.53,1.1529,490.0,116.42,bengaluru,monsoon,0.177,1084
18.835135081699562,3455,120.0,18.5,0.62,0.0,0.0,4.55,2.28,0.99,0,2.17,0.0012,1,19.65,7.61,1.2607,535.8,136.51,bengaluru,winter,1.0269,1085
13.740199092091952,2530,120.0,38.4,0.62,0.0,0.0,4.46,2.69,5.88,0,2.14,0.0008,0,19.57,7.24,1.2242,520.3,130.68,chennai,summer,0.8026,1086
8.581260584919313,1708,120.0,38.5,0.63,0.0,0.0,4.42,1.86,5.29,0,2.24,0.0006,0,18.1,7.61,1.2607,535.8,121.29,bengaluru,summer,0.5098,1087
8.51995051520048,1517,120.0,26.2,0.66,0.0,0.0,4.96,3.05,1.94,0,2.1,0.002,0,20.26,6.84,1.1838,503.1,142.99,bengaluru,monsoon,0.4537,1088
20.840790793436348,3822,120.0,19.2,0.61,0.0,0.0,4.59,2.97,1.34,0,2.16,0.001,1,19.65,5.7,1.0704,454.9,156.0,chennai,winter,0.9711,1089
10.543478332923012,1963,120.0,32.3,0.61,0.0,0.0,5.49,3.13,3.17,0,2.15,0.001,0,19.35,7.53,1.2534,532.7,137.36,bengaluru,summer,0.5558,1090
17.711721845610086,3355,120.0,27.3,0.63,0.0,0.0,4.53,3.11,2.24,0,2.18,0.0012,0,19.03,6.63,1.1628,494.2,123.71,bengaluru,monsoon,1.0893,1091
10.680915783345531,1983,120.0,41.9,0.64,0.0,0.0,5.06,2.43,7.08,1,2.15,0.0015,0,19.42,6.15,1.1151,473.9,148.12,delhi,summer,0.5276,1092
16.278700234400304,2995,120.0,17.1,0.61,0.0,0.0,4.81,2.7,1.64,0,2.14,0.0007,0,19.58,7.24,1.2242,520.3,140.25,bengaluru,winter,0.8528,1093
9.430256419321784,1740,120.0,29.0,0.61,0.0,0.0,4.2,2.01,2.29,0,2.14,0.0006,0,19.52,6.92,1.1918,506.5,124.93,chennai,monsoon,0.5893,1094
6.183737422169855,1150,120.0,26.5,0.64,0.0,0.0,3.46,1.62,1.97,0,2.15,0.0009,0,19.37,6.76,1.1755,499.6,143.88,bengaluru,monsoon,0.3175,1095
17.39323111899511,3247,120.0,33.8,0.63,0.0,0.0,4.17,2.53,3.82,0,2.16,0.0009,0,19.3,7.48,1.2478,530.3,125.7,chennai,summer,1.0279,1096
21.041842028729903,3922,120.0,33.3,0.63,0.0,0.0,4.27,2.47,4.77,0,2.16,0.001,0,19.33,5.8,1.0798,458.9,156.0,bengaluru,monsoon,0.9925,1097
17.13186690099485,3184,120.0,20.1,0.61,0.0,0.0,4.84,2.1,1.62,0,2.19,0.0009,1,19.39,5.02,1.0024,426.0,156.0,delhi,monsoon,0.7435,1098
6.150566346260041,1138,120.0,36.4,0.63,0.0,0.0,4.2,2.11,4.81,0,2.16,0.0035,0,19.52,6.72,1.1718,498.0,151.89,bengaluru,summer,0.318,1099
18.81981787735586,3436,120.0,43.9,0.62,0.0,0.0,6.01,3.45,7.71,1,2.12,0.0003,0,19.72,6.14,1.1136,473.3,146.83,delhi,summer,0.9153,1100
2.5812655989011897,526,120.0,13.7,0.59,0.0,0.0,4.8,2.32,2.53,0,2.28,0.0019,0,17.7,6.96,1.1958,508.2,127.88,bengaluru,winter,0.1572,1101
18.4174902398836,3555,120.0,33.7,0.64,0.0,0.0,4.65,2.23,3.86,0,2.3,0.0011,3,18.67,7.2,1.2202,518.6,132.15,bengaluru,summer,1.0852,1102
3.4449738735152113,676,120.0,41.5,0.64,0.0,0.0,4.33,3.19,6.86,1,2.45,0.0074,1,18.47,6.92,1.1925,506.8,109.98,chennai,summer,0.2433,1103
12.879953707572236,2466,120.0,35.8,0.63,0.0,0.0,4.99,2.95,4.12,0,2.2,0.0016,0,18.83,5.86,1.0864,461.7,151.14,bengaluru,summer,0.6129,1104
4.065730470443153,783,120.0,21.2,0.64,0.0,0.0,4.67,2.46,0.72,0,2.25,0.0077,0,18.83,6.04,1.1042,469.3,146.18,bengaluru,winter,0.1999,1105
11.120364593583469,2069,120.0,22.0,0.62,0.0,0.0,4.17,3.06,0.82,0,2.15,0.0005,0,19.36,6.07,1.1071,470.5,154.09,chennai,winter,0.5299,1106
20.57555906500627,3826,120.0,34.6,0.63,0.0,0.0,3.74,2.28,3.77,0,2.18,0.0008,1,19.37,6.57,1.1567,491.6,122.08,bengaluru,summer,1.278,1107
2.4474667150543192,474,120.0,18.0,0.65,0.0,0.0,4.74,3.27,1.28,0,3.03,0.0127,3,18.8,6.69,1.1689,496.8,122.87,bengaluru,winter,0.1437,1108
1.7839947060405543,342,120.0,21.0,0.61,0.0,0.0,4.67,1.68,0.75,0,2.61,0.0117,1,18.99,7.57,1.2567,534.1,138.66,bengaluru,winter,0.0944,1109
8.203008162518401,1524,120.0,5.3,0.61,0.0,0.0,5.92,2.44,3.76,0,2.15,0.0007,0,19.39,5.89,1.0889,462.8,151.16,delhi,winter,0.3893,1110
9.141241454480724,1772,120.0,27.2,0.62,0.0,0.0,4.96,2.95,1.88,0,2.2,0.0006,0,18.58,7.34,1.2339,524.4,103.33,delhi,monsoon,0.6375,1111
11.2778621452394,2122,120.0,32.1,0.63,0.0,0.0,4.31,2.22,3.43,0,2.17,0.0014,0,19.16,7.19,1.2186,517.9,146.54,bengaluru,monsoon,0.5938,1112
7.263322038370343,1383,120.0,24.3,0.62,0.0,0.0,3.6,1.51,0.87,0,2.27,0.0014,1,18.93,6.69,1.1692,496.9,145.2,bengaluru,winter,0.3629,1113
8.751175943653205,1683,120.0,27.1,0.62,0.0,0.0,5.51,3.31,2.17,0,2.19,0.0006,0,18.73,7.38,1.2381,526.2,113.54,delhi,monsoon,0.5654,1114
11.496734737645212,2179,120.0,36.5,0.61,0.0,0.0,4.22,2.0,4.45,0,2.18,0.0009,0,19.01,7.08,1.2075,513.2,133.84,chennai,summer,0.6608,1115
13.490954275699835,2645,120.0,23.7,0.65,0.0,0.0,3.82,2.3,1.3,0,2.22,0.0008,0,18.38,7.28,1.2282,522.0,108.38,delhi,monsoon,0.9601,1116
17.51416104148858,3336,120.0,21.3,0.61,0.0,0.0,4.87,2.91,1.79,0,2.19,0.0012,0,18.92,7.43,1.2426,528.1,120.25,bengaluru,monsoon,1.1275,1117
19.348146496154193,3515,120.0,22.2,0.62,0.0,0.0,4.53,2.38,1.78,0,2.12,0.0006,0,19.83,6.6,1.1605,493.2,125.64,delhi,monsoon,1.1999,1118
13.330625701951055,2573,120.0,21.5,0.62,0.0,0.0,4.91,2.33,1.4,0,2.2,0.0004,0,18.66,7.24,1.2238,520.1,118.05,delhi,monsoon,0.8502,1119
14.63389129868867,2740,120.0,27.0,0.62,0.0,0.0,4.25,2.39,1.37,0,2.25,0.0022,2,19.27,6.1,1.1096,471.6,153.47,chennai,winter,0.7081,1120
16.604046407056018,3023,120.0,20.4,0.62,0.0,0.0,4.55,2.23,0.75,0,2.12,0.0003,0,19.78,5.86,1.0859,461.5,156.0,bengaluru,winter,0.7892,1121
9.66741747859789,1799,120.0,45.1,0.62,0.0,0.0,5.08,2.48,8.15,1,2.15,0.0006,0,19.36,7.3,1.2299,522.7,125.52,delhi,summer,0.5685,1122
13.47509202723069,2531,120.0,28.9,0.63,0.0,0.0,3.64,1.63,3.21,0,2.16,0.0004,0,19.17,7.34,1.2341,524.5,132.89,delhi,monsoon,0.7869,1123
16.813450555252558,3133,120.0,32.3,0.63,0.0,0.0,5.26,3.03,4.36,0,2.15,0.0006,0,19.33,5.7,1.0701,454.8,156.0,chennai,monsoon,0.7877,1124
1.7829324480803619,340,120.0,8.3,0.64,0.0,0.0,3.95,2.24,3.46,0,2.94,0.0118,2,19.08,7.32,1.232,523.6,136.59,delhi,winter,0.0966,1125
5.260463958131773,1002,120.0,2.7,0.65,0.0,0.0,3.14,1.14,4.55,0,2.31,0.002,1,18.94,5.82,1.0821,459.9,156.0,delhi,winter,0.2516,1126
18.600835217510856,3436,120.0,41.9,0.63,0.0,0.0,4.77,2.63,7.25,1,2.14,0.0003,0,19.49,5.07,1.0066,427.8,156.0,delhi,summer,0.8356,1127
12.797435976232013,2419,120.0,47.7,0.61,0.0,0.0,4.56,2.42,8.5,1,2.17,0.0004,0,19.05,5.17,1.0174,432.4,156.0,delhi,summer,0.5655,1128
15.29593367591062,2893,120.0,26.3,0.63,0.0,0.0,4.15,2.22,2.14,0,2.17,0.0003,0,19.04,6.83,1.1833,502.9,117.38,bengaluru,monsoon,0.9631,1129
11.594968515981552,2145,120.0,33.5,0.62,0.0,0.0,3.99,2.33,3.34,0,2.14,0.0005,0,19.47,7.26,1.2261,521.1,143.94,chennai,summer,0.6162,1130
6.943244859175102,1317,120.0,33.2,0.61,0.0,0.0,4.07,1.87,3.24,0,2.18,0.0008,0,18.99,5.34,1.0341,439.5,156.0,bengaluru,summer,0.31,1131
20.783434508824882,3844,120.0,36.8,0.61,0.0,0.0,3.93,2.41,4.66,0,2.14,0.0003,0,19.47,7.0,1.1995,509.8,127.06,bengaluru,summer,1.1933,1132
10.565454168673302,1882,120.0,21.1,0.62,0.0,0.0,5.02,3.41,0.81,0,2.17,0.0037,1,20.28,5.48,1.0475,445.2,156.0,chennai,winter,0.4947,1133
7.054429266919501,1352,120.0,35.1,0.61,0.0,0.0,4.96,2.84,4.35,0,2.19,0.0007,0,18.8,6.82,1.1819,502.3,148.0,chennai,summer,0.3534,1134
19.727228909540024,3772,120.0,27.7,0.61,0.0,0.0,4.36,2.84,2.56,0,2.18,0.0003,0,18.83,7.64,1.264,537.2,126.84,chennai,monsoon,1.1576,1135
9.630626743652659,1827,120.0,16.5,0.63,0.0,0.0,4.21,2.49,1.74,0,2.18,0.0016,0,19.01,6.74,1.1736,498.8,126.17,bengaluru,winter,0.5467,1136
16.38732628328894,3052,120.0,28.6,0.62,0.0,0.0,4.09,2.56,2.11,0,2.15,0.001,0,19.35,6.95,1.1951,507.9,125.21,bengaluru,monsoon,1.0296,1137
16.141374755945776,2939,120.0,22.4,0.63,0.0,0.0,4.99,2.29,1.44,0,2.12,0.001,0,19.79,6.89,1.1894,505.5,109.05,delhi,monsoon,1.1121,1138
4.747094438855737,909,120.0,41.8,0.64,0.0,0.0,5.37,2.74,7.15,1,2.2,0.0022,0,18.84,6.16,1.1165,474.5,150.83,delhi,summer,0.2311,1139
3.153544138676525,617,120.0,37.5,0.6,0.0,0.0,4.69,3.17,4.84,0,2.24,0.0032,0,18.46,5.43,1.0433,443.4,156.0,bengaluru,summer,0.1416,1140
10.602480270262014,1981,120.0,33.7,0.64,0.0,0.0,5.01,2.92,3.53,0,2.17,0.002,0,19.3,7.26,1.2264,521.2,110.04,bengaluru,summer,0.6935,1141
11.51729665466065,2171,120.0,21.3,0.62,0.0,0.0,3.68,2.08,1.01,0,2.22,0.0009,1,19.12,5.52,1.0525,447.3,156.0,bengaluru,winter,0.5275,1142
5.813747329675286,1106,120.0,27.7,0.62,0.0,0.0,5.33,3.1,2.15,0,2.19,0.0018,0,18.96,6.94,1.1936,507.3,114.31,bengaluru,monsoon,0.3687,1143
19.91428907058077,3725,120.0,37.0,0.63,0.0,0.0,4.66,2.61,4.91,0,2.19,0.0008,1,19.26,7.46,1.2459,529.5,132.02,bengaluru,summer,1.1874,1144
17.603746291489344,3271,120.0,26.0,0.64,0.0,0.0,4.82,2.27,1.88,0,2.23,0.0021,2,19.41,6.8,1.1805,501.7,104.28,bengaluru,monsoon,1.2211,1145
17.28521742513543,3249,120.0,35.4,0.62,0.0,0.0,5.3,3.01,4.58,0,2.24,0.0009,2,19.17,6.68,1.1682,496.5,150.22,chennai,summer,0.8688,1146
9.922361655263161,1920,120.0,28.8,0.64,0.0,0.0,4.21,2.22,2.09,0,2.21,0.001,0,18.62,6.57,1.1574,491.9,112.31,delhi,monsoon,0.6802,1147
19.71769899000837,3676,120.0,32.5,0.64,0.0,0.0,4.69,2.64,2.6,0,2.16,0.0011,0,19.33,7.04,1.2035,511.5,113.61,bengaluru,summer,1.2574,1148
11.693999069908001,2251,120.0,36.0,0.6,0.0,0.0,4.84,2.82,4.68,0,2.2,0.0013,0,18.73,7.02,1.2016,510.7,127.15,bengaluru,summer,0.6603,1149
14.398874870320778,2806,120.0,35.1,0.62,0.0,0.0,3.76,2.36,4.12,0,2.25,0.0007,1,18.49,6.8,1.1802,501.6,117.75,chennai,summer,0.8868,1150
9.384786131834183,1725,120.0,32.1,0.64,0.0,0.0,4.98,2.98,3.99,0,2.2,0.0012,1,19.61,6.85,1.1849,503.6,148.02,delhi,monsoon,0.4824,1151
10.2372133174392,1964,120.0,35.6,0.63,0.0,0.0,3.71,2.44,5.61,0,2.26,0.0015,1,18.79,7.4,1.2402,527.1,135.23,chennai,monsoon,0.5497,1152
17.651962476518516,3281,120.0,27.9,0.63,0.0,0.0,3.88,1.98,1.96,0,2.15,0.0006,0,19.38,6.55,1.1553,491.0,137.81,chennai,monsoon,0.9895,1153
4.356964880646306,804,120.0,15.6,0.62,0.0,0.0,4.35,2.98,1.55,0,2.16,0.0037,0,19.58,5.13,1.0134,430.7,156.0,bengaluru,winter,0.1955,1154
4.7237515781686,857,120.0,22.7,0.61,0.0,0.0,5.57,2.54,1.61,0,2.13,0.0023,0,19.89,6.59,1.1586,492.4,152.72,delhi,monsoon,0.2373,1155
14.893027032601717,2753,120.0,14.3,0.64,0.0,0.0,4.78,2.62,2.32,0,2.14,0.0004,0,19.48,7.47,1.2466,529.8,135.21,bengaluru,winter,0.8042,1156
7.008489434330002,1356,120.0,24.8,0.6,0.0,0.0,5.04,2.57,1.75,0,2.21,0.0015,0,18.63,5.17,1.0167,432.1,156.0,delhi,monsoon,0.3073,1157
13.61988242574301,2505,120.0,41.2,0.63,0.0,0.0,4.69,2.5,6.59,1,2.13,0.0004,0,19.58,7.68,1.2678,538.8,127.28,delhi,summer,0.8304,1158
5.0295210652545155,973,120.0,34.4,0.61,0.0,0.0,4.39,2.19,3.6,0,2.22,0.0031,0,18.66,6.57,1.1574,491.9,155.52,bengaluru,summer,0.2507,1159
8.695553878035481,1557,120.0,28.3,0.64,0.0,0.0,4.56,2.88,1.93,0,2.1,0.0006,0,20.12,7.38,1.2379,526.1,137.73,bengaluru,monsoon,0.4686,1160
10.537074726356863,1905,120.0,20.1,0.64,0.0,0.0,5.1,3.61,0.71,0,2.12,0.0016,0,19.94,6.61,1.1612,493.5,118.07,bengaluru,winter,0.665,1161
5.0709613099347814,1014,120.0,40.4,0.63,0.0,0.0,3.74,1.97,5.87,1,2.51,0.0049,2,18.09,7.35,1.2353,525.0,129.16,delhi,summer,0.2945,1162
20.67481166378736,3796,120.0,18.8,0.61,0.0,0.0,4.02,2.22,1.22,0,2.13,0.0003,0,19.61,5.94,1.0939,464.9,151.07,bengaluru,winter,0.9851,1163
5.799734822955739,1075,120.0,26.5,0.61,0.0,0.0,4.86,3.45,1.13,0,2.16,0.0028,0,19.47,7.08,1.2075,513.2,119.76,bengaluru,monsoon,0.3662,1164
4.301635339489484,790,120.0,23.2,0.63,0.0,0.0,5.34,3.02,1.42,0,2.16,0.0038,0,19.67,7.43,1.2428,528.2,116.62,delhi,monsoon,0.2802,1165
13.28250361473502,2591,120.0,35.3,0.64,0.0,0.0,4.78,2.56,4.15,0,2.21,0.0004,0,18.46,7.57,1.2574,534.4,114.14,bengaluru,summer,0.8771,1166
8.436801782772894,1625,120.0,34.3,0.62,0.0,0.0,4.86,3.56,3.25,0,2.21,0.0018,0,18.72,7.22,1.2216,519.2,140.71,bengaluru,summer,0.4417,1167
10.28640387605453,1946,120.0,44.2,0.61,0.0,0.0,4.53,2.72,7.49,1,2.18,0.0021,0,19.07,7.4,1.24,527.0,130.39,delhi,summer,0.6012,1168
16.97275294237013,3113,120.0,29.5,0.62,0.0,0.0,3.51,2.24,3.01,0,2.14,0.0013,0,19.65,7.44,1.244,528.7,140.56,chennai,monsoon,0.9111,1169
16.43459054775121,3021,120.0,6.3,0.64,0.0,0.0,5.09,2.98,3.53,0,2.17,0.0007,1,19.6,5.96,1.0955,465.6,156.0,delhi,winter,0.7942,1170
9.971813288139943,1863,120.0,20.0,0.62,0.0,0.0,3.99,2.41,1.02,0,2.29,0.0021,2,19.31,5.36,1.036,440.3,156.0,bengaluru,winter,0.4539,1171
11.232417360291667,2119,120.0,10.5,0.61,0.0,0.0,4.89,2.31,2.6,0,2.17,0.0014,0,19.11,7.52,1.2525,532.3,121.26,delhi,winter,0.7282,1172
6.108759200046953,1167,120.0,40.3,0.64,0.0,0.0,5.32,2.95,5.87,1,2.19,0.0017,0,18.88,7.46,1.2461,529.6,135.19,chennai,summer,0.334,1173
8.141013696010525,1615,120.0,30.4,0.62,0.0,0.0,4.37,2.83,3.01,0,2.32,0.0019,1,18.18,7.31,1.2313,523.3,133.99,delhi,monsoon,0.4767,1174
13.987275621203986,2598,120.0,28.4,0.65,0.0,0.0,4.33,2.93,2.18,0,2.15,0.0008,0,19.4,6.55,1.1548,490.8,148.25,bengaluru,monsoon,0.712,1175
15.018916376419542,2869,120.0,14.4,0.62,0.0,0.0,4.07,2.73,1.79,0,2.31,0.0017,3,18.88,7.12,1.212,515.1,124.85,bengaluru,winter,0.8593,1176
11.787284161682056,2331,120.0,27.5,0.63,0.0,0.0,3.6,2.63,2.11,0,2.24,0.0017,0,18.23,7.23,1.2231,519.8,112.93,bengaluru,monsoon,0.7501,1177
2.9180026850302085,564,120.0,24.7,0.64,0.0,0.0,4.14,1.37,1.28,0,2.25,0.0071,0,18.75,6.66,1.1661,495.6,112.79,bengaluru,monsoon,0.1862,1178
19.618877212969487,3610,120.0,28.3,0.62,0.0,0.0,6.25,2.96,2.49,0,2.17,0.0011,1,19.58,7.4,1.2395,526.8,130.6,delhi,monsoon,1.1555,1179
12.78954622146419,2351,120.0,18.5,0.63,0.0,0.0,2.31,1.49,1.54,0,2.19,0.0021,1,19.62,6.95,1.1946,507.7,151.81,chennai,winter,0.661,1180
3.2506299123668376,648,120.0,21.6,0.65,0.0,0.0,3.48,2.46,1.05,0,2.25,0.0015,0,18.09,7.06,1.2059,512.5,108.5,chennai,winter,0.226,1181
14.335259267817987,2633,120.0,28.5,0.63,0.0,0.0,3.72,2.09,2.71,0,2.13,0.0008,0,19.61,7.68,1.2685,539.1,123.41,chennai,monsoon,0.8708,1182
6.775100306576091,1343,120.0,25.8,0.62,0.0,0.0,4.69,2.95,1.25,0,2.24,0.0015,0,18.19,6.96,1.1965,508.5,118.8,chennai,winter,0.4239,1183
3.4543624449798433,688,120.0,33.8,0.64,0.0,0.0,3.15,1.45,3.79,0,2.26,0.0029,0,18.13,6.67,1.1673,496.1,108.26,bengaluru,summer,0.2359,1184
11.828549006537614,2173,120.0,28.2,0.61,0.0,0.0,4.61,2.37,2.03,0,2.19,0.0014,1,19.62,5.25,1.0249,435.6,156.0,bengaluru,monsoon,0.5349,1185
13.614954548702961,2640,120.0,36.0,0.6,0.0,0.0,3.88,2.5,4.44,0,2.21,0.0015,0,18.59,6.8,1.1802,501.6,122.43,bengaluru,summer,0.8352,1186
16.609016379330924,2975,120.0,47.1,0.62,0.0,0.0,4.73,2.23,8.5,1,2.14,0.0013,1,20.12,7.55,1.2548,533.3,109.33,delhi,summer,1.1871,1187
16.422600583284474,3103,120.0,13.6,0.63,0.0,0.0,5.54,3.04,1.97,0,2.17,0.0006,0,19.06,6.13,1.1127,472.9,156.0,bengaluru,winter,0.7941,1188
10.228919846470111,1988,120.0,25.4,0.64,0.0,0.0,3.49,1.76,1.34,0,2.22,0.002,0,18.56,5.33,1.0334,439.2,156.0,bengaluru,monsoon,0.4706,1189
15.914878739327603,3011,120.0,27.3,0.63,0.0,0.0,4.79,2.58,1.23,0,2.22,0.0013,1,19.05,7.46,1.2456,529.4,123.58,bengaluru,winter,0.9482,1190
18.700003307942964,3520,120.0,8.0,0.65,0.0,0.0,4.19,2.19,3.15,0,2.17,0.0006,0,19.14,7.16,1.2162,516.9,118.92,delhi,winter,1.2112,1191
18.86518998501628,3548,120.0,4.3,0.61,0.0,0.0,5.51,2.97,3.99,0,2.17,0.0008,0,19.16,7.26,1.2256,520.9,112.43,delhi,winter,1.1992,1192
13.428741561344625,2468,120.0,39.9,0.61,0.0,0.0,3.64,2.16,6.43,0,2.13,0.0008,0,19.6,5.04,1.0038,426.6,156.0,bengaluru,summer,0.5916,1193
20.559547260484266,3795,120.0,36.2,0.64,0.0,0.0,4.24,2.38,4.91,0,2.14,0.0005,0,19.51,6.1,1.1101,471.8,156.0,bengaluru,summer,1.003,1194
18.170218983369242,3386,120.0,36.3,0.64,0.0,0.0,5.37,3.36,4.2,0,2.15,0.0003,0,19.32,5.08,1.0085,428.6,156.0,bengaluru,summer,0.8202,1195
16.450969979228997,3102,120.0,21.7,0.63,0.0,0.0,4.97,2.67,1.33,0,2.17,0.001,0,19.11,7.34,1.2336,524.3,128.29,delhi,monsoon,0.9693,1196
6.836618400809622,1241,120.0,35.5,0.63,0.0,0.0,4.83,2.05,4.57,0,2.12,0.0016,0,19.86,7.11,1.2106,514.5,117.84,bengaluru,summer,0.4385,1197
12.606872212475817,2283,120.0,37.6,0.62,0.0,0.0,4.44,3.17,4.98,0,2.11,0.0009,0,19.9,6.15,1.1146,473.7,156.0,chennai,summer,0.6138,1198
10.93895745584824,2071,120.0,24.3,0.62,0.0,0.0,4.05,1.83,1.37,0,2.18,0.001,0,19.03,7.08,1.2085,513.6,144.15,bengaluru,monsoon,0.5646,1199
19.1476599832235,3584,120.0,18.1,0.62,0.0,0.0,5.53,2.82,1.45,0,2.19,0.0011,1,19.25,5.49,1.0494,446.0,156.0,bengaluru,winter,0.8732,1200
15.24860943702858,2852,120.0,19.0,0.62,0.0,0.0,4.35,2.1,1.05,0,2.2,0.0011,1,19.27,7.37,1.2367,525.6,120.96,bengaluru,winter,0.9827,1201
14.304100090483452,2717,120.0,29.6,0.62,0.0,0.0,3.09,2.38,3.24,0,2.18,0.0011,0,18.97,7.27,1.2271,521.5,131.09,chennai,monsoon,0.8337,1202
19.86096577260183,3661,120.0,23.6,0.62,0.0,0.0,4.91,2.67,0.87,0,2.17,0.0014,1,19.55,6.68,1.1675,496.2,137.54,bengaluru,winter,1.12,1203
15.878959862599833,2942,120.0,4.7,0.63,0.0,0.0,4.17,2.52,3.98,0,2.18,0.0007,1,19.44,6.86,1.1859,504.0,120.28,delhi,winter,0.9997,1204
17.92226450107604,3499,120.0,24.9,0.61,0.0,0.0,4.45,3.07,1.18,0,2.25,0.0014,1,18.47,7.65,1.2652,537.7,106.46,bengaluru,winter,1.2631,1205
12.856171336541633,2351,120.0,21.9,0.63,0.0,0.0,4.1,2.41,1.63,0,2.13,0.0017,0,19.72,6.93,1.1932,507.1,118.95,bengaluru,monsoon,0.8137,1206
10.960882721910588,2006,120.0,18.5,0.63,0.0,0.0,3.93,1.82,0.99,0,2.2,0.003,1,19.73,6.55,1.1546,490.7,148.13,bengaluru,winter,0.5577,1207
9.256857993120654,1682,120.0,21.3,0.63,0.0,0.0,5.46,3.35,1.15,0,2.12,0.0006,0,19.82,6.7,1.1701,497.3,146.39,bengaluru,winter,0.4722,1208
7.4319881701441375,1386,120.0,37.5,0.6,0.0,0.0,4.68,2.69,5.4,0,2.16,0.0022,0,19.34,7.48,1.2485,530.6,142.64,bengaluru,summer,0.3952,1209
15.114999111571677,2729,120.0,40.9,0.64,0.0,0.0,4.84,2.71,6.4,1,2.11,0.0007,0,19.95,7.46,1.2464,529.7,110.54,bengaluru,summer,0.9999,1210
13.219944891823065,2445,120.0,5.2,0.62,0.0,0.0,4.71,2.65,4.31,0,2.15,0.002,0,19.5,6.65,1.1654,495.3,128.22,delhi,winter,0.7434,1211
14.812247018904579,2786,120.0,33.4,0.61,0.0,0.0,4.58,1.82,3.28,0,2.17,0.0007,0,19.15,5.69,1.0687,454.2,156.0,chennai,summer,0.6863,1212
7.068723758757792,1347,120.0,21.3,0.61,0.0,0.0,3.69,1.84,0.5,0,2.27,0.0015,1,18.92,5.3,1.0301,437.8,156.0,bengaluru,winter,0.3166,1213
11.942473305195385,2338,120.0,41.6,0.63,0.0,0.0,4.89,2.43,6.56,1,2.27,0.0009,1,18.4,5.22,1.0224,434.5,156.0,delhi,summer,0.5366,1214
1.9129165449039687,379,120.0,24.6,0.59,0.0,0.0,4.24,1.57,0.28,0,2.25,0.0026,0,18.22,5.33,1.0334,439.2,156.0,chennai,winter,0.0843,1215
9.443753568536486,1901,120.0,32.5,0.62,0.0,0.0,4.11,2.65,2.55,0,2.34,0.0037,1,17.95,5.12,1.012,430.1,156.0,bengaluru,summer,0.4148,1216
2.154082448388651,444,120.0,39.6,0.6,0.0,0.0,3.19,1.86,5.58,0,2.35,0.009,0,17.61,7.54,1.2541,533.0,105.23,bengaluru,summer,0.1505,1217
5.945034319227564,1173,120.0,39.4,0.61,0.0,0.0,5.82,3.36,6.12,0,2.24,0.0017,0,18.27,7.08,1.2085,513.6,113.73,bengaluru,summer,0.4073,1218
19.057057562219807,3606,120.0,32.1,0.62,0.0,0.0,5.02,2.78,3.06,0,2.24,0.0017,2,19.06,5.92,1.0922,464.2,152.37,bengaluru,monsoon,0.8975,1219
6.8676072639130545,1222,120.0,36.0,0.65,0.0,0.0,4.28,2.77,4.68,0,2.1,0.0016,0,20.27,5.76,1.0755,457.1,156.0,bengaluru,summer,0.3315,1220
17.117870090648076,3263,120.0,24.7,0.63,0.0,0.0,5.24,2.86,1.45,0,2.22,0.0009,1,18.9,5.12,1.012,430.1,156.0,delhi,monsoon,0.7617,1221
16.446832111936796,3151,120.0,25.1,0.62,0.0,0.0,4.11,1.88,0.78,0,2.19,0.0003,0,18.8,6.82,1.1824,502.5,149.22,bengaluru,winter,0.8338,1222
5.55220427417829,1025,120.0,24.6,0.65,0.0,0.0,4.44,2.88,1.98,0,2.14,0.001,0,19.52,7.51,1.2511,531.7,112.36,bengaluru,monsoon,0.3717,1223
11.60320558354151,2216,120.0,35.5,0.61,0.0,0.0,5.28,2.67,3.8,0,2.24,0.0014,1,18.87,6.82,1.1821,502.4,144.2,bengaluru,summer,0.5888,1224
12.723120049822878,2404,120.0,18.7,0.62,0.0,0.0,4.07,2.44,1.0,0,2.23,0.0017,1,19.08,6.56,1.1555,491.1,122.63,bengaluru,winter,0.7806,1225
3.1853307024585336,598,120.0,7.8,0.62,0.0,0.0,4.65,1.88,3.21,0,2.68,0.0201,2,19.54,5.49,1.0487,445.7,156.0,delhi,winter,0.148,1226
7.312907370868312,1333,120.0,40.4,0.61,0.0,0.0,5.42,2.32,6.08,1,2.21,0.0015,1,19.78,7.51,1.2511,531.7,106.51,delhi,summer,0.5164,1227
12.041836651477558,2276,120.0,20.3,0.62,0.0,0.0,4.19,2.57,1.02,0,2.17,0.0004,0,19.06,7.6,1.2595,535.3,108.8,bengaluru,winter,0.8529,1228
6.854800982052111,1262,120.0,38.7,0.63,0.0,0.0,4.63,2.63,5.18,0,2.14,0.0016,0,19.58,5.28,1.0282,437.0,156.0,delhi,summer,0.3197,1229
1.6190698276651705,316,120.0,33.7,0.64,0.0,0.0,4.03,1.85,3.09,0,2.67,0.0127,1,18.67,5.67,1.0671,453.5,151.12,bengaluru,summer,0.078,1230
17.677428014059295,3277,120.0,34.4,0.63,0.0,0.0,3.85,2.09,3.48,0,2.14,0.0003,0,19.43,6.09,1.1094,471.5,156.0,bengaluru,summer,0.8568,1231
11.283942766691327,2146,120.0,33.4,0.64,0.0,0.0,4.73,2.84,3.4,0,2.18,0.0009,0,18.95,7.03,1.2026,511.1,122.34,bengaluru,summer,0.72,1232
18.575832550236132,3469,120.0,40.4,0.62,0.0,0.0,4.46,2.26,6.49,1,2.16,0.0012,0,19.3,5.75,1.0751,456.9,153.94,chennai,summer,0.869,1233
5.478972020418572,1012,120.0,24.9,0.63,0.0,0.0,3.64,1.28,1.16,0,2.17,0.004,0,19.56,7.0,1.2002,510.1,111.56,bengaluru,monsoon,0.3796,1234
12.502376127603545,2446,120.0,14.7,0.61,0.0,0.0,4.93,2.88,1.73,0,2.43,0.0029,4,18.45,6.91,1.1911,506.2,152.86,bengaluru,winter,0.629,1235
4.836060880949106,889,120.0,35.5,0.62,0.0,0.0,3.34,0.83,5.18,0,2.3,0.0056,1,19.69,7.64,1.2642,537.3,141.51,chennai,monsoon,0.2635,1236
2.065164500630839,372,120.0,29.3,0.63,0.0,0.0,3.85,1.94,3.05,0,2.12,0.0027,0,20.04,5.49,1.0487,445.7,156.0,bengaluru,monsoon,0.097,1237
10.89560487818638,2029,120.0,24.6,0.6,0.0,0.0,4.51,2.75,0.27,0,2.15,0.0005,0,19.34,7.34,1.2344,524.6,149.21,chennai,winter,0.571,1238
18.262707014652754,3319,120.0,38.3,0.63,0.0,0.0,3.75,2.68,5.69,0,2.12,0.0012,0,19.83,7.65,1.2654,537.8,99.42,chennai,summer,1.3245,1239
2.2777043016592198,420,120.0,31.6,0.63,0.0,0.0,3.19,0.88,4.09,0,2.17,0.0048,0,19.61,5.21,1.0212,434.0,156.0,bengaluru,monsoon,0.1047,1240
12.306770335051693,2334,120.0,36.1,0.63,0.0,0.0,5.38,3.25,4.79,0,2.18,0.0009,0,19.0,6.71,1.1713,497.8,115.81,bengaluru,summer,0.7656,1241
19.84949083119742,3709,120.0,31.1,0.64,0.0,0.0,4.74,2.62,2.31,0,2.19,0.0013,1,19.29,6.72,1.1718,498.0,118.84,bengaluru,summer,1.2472,1242
6.824470958546046,1263,120.0,5.4,0.63,0.0,0.0,5.31,2.34,3.73,0,2.27,0.0055,1,19.56,7.21,1.2207,518.8,112.19,delhi,winter,0.478,1243
11.435571372192259,2129,120.0,24.4,0.62,0.0,0.0,3.66,2.36,0.06,0,2.15,0.0009,0,19.35,6.57,1.1572,491.8,139.53,bengaluru,winter,0.6403,1244
16.4508055678029,3131,120.0,21.3,0.61,0.0,0.0,4.9,2.98,0.78,0,2.23,0.0026,1,18.96,7.1,1.2096,514.1,122.1,chennai,winter,1.0355,1245
2.52772435216355,480,120.0,9.8,0.64,0.0,0.0,4.05,1.19,3.09,0,2.5,0.0125,1,19.19,7.03,1.2033,511.4,143.94,delhi,winter,0.1368,1246
18.412914174165593,3428,120.0,41.2,0.62,0.0,0.0,5.07,2.55,6.56,1,2.15,0.0006,0,19.35,7.02,1.2016,510.7,107.17,delhi,summer,1.2672,1247
3.005402533173271,563,120.0,36.7,0.63,0.0,0.0,4.59,2.33,4.16,0,2.38,0.0036,1,19.28,6.91,1.1906,506.0,128.98,bengaluru,summer,0.1756,1248
19.49566151866605,3551,120.0,43.9,0.61,0.0,0.0,4.66,2.31,8.02,1,2.12,0.0008,0,19.78,7.67,1.2673,538.6,101.05,delhi,summer,1.3879,1249
19.91165709116501,3752,120.0,31.1,0.63,0.0,0.0,4.24,2.46,1.96,0,2.23,0.0016,2,19.13,6.66,1.1659,495.5,151.43,bengaluru,summer,1.0101,1250
13.196813720836728,2520,120.0,8.3,0.62,0.0,0.0,3.8,2.27,3.08,0,2.28,0.0016,2,18.88,6.57,1.1572,491.8,122.04,delhi,winter,0.8152,1251
20.085180421608065,3707,120.0,30.8,0.61,0.0,0.0,4.9,2.69,3.37,0,2.17,0.0011,1,19.52,6.95,1.1946,507.7,135.26,chennai,monsoon,1.1448,1252
12.6421914762886,2434,120.0,33.6,0.62,0.0,0.0,3.97,2.53,3.49,0,2.31,0.0029,2,18.75,6.66,1.1659,495.5,124.71,bengaluru,summer,0.7756,1253
18.42469350726197,3394,120.0,27.8,0.62,0.0,0.0,5.57,2.82,2.47,0,2.14,0.0006,0,19.55,6.86,1.1864,504.2,131.21,bengaluru,monsoon,1.0416,1254
2.9780299085193698,546,120.0,34.1,0.6,0.0,0.0,3.62,2.01,4.05,0,2.14,0.0018,0,19.67,6.73,1.1727,498.4,129.05,chennai,monsoon,0.1728,1255
19.481665889908715,3653,120.0,30.0,0.62,0.0,0.0,3.94,2.77,2.13,0,2.16,0.0008,0,19.21,6.8,1.1795,501.3,135.38,bengaluru,summer,1.0988,1256
20.501050464653648,3833,120.0,15.8,0.61,0.0,0.0,5.17,2.63,1.76,0,2.16,0.0008,0,19.27,7.15,1.2151,516.4,108.46,delhi,winter,1.4245,1257
4.41423115694594,837,120.0,23.5,0.63,0.0,0.0,4.17,2.04,0.84,0,2.32,0.0024,1,19.03,7.35,1.2346,524.7,144.69,chennai,winter,0.2378,1258
7.752995134124992,1374,120.0,22.7,0.62,0.0,0.0,3.97,2.19,1.22,0,2.09,0.0015,0,20.34,6.76,1.1755,499.6,109.69,delhi,monsoon,0.5312,1259
16.939955730260365,3145,120.0,36.2,0.63,0.0,0.0,4.68,2.77,4.06,0,2.15,0.0006,0,19.4,6.89,1.1887,505.2,148.29,bengaluru,summer,0.8685,1260
11.8540923433021,2236,120.0,31.0,0.63,0.0,0.0,4.26,2.53,2.86,0,2.22,0.0013,1,19.11,7.24,1.2245,520.4,132.21,bengaluru,summer,0.6968,1261
1.7256777444078721,326,120.0,28.8,0.6,0.0,0.0,5.55,2.9,2.94,0,2.19,0.0031,0,19.12,6.65,1.1647,495.0,145.34,bengaluru,monsoon,0.0886,1262
11.235103340833103,2079,120.0,45.8,0.62,0.0,0.0,5.39,2.67,8.5,1,2.26,0.0014,2,19.48,7.67,1.2666,538.3,135.51,delhi,summer,0.6031,1263
5.1969195204906855,971,120.0,22.2,0.63,0.0,0.0,3.99,1.73,0.36,0,2.18,0.0041,0,19.34,6.64,1.1645,494.9,122.54,chennai,winter,0.3227,1264
19.699151335070425,3678,120.0,43.3,0.63,0.0,0.0,5.55,2.39,7.69,1,2.19,0.0008,1,19.3,7.41,1.2409,527.4,116.24,delhi,summer,1.2878,1265
2.8996919530879848,595,120.0,22.5,0.61,0.0,0.0,3.66,1.38,0.86,0,2.52,0.005,1,17.63,6.94,1.1944,507.6,145.1,bengaluru,winter,0.1462,1266
21.73051355401624,3971,120.0,38.4,0.64,0.0,0.0,4.94,2.25,4.9,0,2.16,0.001,1,19.72,7.06,1.2061,512.6,138.94,bengaluru,summer,1.143,1267
18.88895971193163,3477,120.0,30.4,0.62,0.0,0.0,4.34,2.54,1.92,0,2.14,0.0006,0,19.57,6.61,1.1609,493.4,123.43,bengaluru,summer,1.175,1268
15.28109478388121,2885,120.0,38.5,0.63,0.0,0.0,5.38,3.27,5.2,0,2.18,0.0014,0,19.09,6.56,1.1558,491.2,148.39,delhi,summer,0.7651,1269
13.867436070804112,2594,120.0,16.4,0.63,0.0,0.0,5.01,2.31,1.43,0,2.16,0.0008,0,19.26,7.04,1.204,511.7,106.1,bengaluru,winter,0.9639,1270
17.42469193024737,3298,120.0,19.0,0.62,0.0,0.0,4.1,2.24,1.37,0,2.18,0.0009,0,19.04,7.43,1.2433,528.4,103.56,bengaluru,winter,1.2275,1271
19.767553744986326,3760,120.0,33.7,0.61,0.0,0.0,5.03,2.23,3.4,0,2.22,0.0019,1,18.96,7.29,1.2294,522.5,103.68,bengaluru,summer,1.3711,1272
9.506301154994432,1882,120.0,32.8,0.62,0.0,0.0,4.79,3.37,3.29,0,2.3,0.0011,1,18.2,5.83,1.0828,460.2,156.0,bengaluru,summer,0.4424,1273
8.177665779045032,1495,120.0,30.1,0.65,0.0,0.0,3.65,2.2,2.65,0,2.14,0.0027,0,19.74,7.28,1.2278,521.8,129.21,bengaluru,monsoon,0.4879,1274
16.19847707068639,2962,120.0,23.6,0.62,0.0,0.0,4.51,2.59,1.79,0,2.13,0.0014,0,19.71,7.48,1.248,530.4,118.11,delhi,monsoon,1.0568,1275
11.423473807892336,2092,120.0,32.5,0.62,0.0,0.0,3.85,2.8,4.14,0,2.13,0.0014,0,19.68,7.66,1.2659,538.0,109.67,chennai,monsoon,0.7534,1276
3.930306996914276,735,120.0,36.7,0.61,0.0,0.0,3.58,1.78,4.4,0,2.34,0.0041,1,19.32,6.71,1.1708,497.6,151.68,bengaluru,summer,0.196,1277
11.404051753685097,2077,120.0,37.3,0.64,0.0,0.0,5.13,2.72,4.56,0,2.12,0.0005,0,19.78,6.68,1.1675,496.2,107.52,bengaluru,summer,0.7867,1278
12.170146661049596,2288,120.0,26.3,0.64,0.0,0.0,4.76,2.71,1.54,0,2.18,0.0022,0,19.19,5.11,1.0113,429.8,156.0,bengaluru,monsoon,0.5515,1279
7.581497459350867,1418,120.0,36.3,0.6,0.0,0.0,5.37,2.9,4.14,0,2.16,0.0014,0,19.27,6.95,1.1946,507.7,141.6,bengaluru,summer,0.4216,1280
14.693239462942772,2733,120.0,25.5,0.62,0.0,0.0,4.57,2.65,1.68,0,2.15,0.0011,0,19.38,6.67,1.1668,495.9,126.8,bengaluru,monsoon,0.907,1281
7.084685522134553,1315,120.0,13.2,0.63,0.0,0.0,4.76,2.68,2.53,0,2.15,0.0015,0,19.42,7.55,1.2546,533.2,116.23,delhi,winter,0.4668,1282
15.04072278603538,2917,120.0,39.9,0.62,0.0,0.0,5.3,2.86,5.71,0,2.25,0.001,1,18.58,6.65,1.1649,495.1,122.88,bengaluru,summer,0.9161,1283
13.691035731518543,2489,120.0,26.5,0.62,0.0,0.0,4.42,2.48,1.95,0,2.18,0.0024,1,19.85,7.02,1.2024,511.0,110.86,delhi,monsoon,0.946,1284
5.722416367818244,1078,120.0,30.5,0.63,0.0,0.0,4.1,2.62,3.51,0,2.17,0.0009,0,19.13,5.78,1.0784,458.3,155.51,chennai,monsoon,0.2693,1285
17.207133000514798,3196,120.0,36.9,0.63,0.0,0.0,4.5,2.73,4.32,0,2.3,0.0028,4,19.43,5.55,1.0551,448.4,156.0,bengaluru,summer,0.8006,1286
7.657667797650796,1435,120.0,19.6,0.61,0.0,0.0,4.52,2.74,0.84,0,2.17,0.0021,0,19.25,6.64,1.1638,494.6,135.55,bengaluru,winter,0.4273,1287
19.24712435988698,3642,120.0,12.0,0.61,0.0,0.0,4.87,2.08,2.35,0,2.31,0.0016,4,19.05,7.18,1.2181,517.7,109.33,delhi,winter,1.3311,1288
5.893077434248742,1102,120.0,10.8,0.6,0.0,0.0,4.41,2.88,2.54,0,2.16,0.0009,0,19.27,6.6,1.16,493.0,139.32,delhi,winter,0.325,1289
1.7359671556082608,344,120.0,49.2,0.63,0.0,0.0,3.99,1.73,8.75,1,2.25,0.0029,0,18.22,5.42,1.0421,442.9,155.01,delhi,summer,0.08,1290
7.295934879187604,1341,120.0,5.3,0.63,0.0,0.0,4.1,1.51,3.76,0,2.14,0.0015,0,19.61,6.67,1.1671,496.0,124.35,delhi,winter,0.4491,1291
4.158017662974554,757,120.0,31.9,0.62,0.0,0.0,4.14,2.16,3.47,0,2.15,0.0053,0,19.88,6.57,1.1572,491.8,145.76,chennai,monsoon,0.2097,1292
3.830923939621633,782,120.0,17.0,0.62,0.0,0.0,4.85,2.35,1.8,0,2.28,0.0013,0,17.66,5.52,1.0525,447.3,156.0,bengaluru,winter,0.1751,1293
7.419083760041447,1348,120.0,40.2,0.61,0.0,0.0,3.42,1.75,6.02,1,2.21,0.0022,1,19.86,5.96,1.0955,465.6,156.0,chennai,summer,0.356,1294
13.42211649896045,2454,120.0,22.6,0.62,0.0,0.0,4.46,2.83,1.0,0,2.12,0.0004,0,19.7,7.54,1.2539,532.9,112.75,chennai,winter,0.876,1295
20.292510658024522,3807,120.0,7.6,0.62,0.0,0.0,4.28,2.41,3.47,0,2.19,0.0005,1,19.2,5.9,1.0896,463.1,156.0,delhi,winter,0.9628,1296
12.702959908530818,2422,120.0,30.7,0.63,0.0,0.0,5.23,3.31,3.62,0,2.18,0.0004,0,18.89,7.35,1.2348,524.8,107.13,bengaluru,monsoon,0.8917,1297
3.592750941636177,668,120.0,12.4,0.61,0.0,0.0,4.7,3.34,2.2,0,2.16,0.0015,0,19.39,6.96,1.1965,508.5,103.34,delhi,winter,0.2513,1298
14.925326557439737,2731,120.0,32.2,0.6,0.0,0.0,4.09,2.55,2.6,0,2.14,0.0026,0,19.72,6.09,1.1094,471.5,149.42,bengaluru,summer,0.7125,1299
4.634511260567449,925,120.0,22.3,0.62,0.0,0.0,3.78,2.16,0.43,0,2.38,0.0022,1,18.07,6.79,1.1786,500.9,114.41,bengaluru,winter,0.2914,1300
3.065924709020007,551,120.0,27.8,0.62,0.0,0.0,5.25,2.94,2.0,0,2.56,0.0091,2,20.2,5.42,1.0416,442.7,150.99,bengaluru,monsoon,0.1448,1301
11.208089267466113,2139,120.0,24.6,0.6,0.0,0.0,4.03,1.96,1.3,0,2.19,0.0009,0,18.88,6.73,1.1734,498.7,140.73,chennai,winter,0.6197,1302
5.496039844802155,1042,120.0,29.5,0.63,0.0,0.0,4.98,2.18,3.0,0,2.19,0.0019,0,19.02,7.2,1.2202,518.6,116.55,bengaluru,monsoon,0.355,1303
2.208170612090944,443,120.0,36.5,0.59,0.0,0.0,4.9,2.72,4.06,0,2.3,0.0068,0,18.06,7.21,1.2212,519.0,118.2,chennai,summer,0.1371,1304
8.800287199314546,1654,120.0,22.8,0.65,0.0,0.0,4.1,2.5,0.7,0,2.32,0.0036,2,19.22,7.37,1.2369,525.7,98.85,bengaluru,winter,0.6397,1305
20.362981000938277,3744,120.0,24.5,0.62,0.0,0.0,4.41,2.11,1.72,0,2.14,0.0011,0,19.6,7.2,1.2195,518.3,113.77,bengaluru,monsoon,1.2995,1306
15.278906916248276,2911,120.0,39.1,0.61,0.0,0.0,3.75,2.09,5.88,0,2.22,0.0007,1,18.91,6.68,1.1682,496.5,152.0,bengaluru,summer,0.7577,1307
12.622066324926248,2451,120.0,21.7,0.63,0.0,0.0,4.59,2.06,2.04,0,2.26,0.0016,1,18.57,7.29,1.2294,522.5,149.0,delhi,monsoon,0.6619,1308
4.369019076822331,815,120.0,19.9,0.58,0.0,0.0,4.42,2.06,0.86,0,2.18,0.0037,0,19.37,7.25,1.2252,520.7,128.17,bengaluru,winter,0.2498,1309
7.473946465557507,1398,120.0,25.9,0.62,0.0,0.0,6.37,3.61,1.82,0,2.16,0.0007,0,19.26,5.64,1.0642,452.3,155.96,bengaluru,monsoon,0.3502,1310
8.306491423611822,1553,120.0,19.5,0.63,0.0,0.0,5.08,2.89,1.08,0,2.16,0.0006,0,19.27,6.95,1.1946,507.7,110.57,bengaluru,winter,0.5714,1311
1.6867628023498382,340,120.0,34.3,0.65,0.0,0.0,6.26,5.93,3.19,0,2.27,0.0029,0,17.91,7.02,1.2021,510.9,102.23,bengaluru,summer,0.1177,1312
11.821732990494942,2150,120.0,40.6,0.61,0.0,0.0,4.84,2.62,6.74,1,2.12,0.0005,0,19.8,6.76,1.1762,499.9,121.54,delhi,summer,0.7332,1313
13.345891145552224,2507,120.0,7.5,0.62,0.0,0.0,4.53,2.32,3.41,0,2.34,0.0056,3,19.27,7.7,1.2696,539.6,133.86,delhi,winter,0.7178,1314
10.649617904245767,1987,120.0,29.0,0.62,0.0,0.0,4.73,2.63,2.54,0,2.15,0.0005,0,19.3,6.66,1.1661,495.6,136.46,bengaluru,monsoon,0.5957,1315
3.3537228806734967,643,120.0,40.0,0.6,0.0,0.0,4.51,1.79,5.93,0,2.23,0.0062,0,18.88,6.77,1.1772,500.3,143.23,delhi,summer,0.1677,1316
15.511804642297712,2979,120.0,35.7,0.62,0.0,0.0,5.46,3.42,5.18,0,2.24,0.0013,1,18.77,6.14,1.1139,473.4,156.0,bengaluru,monsoon,0.7457,1317
5.417966875453663,1034,120.0,34.8,0.63,0.0,0.0,3.52,2.4,3.66,0,2.2,0.0029,0,18.92,7.47,1.2471,530.0,135.6,bengaluru,summer,0.2908,1318
17.541028872764073,3327,120.0,24.2,0.62,0.0,0.0,5.45,3.19,1.66,0,2.22,0.0015,1,19.01,7.16,1.216,516.8,104.07,bengaluru,monsoon,1.2227,1319
1.8133430747407706,391,120.0,34.8,0.69,0.0,0.0,6.13,4.41,3.62,0,2.72,0.0077,1,16.82,6.69,1.1692,496.9,109.71,bengaluru,summer,0.1296,1320
11.10411597272245,1998,120.0,31.2,0.63,0.0,0.0,3.79,1.89,2.7,0,2.1,0.0005,0,20.02,5.67,1.0671,453.5,156.0,chennai,monsoon,0.521,1321
2.0382189008415503,416,120.0,24.1,0.66,0.0,0.0,3.86,1.96,0.71,0,2.7,0.0192,1,17.97,7.5,1.2499,531.2,104.25,bengaluru,winter,0.152,1322
6.237591588602708,1201,120.0,38.3,0.64,0.0,0.0,5.99,3.05,5.13,0,2.2,0.0017,0,18.73,5.46,1.0461,444.6,156.0,delhi,summer,0.2868,1323
10.204991705527256,1933,120.0,36.7,0.63,0.0,0.0,4.83,2.84,6.38,0,2.43,0.0036,4,19.07,6.79,1.1786,500.9,119.36,bengaluru,monsoon,0.6414,1324
18.323400009369344,3334,120.0,32.5,0.64,0.0,0.0,4.23,1.86,4.51,0,2.12,0.0009,0,19.8,7.18,1.2179,517.6,110.17,bengaluru,monsoon,1.195,1325
15.967159692683119,3125,120.0,39.4,0.63,0.0,0.0,4.26,1.94,5.93,0,2.26,0.0013,1,18.42,7.58,1.2579,534.6,105.26,bengaluru,summer,1.1328,1326
22.28648138025667,3987,120.0,37.9,0.63,0.0,0.0,4.38,2.47,5.18,0,2.09,0.0003,0,20.13,7.64,1.2645,537.4,115.16,bengaluru,summer,1.4801,1327
17.330107126097516,3186,120.0,20.7,0.61,0.0,0.0,3.94,2.19,1.4,0,2.13,0.0003,0,19.59,6.7,1.1699,497.2,149.09,chennai,winter,0.8697,1328
13.814648288180287,2573,120.0,37.7,0.62,0.0,0.0,4.62,2.68,5.52,0,2.15,0.0004,0,19.34,6.56,1.1565,491.5,120.42,bengaluru,summer,0.8507,1329
2.775058821742812,540,120.0,6.0,0.64,0.0,0.0,4.0,2.52,3.6,0,2.29,0.0111,0,18.69,5.41,1.0407,442.3,155.58,delhi,winter,0.1279,1330
10.601918721915045,1991,120.0,30.2,0.61,0.0,0.0,4.09,2.17,3.28,0,2.17,0.001,0,19.19,7.46,1.2459,529.5,119.31,bengaluru,monsoon,0.6797,1331
7.80839224756196,1445,120.0,37.3,0.63,0.0,0.0,4.7,3.33,4.49,0,2.16,0.0028,0,19.51,6.84,1.1845,503.4,121.25,bengaluru,summer,0.495,1332
12.98504320688756,2486,120.0,32.1,0.62,0.0,0.0,4.64,3.0,3.96,0,2.24,0.0016,1,18.83,7.7,1.2701,539.8,116.67,bengaluru,monsoon,0.8488,1333
20.304878396590123,3913,120.0,33.4,0.61,0.0,0.0,3.59,2.17,4.72,0,2.2,0.0005,0,18.69,5.35,1.0351,439.9,156.0,bengaluru,monsoon,0.91,1334
14.235068556155598,2704,120.0,34.6,0.61,0.0,0.0,5.37,3.16,3.49,0,2.18,0.0007,0,18.97,7.7,1.2699,539.7,110.33,chennai,summer,1.0046,1335
9.697415152090027,1809,120.0,28.8,0.61,0.0,0.0,4.77,2.37,2.11,0,2.16,0.0017,0,19.33,5.01,1.0014,425.6,156.0,chennai,winter,0.4263,1336
19.883184295545657,3697,120.0,29.4,0.62,0.0,0.0,3.92,2.31,2.25,0,2.15,0.0005,0,19.37,5.7,1.0696,454.6,155.9,chennai,winter,0.9231,1337
6.751650531492982,1287,120.0,40.2,0.63,0.0,0.0,4.94,2.22,5.81,1,2.31,0.0054,1,18.98,5.78,1.0779,458.1,155.82,delhi,summer,0.3204,1338
19.268233820408575,3539,120.0,27.8,0.62,0.0,0.0,3.77,2.02,1.98,0,2.13,0.0006,0,19.61,5.37,1.0367,440.6,156.0,chennai,monsoon,0.8799,1339
8.533750235847108,1654,120.0,32.0,0.62,0.0,0.0,4.65,2.46,3.39,0,2.2,0.0006,0,18.59,7.59,1.2591,535.1,123.93,bengaluru,monsoon,0.5043,1340
1.740158508070475,328,120.0,33.0,0.64,0.0,0.0,4.19,2.87,3.24,0,2.21,0.0061,0,19.21,7.2,1.2195,518.3,145.79,bengaluru,summer,0.0931,1341
9.690798967344628,1745,120.0,41.2,0.63,0.0,0.0,5.62,2.99,6.88,1,2.11,0.0017,0,20.03,7.0,1.2005,510.2,150.7,chennai,summer,0.5049,1342
9.44068647674508,1753,120.0,47.1,0.63,0.0,0.0,4.74,2.44,8.53,1,2.15,0.0011,0,19.41,6.6,1.1598,492.9,111.68,delhi,summer,0.637,1343
7.904485470842052,1488,120.0,10.6,0.65,0.0,0.0,4.74,2.15,3.02,0,2.17,0.0007,0,19.14,6.76,1.1762,499.9,150.93,delhi,winter,0.4082,1344
8.446995465153234,1515,120.0,28.7,0.6,0.0,0.0,4.01,2.25,1.53,0,2.1,0.0013,0,20.1,6.54,1.1539,490.4,130.25,chennai,winter,0.4665,1345
21.169155317448155,3866,120.0,23.9,0.62,0.0,0.0,5.0,2.88,1.93,0,2.12,0.0005,0,19.72,5.07,1.0073,428.1,156.0,delhi,monsoon,0.9449,1346
17.91110633325004,3339,120.0,33.2,0.63,0.0,0.0,4.64,2.23,3.0,0,2.19,0.0012,1,19.33,7.08,1.208,513.4,146.3,bengaluru,summer,0.9462,1347
8.393455379637,1566,120.0,42.4,0.64,0.0,0.0,4.79,2.62,7.31,1,2.15,0.0006,0,19.31,7.45,1.2452,529.2,119.23,delhi,summer,0.5037,1348
2.673637113935702,499,120.0,32.4,0.64,0.0,0.0,6.16,6.36,3.35,0,2.18,0.004,0,19.36,7.09,1.2092,513.9,148.27,bengaluru,summer,0.142,1349
14.770877319104812,2704,120.0,19.1,0.61,0.0,0.0,4.95,2.44,2.15,0,2.13,0.0004,0,19.67,7.18,1.2184,517.8,122.27,delhi,monsoon,0.934,1350
18.788392381099893,3545,120.0,36.3,0.62,0.0,0.0,3.48,2.08,4.56,0,2.2,0.0008,1,19.09,6.97,1.1974,508.9,126.09,chennai,summer,1.0765,1351
9.339655286887465,1796,120.0,33.9,0.62,0.0,0.0,3.65,1.93,3.92,0,2.2,0.0017,0,18.75,7.5,1.2504,531.4,126.48,bengaluru,summer,0.5489,1352
21.59376691995501,3922,120.0,25.9,0.64,0.0,0.0,5.44,2.87,1.81,0,2.12,0.0008,0,19.84,6.77,1.1769,500.2,150.49,bengaluru,monsoon,1.1161,1353
16.913210153304448,3095,120.0,38.8,0.63,0.0,0.0,5.43,2.78,5.62,0,2.18,0.0023,1,19.72,6.85,1.1849,503.6,105.33,delhi,summer,1.1644,1354
6.078312087421353,1147,120.0,24.2,0.65,0.0,0.0,4.72,2.14,1.41,0,2.18,0.0017,0,19.11,7.28,1.2285,522.1,104.74,delhi,monsoon,0.4362,1355
12.575387558878232,2264,120.0,21.7,0.63,0.0,0.0,3.87,1.83,0.44,0,2.11,0.0009,0,20.01,7.16,1.2165,517.0,109.89,bengaluru,winter,0.8858,1356
13.941461706495778,2725,120.0,29.0,0.63,0.0,0.0,5.24,3.01,2.25,0,2.26,0.0015,1,18.44,7.31,1.2313,523.3,106.38,bengaluru,monsoon,0.982,1357
3.2267710946536963,612,120.0,17.2,0.69,0.0,0.0,6.2,3.41,1.24,0,2.2,0.0033,0,19.04,6.09,1.1087,471.2,148.22,bengaluru,winter,0.1647,1358
6.418631917956979,1200,120.0,25.3,0.63,0.0,0.0,5.35,3.12,1.1,0,2.26,0.0025,1,19.3,5.27,1.0271,436.5,156.0,delhi,monsoon,0.2891,1359
7.546241421038945,1371,120.0,23.4,0.62,0.0,0.0,3.86,2.92,0.27,0,2.12,0.0007,0,19.83,7.52,1.2522,532.2,121.11,bengaluru,winter,0.4558,1360
2.3961780495335443,443,120.0,35.6,0.62,0.0,0.0,6.31,3.34,4.46,0,2.44,0.0068,1,19.6,6.83,1.1828,502.7,116.85,bengaluru,summer,0.1493,1361
9.719325353561649,1767,120.0,10.0,0.64,0.0,0.0,4.75,2.16,2.74,0,2.12,0.0011,0,19.82,5.85,1.0849,461.1,156.0,delhi,winter,0.4682,1362
10.727919349154408,1992,120.0,37.4,0.6,0.0,0.0,4.35,2.89,4.66,0,2.15,0.0015,0,19.42,7.15,1.2146,516.2,142.25,bengaluru,summer,0.549,1363
7.670198632625905,1464,120.0,30.0,0.63,0.0,0.0,3.72,2.35,2.58,0,2.28,0.0027,1,18.91,6.55,1.1553,491.0,111.22,bengaluru,monsoon,0.5168,1364
2.0219217295600767,409,120.0,21.2,0.61,0.0,0.0,3.25,0.99,0.52,0,2.29,0.0049,0,17.88,6.68,1.1685,496.6,112.25,bengaluru,winter,0.1337,1365
15.755963780266928,2907,120.0,43.1,0.61,0.0,0.0,3.87,2.35,7.53,1,2.14,0.0003,0,19.52,7.49,1.2492,530.9,125.46,delhi,summer,0.9266,1366
15.294177186059311,2906,120.0,36.0,0.63,0.0,0.0,5.21,2.35,3.89,0,2.18,0.0003,0,18.95,6.56,1.1558,491.2,131.13,bengaluru,summer,0.8509,1367
13.761436850986895,2595,120.0,25.1,0.62,0.0,0.0,4.14,2.47,0.97,0,2.22,0.0019,1,19.12,6.9,1.1896,505.6,151.83,chennai,winter,0.6989,1368
20.23134110602326,3778,120.0,39.2,0.63,0.0,0.0,4.52,2.57,6.14,0,2.16,0.0008,0,19.29,5.26,1.0259,436.0,156.0,delhi,summer,0.9165,1369
6.824789191212628,1230,120.0,29.8,0.61,0.0,0.0,4.09,1.9,2.46,0,2.11,0.0016,0,20.01,5.64,1.064,452.2,156.0,bengaluru,monsoon,0.3176,1370
6.151089443476491,1180,120.0,4.6,0.62,0.0,0.0,5.09,2.28,3.92,0,2.2,0.0017,0,18.8,6.79,1.1793,501.2,115.34,delhi,winter,0.3862,1371
9.526350708390593,1850,120.0,17.4,0.62,0.0,0.0,4.69,3.04,1.61,0,2.21,0.0011,0,18.56,7.36,1.2355,525.1,137.71,bengaluru,winter,0.4992,1372
8.367564269807328,1554,120.0,38.8,0.62,0.0,0.0,5.0,3.11,5.76,0,2.15,0.0013,0,19.41,7.16,1.2165,517.0,110.14,chennai,summer,0.5862,1373
19.595719807711838,3671,120.0,38.0,0.63,0.0,0.0,4.77,2.86,5.32,0,2.19,0.0008,1,19.23,7.5,1.2499,531.2,124.8,delhi,summer,1.1707,1374
5.602453208615667,1053,120.0,21.0,0.61,0.0,0.0,5.37,3.21,1.03,0,2.29,0.0038,1,19.22,5.51,1.0511,446.7,156.0,bengaluru,winter,0.2582,1375
5.621172217175106,1036,120.0,28.0,0.63,0.0,0.0,5.88,3.91,2.81,0,2.15,0.0029,0,19.59,7.51,1.2511,531.7,134.32,delhi,monsoon,0.3073,1376
1.9161373316227472,375,120.0,31.5,0.63,0.0,0.0,4.41,2.61,2.43,0,2.25,0.0053,0,18.49,5.47,1.0471,445.0,156.0,bengaluru,summer,0.0893,1377
10.411636820770985,1962,120.0,27.3,0.62,0.0,0.0,4.81,2.59,1.56,0,2.17,0.0005,0,19.11,5.78,1.0779,458.1,154.37,bengaluru,monsoon,0.4853,1378
12.506236351020103,2268,120.0,31.8,0.63,0.0,0.0,4.32,2.8,3.09,0,2.12,0.0013,0,19.88,7.19,1.2186,517.9,107.8,chennai,monsoon,0.878,1379
11.665321730632414,2193,120.0,41.2,0.63,0.0,0.0,5.27,2.4,6.37,1,2.18,0.0027,0,19.2,6.92,1.1925,506.8,134.24,delhi,summer,0.663,1380
13.35564732111994,2498,120.0,36.7,0.61,0.0,0.0,4.32,2.25,4.82,0,2.16,0.0012,0,19.27,7.26,1.2264,521.2,106.65,chennai,summer,0.9231,1381
6.805787321664078,1321,120.0,30.3,0.63,0.0,0.0,2.65,1.18,2.52,0,2.32,0.0038,1,18.61,7.29,1.2294,522.5,110.17,chennai,summer,0.4838,1382
9.253854625932561,1645,120.0,39.1,0.61,0.0,0.0,5.04,2.7,5.81,0,2.1,0.0018,0,20.29,5.14,1.0139,430.9,156.0,delhi,summer,0.4157,1383
18.472662993753048,3471,120.0,33.0,0.62,0.0,0.0,4.61,2.87,2.68,0,2.27,0.002,3,19.19,6.53,1.1532,490.1,117.86,bengaluru,summer,1.1235,1384
1.9828472009239733,332,120.0,29.7,0.58,0.0,0.0,3.7,2.52,2.81,0,2.08,0.012,0,21.76,7.69,1.2687,539.2,99.18,bengaluru,monsoon,0.145,1385
1.9287024733954028,356,120.0,21.7,0.62,0.0,0.0,4.17,2.07,0.75,0,2.18,0.0056,0,19.61,7.0,1.2,510.0,127.05,bengaluru,winter,0.1164,1386
20.048092540232478,3749,120.0,31.2,0.64,0.0,0.0,5.15,2.69,2.99,0,2.15,0.0003,0,19.26,7.03,1.2026,511.1,107.66,bengaluru,monsoon,1.4029,1387
21.517940393566636,3952,120.0,19.3,0.61,0.0,0.0,3.96,2.28,0.85,0,2.17,0.0013,1,19.62,5.51,1.0511,446.7,156.0,bengaluru,winter,0.9924,1388
5.656644995049988,1082,120.0,22.5,0.62,0.0,0.0,3.77,2.12,1.04,0,2.32,0.0037,1,18.89,6.88,1.1882,505.0,112.07,bengaluru,winter,0.3894,1389
14.69481103830736,2739,120.0,7.7,0.6,0.0,0.0,4.86,2.79,3.21,0,2.24,0.0015,2,19.34,7.12,1.2118,515.0,129.24,delhi,winter,0.8436,1390
15.066888439825684,2803,120.0,25.5,0.63,0.0,0.0,4.8,2.52,1.79,0,2.19,0.0011,1,19.37,7.12,1.212,515.1,144.85,bengaluru,monsoon,0.7875,1391
19.851682602099185,3706,120.0,32.0,0.63,0.0,0.0,5.12,3.32,3.11,0,2.15,0.0003,0,19.29,6.93,1.1932,507.1,149.93,bengaluru,summer,1.023,1392
3.241692314547734,633,120.0,21.8,0.6,0.0,0.0,5.58,3.39,1.34,0,2.24,0.0047,0,18.52,6.63,1.1633,494.4,122.99,chennai,winter,0.1957,1393
12.457232964877036,2381,120.0,33.2,0.62,0.0,0.0,4.51,2.89,3.64,0,2.19,0.0008,0,18.85,7.32,1.232,523.6,110.72,bengaluru,summer,0.8631,1394
10.770436640726,2025,120.0,19.4,0.61,0.0,0.0,4.39,2.32,0.83,0,2.16,0.0005,0,19.16,7.42,1.2419,527.8,126.63,bengaluru,winter,0.6257,1395
15.35491079022449,2835,120.0,8.6,0.6,0.0,0.0,4.14,1.95,3.06,0,2.15,0.0021,0,19.54,6.77,1.1767,500.1,124.14,delhi,winter,0.9437,1396
17.874446300384033,3274,120.0,12.0,0.63,0.0,0.0,3.74,1.79,2.28,0,2.14,0.0018,0,19.69,7.03,1.2031,511.3,105.95,delhi,winter,1.2489,1397
6.739601892445062,1254,120.0,16.5,0.65,0.0,0.0,4.47,2.08,1.86,0,2.15,0.0008,0,19.36,7.36,1.236,525.3,114.3,bengaluru,winter,0.4413,1398
11.616642055532814,2177,120.0,30.0,0.64,0.0,0.0,4.62,2.24,1.82,0,2.17,0.0014,0,19.24,6.6,1.1602,493.1,109.66,bengaluru,summer,0.7939,1399
12.247189094686474,2267,120.0,25.0,0.62,0.0,0.0,4.62,3.18,0.92,0,2.15,0.0009,0,19.46,7.33,1.2327,523.9,105.7,bengaluru,monsoon,0.8662,1400
3.7582742076007274,699,120.0,17.3,0.66,0.0,0.0,3.42,1.86,1.46,0,2.34,0.0043,1,19.43,7.46,1.2461,529.6,136.88,bengaluru,winter,0.2052,1401
21.05870349247637,3988,120.0,24.2,0.61,0.0,0.0,5.15,2.66,0.12,0,2.2,0.0005,1,19.02,6.05,1.1052,469.7,153.33,bengaluru,winter,0.9988,1402
2.7368181140087455,505,120.0,35.0,0.67,0.0,0.0,5.0,3.29,4.03,0,2.18,0.0059,0,19.62,6.64,1.1638,494.6,127.86,bengaluru,summer,0.163,1403
9.097401600005862,1707,120.0,40.6,0.62,0.0,0.0,4.12,2.64,6.11,1,2.17,0.0023,0,19.23,7.46,1.2461,529.6,120.82,chennai,summer,0.5875,1404
11.980843953893011,2278,120.0,28.0,0.62,0.0,0.0,4.51,2.25,2.35,0,2.18,0.0009,0,18.95,7.27,1.2273,521.6,147.41,bengaluru,monsoon,0.6334,1405
2.536750056359622,458,120.0,11.4,0.65,0.0,0.0,2.43,1.58,2.85,0,2.14,0.0044,0,20.02,7.14,1.2136,515.8,104.1,bengaluru,winter,0.1874,1406
8.829270133594667,1656,120.0,28.6,0.62,0.0,0.0,3.85,1.93,2.6,0,2.17,0.0012,0,19.22,6.68,1.168,496.4,118.35,chennai,monsoon,0.5495,1407
20.163967852852917,3933,120.0,30.2,0.62,0.0,0.0,3.53,2.33,2.97,0,2.21,0.0005,0,18.47,6.88,1.1878,504.8,134.02,bengaluru,monsoon,1.1376,1408
13.635135599038824,2576,120.0,45.9,0.61,0.0,0.0,5.52,3.08,8.5,1,2.19,0.0027,0,19.1,7.35,1.2346,524.7,138.53,delhi,summer,0.7162,1409
10.053008079612196,1897,120.0,35.0,0.62,0.0,0.0,3.66,2.09,4.17,0,2.24,0.0016,1,19.11,6.82,1.1819,502.3,114.67,bengaluru,summer,0.6307,1410
6.945468344993815,1298,120.0,42.2,0.62,0.0,0.0,5.25,2.74,7.07,1,2.46,0.0062,3,19.38,7.62,1.2619,536.3,129.34,delhi,summer,0.417,1411
18.604013301584704,3524,120.0,26.6,0.63,0.0,0.0,5.25,2.69,1.81,0,2.24,0.0011,2,19.03,6.97,1.1967,508.6,129.98,delhi,monsoon,1.0676,1412
5.8871936866303844,1138,120.0,31.8,0.64,0.0,0.0,4.88,2.72,3.58,0,2.21,0.0018,0,18.65,6.14,1.1141,473.5,151.29,chennai,monsoon,0.2861,1413
18.720195841897198,3588,120.0,28.7,0.63,0.0,0.0,4.69,2.72,2.47,0,2.26,0.0011,2,18.8,6.08,1.108,470.9,156.0,bengaluru,monsoon,0.9046,1414
3.938395578307759,773,120.0,30.1,0.62,0.0,0.0,4.95,3.05,3.46,0,2.24,0.0026,0,18.39,7.43,1.2426,528.1,126.15,bengaluru,monsoon,0.232,1415
6.393046173674468,1213,120.0,44.7,0.62,0.0,0.0,4.14,2.5,7.97,1,2.28,0.0016,1,19.0,6.7,1.1704,497.4,130.17,delhi,summer,0.3635,1416
16.543866534229398,3191,120.0,24.0,0.61,0.0,0.0,4.08,1.99,1.37,0,2.2,0.0009,0,18.68,7.01,1.2012,510.5,117.24,bengaluru,monsoon,1.0356,1417
20.902666259482444,3940,120.0,32.5,0.63,0.0,0.0,5.3,2.3,4.03,0,2.23,0.0013,2,19.12,7.37,1.2374,525.9,109.39,bengaluru,monsoon,1.4711,1418
6.893923916359461,1285,120.0,20.8,0.61,0.0,0.0,4.84,2.61,1.24,0,2.16,0.0016,0,19.34,7.32,1.2322,523.7,133.77,delhi,monsoon,0.4024,1419
16.868394332562012,3125,120.0,18.5,0.64,0.0,0.0,5.16,3.26,1.37,0,2.15,0.001,0,19.45,7.53,1.2527,532.4,111.16,chennai,winter,1.116,1420
7.249422174026574,1455,120.0,38.3,0.63,0.0,0.0,3.12,1.24,5.69,0,2.44,0.0041,2,18.01,5.31,1.0306,438.0,156.0,chennai,summer,0.3223,1421
2.3200566777611873,445,120.0,34.6,0.64,0.0,0.0,5.22,3.02,3.95,0,2.2,0.0022,0,18.81,7.13,1.2132,515.6,107.65,chennai,summer,0.1663,1422
16.608226030505588,3141,120.0,41.5,0.62,0.0,0.0,4.84,2.35,7.02,1,2.22,0.0016,1,19.06,5.61,1.0609,450.9,156.0,delhi,summer,0.7672,1423
10.819477727862076,2050,120.0,9.1,0.61,0.0,0.0,5.32,2.96,3.38,0,2.18,0.001,0,19.02,7.3,1.2299,522.7,132.08,delhi,winter,0.6238,1424
18.185977602536404,3413,120.0,31.0,0.62,0.0,0.0,4.9,3.13,2.68,0,2.2,0.0015,1,19.21,6.17,1.1169,474.7,152.38,bengaluru,summer,0.8844,1425
15.42725451174211,2865,120.0,27.1,0.62,0.0,0.0,5.12,2.98,1.28,0,2.15,0.0007,0,19.4,5.21,1.0209,433.9,156.0,chennai,winter,0.6893,1426
4.388620233503836,829,120.0,36.3,0.61,0.0,0.0,4.59,2.05,4.93,0,2.18,0.0024,0,19.1,7.44,1.2435,528.5,102.4,bengaluru,summer,0.3109,1427
15.566805068777537,2890,120.0,10.9,0.63,0.0,0.0,4.43,2.18,2.58,0,2.19,0.0014,1,19.42,7.08,1.208,513.4,126.37,delhi,winter,0.9139,1428
17.004588341029418,3237,120.0,9.3,0.63,0.0,0.0,4.98,2.53,3.35,0,2.22,0.0012,1,18.93,5.33,1.0327,438.9,156.0,delhi,winter,0.7727,1429
12.535692008836058,2329,120.0,46.4,0.62,0.0,0.0,4.95,2.63,8.5,1,2.2,0.0009,1,19.39,5.51,1.0506,446.5,156.0,delhi,summer,0.5768,1430
18.122781048587125,3307,120.0,32.5,0.62,0.0,0.0,4.22,2.37,2.78,0,2.12,0.0006,0,19.74,5.9,1.0904,463.4,151.42,bengaluru,summer,0.8579,1431
9.097074884432317,1681,120.0,42.9,0.63,0.0,0.0,5.73,2.97,7.49,1,2.29,0.003,2,19.53,7.42,1.2416,527.7,109.86,chennai,summer,0.6519,1432
15.751440237430842,2909,120.0,43.5,0.63,0.0,0.0,4.66,2.6,7.97,1,2.19,0.0017,1,19.52,7.11,1.2111,514.7,126.72,delhi,summer,0.9157,1433
5.498260400148221,1041,120.0,29.6,0.61,0.0,0.0,4.46,1.64,1.86,0,2.32,0.0058,1,19.12,7.53,1.2534,532.7,117.13,bengaluru,summer,0.3536,1434
1.645307010086767,334,120.0,45.5,0.66,0.0,0.0,3.09,1.22,7.88,1,2.3,0.006,0,17.83,7.2,1.2195,518.3,116.34,delhi,summer,0.1093,1435
19.927208217741594,3750,120.0,42.9,0.62,0.0,0.0,4.52,2.26,7.27,1,2.19,0.0005,1,19.14,6.69,1.1689,496.8,115.61,delhi,summer,1.3458,1436
16.245309068288286,3056,120.0,30.3,0.61,0.0,0.0,4.51,2.15,3.13,0,2.16,0.0003,0,19.14,5.79,1.0793,458.7,156.0,chennai,monsoon,0.7538,1437
6.8854414019651875,1274,120.0,18.9,0.64,0.0,0.0,4.18,3.2,1.33,0,2.43,0.0047,3,19.54,5.41,1.0412,442.5,156.0,bengaluru,winter,0.3245,1438
9.965339584548131,1878,120.0,37.3,0.63,0.0,0.0,4.45,2.91,5.14,0,2.24,0.0021,1,19.14,7.48,1.2485,530.6,124.84,bengaluru,summer,0.594,1439
18.626305786630372,3501,120.0,30.0,0.63,0.0,0.0,4.33,2.52,2.53,0,2.17,0.0014,0,19.18,5.85,1.0852,461.2,156.0,chennai,monsoon,0.883,1440
5.874702032054192,1092,120.0,31.4,0.62,0.0,0.0,3.75,2.55,4.19,0,2.18,0.0046,0,19.45,5.72,1.072,455.6,156.0,chennai,monsoon,0.2746,1441
18.290577910266332,3404,120.0,30.5,0.64,0.0,0.0,5.27,2.73,3.56,0,2.15,0.0006,0,19.35,7.66,1.2656,537.9,142.75,delhi,monsoon,1.0048,1442
5.544491978568656,1049,120.0,25.0,0.61,0.0,0.0,4.97,2.53,1.29,0,2.42,0.0048,2,19.11,5.8,1.0795,458.8,156.0,bengaluru,monsoon,0.2575,1443
9.855896687961689,1813,120.0,5.3,0.64,0.0,0.0,5.14,3.04,3.88,0,2.13,0.0006,0,19.58,6.91,1.1913,506.3,111.97,delhi,winter,0.6873,1444
10.207080679925399,1937,120.0,8.5,0.61,0.0,0.0,4.74,2.45,3.04,0,2.25,0.0026,1,19.02,7.41,1.2412,527.5,135.65,delhi,winter,0.5386,1445
17.919185264443943,3312,120.0,42.0,0.6,0.0,0.0,4.92,3.24,6.67,1,2.14,0.0009,0,19.49,7.69,1.2689,539.3,120.44,delhi,summer,1.1642,1446
11.520472074168701,2110,120.0,2.8,0.63,0.0,0.0,5.27,3.12,4.34,0,2.19,0.0019,1,19.69,6.79,1.1793,501.2,116.55,delhi,winter,0.7294,1447
21.414573993096486,3963,120.0,27.1,0.63,0.0,0.0,3.8,2.15,1.28,0,2.15,0.0015,0,19.48,5.66,1.0661,453.1,156.0,chennai,winter,1.005,1448
19.430140432936955,3744,120.0,24.9,0.63,0.0,0.0,5.49,2.11,1.28,0,2.27,0.0019,2,18.72,6.72,1.1718,498.0,143.47,delhi,monsoon,0.9781,1449
7.582251230189038,1457,120.0,31.8,0.64,0.0,0.0,3.98,1.71,2.84,0,2.38,0.0041,2,18.81,5.9,1.0901,463.3,150.41,bengaluru,summer,0.3631,1450
7.057810207539348,1294,120.0,31.2,0.62,0.0,0.0,4.2,2.55,3.69,0,2.14,0.0023,0,19.68,5.0,1.0005,425.2,156.0,chennai,monsoon,0.317,1451
14.262512037202745,2670,120.0,34.5,0.61,0.0,0.0,4.31,2.17,4.13,0,2.16,0.0004,0,19.24,7.29,1.2289,522.3,128.39,bengaluru,summer,0.8258,1452
11.4705851875845,2248,120.0,31.1,0.62,0.0,0.0,5.86,3.31,2.86,0,2.28,0.0018,1,18.4,7.47,1.2473,530.1,145.73,bengaluru,summer,0.6067,1453
18.15242433603615,3397,120.0,32.4,0.63,0.0,0.0,4.87,2.42,3.28,0,2.19,0.0009,1,19.25,6.73,1.1727,498.4,127.22,bengaluru,summer,1.0268,1454
1.9657225056060366,354,120.0,28.7,0.65,0.0,0.0,3.03,1.02,2.62,0,2.16,0.0085,0,20.16,7.44,1.2435,528.5,115.38,bengaluru,monsoon,0.1256,1455
17.111455865264244,3206,120.0,32.8,0.62,0.0,0.0,4.27,2.22,3.94,0,2.24,0.0025,2,19.26,7.35,1.2353,525.0,140.99,bengaluru,monsoon,0.9106,1456
2.8117991768505552,524,120.0,25.6,0.62,0.0,0.0,4.13,2.49,0.86,0,2.4,0.0057,1,19.42,7.23,1.2233,519.9,126.18,bengaluru,winter,0.1658,1457
15.168692131489985,2851,120.0,23.8,0.62,0.0,0.0,4.98,2.97,1.09,0,2.2,0.0007,1,19.17,7.7,1.2701,539.8,113.18,bengaluru,winter,1.0025,1458
14.316853771833634,2702,120.0,24.3,0.63,0.0,0.0,3.74,2.51,1.14,0,2.21,0.0011,1,19.1,5.21,1.0214,434.1,156.0,chennai,monsoon,0.6432,1459
10.391622381227833,1891,120.0,33.0,0.62,0.0,0.0,3.94,2.98,3.2,0,2.12,0.0005,0,19.79,6.72,1.1715,497.9,110.44,chennai,summer,0.7067,1460
7.933491795223476,1477,120.0,37.1,0.63,0.0,0.0,4.08,2.52,4.49,0,2.17,0.0027,0,19.39,7.03,1.2033,511.4,145.03,bengaluru,summer,0.4153,1461
2.0143060650323763,393,120.0,42.9,0.62,0.0,0.0,5.4,3.97,7.59,1,2.27,0.0076,0,18.59,7.25,1.2252,520.7,123.44,bengaluru,summer,0.1229,1462
20.61422434238421,3846,120.0,33.7,0.62,0.0,0.0,4.98,2.67,3.4,0,2.23,0.0023,2,19.34,5.14,1.0136,430.8,156.0,bengaluru,summer,0.9098,1463
18.182142921600462,3430,120.0,45.4,0.63,0.0,0.0,5.71,3.13,8.15,1,2.17,0.0006,0,19.09,5.8,1.0805,459.2,156.0,delhi,summer,0.8593,1464
5.742306690757465,1110,120.0,38.9,0.63,0.0,0.0,3.91,1.57,5.62,0,2.33,0.0045,1,18.7,6.6,1.1595,492.8,122.89,chennai,summer,0.3554,1465
3.425304335820894,662,120.0,40.0,0.62,0.0,0.0,4.04,2.04,5.89,0,2.21,0.0015,0,18.66,7.42,1.2424,528.0,114.48,bengaluru,summer,0.2245,1466
4.897731997228248,907,120.0,25.5,0.65,0.0,0.0,4.33,2.65,0.85,0,2.15,0.0011,0,19.46,7.43,1.2431,528.3,109.69,chennai,winter,0.3276,1467
16.03117769804029,3087,120.0,24.3,0.61,0.0,0.0,4.29,2.37,1.59,0,2.19,0.0003,0,18.7,7.38,1.2379,526.1,115.29,bengaluru,monsoon,1.0318,1468
4.8860898754017885,946,120.0,13.2,0.63,0.0,0.0,3.36,1.84,2.03,0,2.25,0.0063,0,18.71,7.12,1.2115,514.9,130.62,chennai,winter,0.287,1469
5.572299103028415,1026,120.0,37.2,0.61,0.0,0.0,4.88,2.15,4.94,0,2.14,0.001,0,19.57,7.01,1.2012,510.5,105.97,bengaluru,summer,0.384,1470
7.962791401265149,1500,120.0,35.0,0.64,0.0,0.0,3.75,1.63,3.91,0,2.25,0.002,1,19.15,7.01,1.2009,510.4,134.58,chennai,summer,0.4611,1471
3.8627959761651782,780,120.0,31.0,0.64,0.0,0.0,5.06,2.33,3.41,0,2.27,0.0026,0,17.87,7.12,1.2115,514.9,124.18,bengaluru,monsoon,0.2249,1472
14.725536147049402,2714,120.0,22.2,0.61,0.0,0.0,4.15,2.38,1.36,0,2.14,0.0004,0,19.54,6.71,1.1706,497.5,107.56,bengaluru,winter,0.9905,1473
12.140539896327638,2268,120.0,23.3,0.61,0.0,0.0,4.31,2.22,0.2,0,2.22,0.0022,1,19.31,6.75,1.1751,499.4,144.63,chennai,winter,0.6098,1474
14.837324430652425,2711,120.0,43.2,0.64,0.0,0.0,4.33,2.36,7.59,1,2.13,0.0007,0,19.72,6.99,1.1988,509.5,136.58,bengaluru,summer,0.778,1475
17.339396048824643,3208,120.0,32.7,0.62,0.0,0.0,6.2,3.46,3.86,0,2.22,0.0019,2,19.49,6.84,1.184,503.2,152.23,bengaluru,monsoon,0.8945,1476
20.580714486950665,3766,120.0,29.4,0.62,0.0,0.0,4.42,2.72,2.98,0,2.12,0.0003,0,19.68,5.47,1.0473,445.1,156.0,bengaluru,monsoon,0.9435,1477
17.462996022043594,3324,120.0,29.2,0.62,0.0,0.0,4.82,2.63,3.5,0,2.19,0.0015,0,18.94,7.39,1.2388,526.5,105.58,chennai,monsoon,1.2277,1478
2.800843836887906,570,120.0,44.4,0.63,0.0,0.0,5.79,3.57,7.86,1,2.5,0.0035,1,17.75,7.57,1.2572,534.3,115.82,delhi,summer,0.184,1479
3.189981371740283,618,120.0,32.9,0.65,0.0,0.0,5.37,3.13,4.38,0,2.21,0.0016,0,18.61,6.99,1.1986,509.4,108.72,chennai,monsoon,0.211,1480
15.985786652557833,3048,120.0,25.2,0.62,0.0,0.0,5.08,2.88,1.26,0,2.31,0.0023,3,18.92,7.14,1.2136,515.8,140.03,delhi,monsoon,0.8319,1481
19.248614656132567,3635,120.0,34.7,0.63,0.0,0.0,3.82,2.23,4.11,0,2.17,0.0006,0,19.07,6.96,1.1965,508.5,143.68,chennai,summer,0.9876,1482
10.524212853866588,1901,120.0,33.5,0.65,0.0,0.0,4.4,2.57,3.66,0,2.11,0.0011,0,19.95,7.62,1.2619,536.3,101.45,bengaluru,summer,0.7734,1483
9.105017803269192,1703,120.0,25.2,0.61,0.0,0.0,3.81,2.86,1.29,0,2.38,0.0035,3,19.31,7.38,1.2381,526.2,110.09,bengaluru,monsoon,0.591,1484
17.733465615195342,3415,120.0,46.9,0.63,0.0,0.0,4.49,2.2,8.6,1,2.2,0.0006,0,18.71,7.27,1.2266,521.3,145.0,delhi,summer,0.9321,1485
20.51281759660359,3766,120.0,34.7,0.62,0.0,0.0,5.19,3.07,3.53,0,2.19,0.0008,2,19.62,7.23,1.2228,519.7,118.17,bengaluru,summer,1.3174,1486
18.134364167589002,3432,120.0,25.8,0.62,0.0,0.0,4.3,2.59,1.71,0,2.28,0.002,3,19.06,6.73,1.1734,498.7,107.75,bengaluru,monsoon,1.2251,1487
14.190943994618314,2690,120.0,26.3,0.63,0.0,0.0,4.54,2.89,1.93,0,2.23,0.0022,1,19.03,6.82,1.1816,502.2,151.31,delhi,monsoon,0.7268,1488
3.2095550626197102,623,120.0,26.4,0.62,0.0,0.0,6.06,3.43,1.58,0,2.24,0.0048,0,18.63,7.48,1.248,530.4,125.27,delhi,monsoon,0.1935,1489
6.389909515440853,1156,120.0,32.9,0.62,0.0,0.0,4.88,3.44,3.06,0,2.11,0.0009,0,19.92,5.71,1.0713,455.3,156.0,bengaluru,summer,0.298,1490
10.489733170862355,1971,120.0,40.2,0.64,0.0,0.0,4.18,2.0,6.4,1,2.18,0.003,0,19.22,7.08,1.2078,513.3,132.54,chennai,summer,0.6135,1491
18.56179440008806,3466,120.0,16.8,0.63,0.0,0.0,4.79,3.29,1.89,0,2.15,0.0003,0,19.28,7.09,1.2089,513.8,112.57,bengaluru,winter,1.1888,1492
9.670411237609878,1788,120.0,23.7,0.63,0.0,0.0,5.09,2.48,0.47,0,2.14,0.0006,0,19.48,7.64,1.2645,537.4,116.28,chennai,winter,0.6408,1493
8.172280539807787,1513,120.0,27.2,0.61,0.0,0.0,3.54,2.45,1.75,0,2.24,0.0033,1,19.51,7.22,1.2221,519.4,105.92,chennai,winter,0.568,1494
4.574338382913978,825,120.0,32.9,0.6,0.0,0.0,3.97,2.62,3.17,0,2.11,0.0012,0,19.98,7.26,1.2256,520.9,124.67,bengaluru,summer,0.2668,1495
7.486330386589074,1404,120.0,48.2,0.62,0.0,0.0,4.42,2.4,8.5,1,2.16,0.0007,0,19.21,6.06,1.1064,470.2,152.07,bengaluru,summer,0.3606,1496
5.385074189685648,936,120.0,28.2,0.62,0.0,0.0,2.7,1.11,2.18,0,2.07,0.0021,0,20.75,6.63,1.1626,494.1,148.52,bengaluru,monsoon,0.275,1497
1.9636060512792424,367,120.0,31.6,0.66,0.0,0.0,4.85,2.55,3.46,0,2.19,0.0054,0,19.37,6.89,1.1894,505.5,102.53,bengaluru,monsoon,0.1409,1498
6.317168939353185,1207,120.0,36.1,0.62,0.0,0.0,3.98,2.53,4.54,0,2.19,0.0008,0,18.86,5.26,1.0259,436.0,156.0,bengaluru,summer,0.2838,1499
18.663036927747925,3491,120.0,6.3,0.61,0.0,0.0,5.04,2.57,3.66,0,2.16,0.0009,0,19.26,6.95,1.1948,507.8,129.53,delhi,winter,1.0523,1500
13.696172923116107,2579,120.0,45.3,0.61,0.0,0.0,4.5,2.48,8.36,1,2.17,0.0008,0,19.13,5.32,1.032,438.6,156.0,delhi,summer,0.6167,1501
10.72811348646512,2051,120.0,23.0,0.63,0.0,0.0,4.94,3.17,0.82,0,2.19,0.0015,0,18.86,5.8,1.0795,458.8,155.41,chennai,winter,0.5066,1502
6.1033858369928256,1132,120.0,19.4,0.66,0.0,0.0,4.22,2.46,0.92,0,2.27,0.0044,1,19.49,7.68,1.2678,538.8,101.59,bengaluru,winter,0.449,1503
7.789639162530923,1442,120.0,27.3,0.63,0.0,0.0,5.1,2.31,1.75,0,2.14,0.0007,0,19.46,6.82,1.1821,502.4,133.97,delhi,monsoon,0.4441,1504
13.005893010395255,2467,120.0,18.6,0.63,0.0,0.0,4.65,2.31,1.1,0,2.19,0.002,0,19.02,6.77,1.1774,500.4,120.35,bengaluru,winter,0.818,1505
4.147323676828888,795,120.0,22.7,0.6,0.0,0.0,5.5,3.38,0.66,0,2.36,0.0038,1,18.85,7.07,1.2073,513.1,123.51,chennai,winter,0.2569,1506
20.329250437524394,3796,120.0,28.3,0.62,0.0,0.0,4.68,2.31,2.52,0,2.19,0.0008,1,19.29,6.54,1.1539,490.4,144.16,delhi,monsoon,1.0189,1507
10.42091472513505,1952,120.0,14.7,0.61,0.0,0.0,5.36,2.78,2.31,0,2.22,0.001,1,19.24,6.73,1.1727,498.4,156.0,delhi,winter,0.5235,1508
2.2137383389115626,380,120.0,38.7,0.62,0.0,0.0,2.92,0.9,5.78,0,2.05,0.0026,0,21.03,6.68,1.1682,496.5,121.63,bengaluru,summer,0.1398,1509
4.0308470010817885,789,120.0,28.8,0.64,0.0,0.0,3.77,2.73,1.84,0,2.38,0.0025,1,18.44,7.47,1.2466,529.8,136.04,chennai,monsoon,0.2142,1510
12.478671987098801,2337,120.0,48.4,0.62,0.0,0.0,5.71,3.37,8.4,1,2.17,0.0021,0,19.26,5.74,1.0744,456.6,156.0,delhi,summer,0.5879,1511
9.589052939719958,1809,120.0,34.8,0.6,0.0,0.0,3.86,2.29,4.23,0,2.17,0.0006,0,19.09,7.17,1.2172,517.3,110.08,bengaluru,summer,0.6615,1512
10.777660818336562,2036,120.0,30.0,0.61,0.0,0.0,4.57,2.88,2.95,0,2.17,0.0005,0,19.07,6.86,1.1859,504.0,150.64,chennai,monsoon,0.5392,1513
16.40685781659571,2897,120.0,32.2,0.61,0.0,0.0,3.01,1.95,3.2,0,2.08,0.0007,0,20.4,7.45,1.2454,529.3,108.05,bengaluru,summer,1.163,1514
19.462468614971815,3662,120.0,5.8,0.63,0.0,0.0,4.91,2.67,4.05,0,2.16,0.0005,0,19.14,7.42,1.2416,527.7,145.03,delhi,winter,1.0501,1515
2.4221156306864637,455,120.0,36.8,0.69,0.0,0.0,4.25,2.89,4.96,0,2.75,0.0132,2,19.41,5.96,1.0962,465.9,141.9,bengaluru,summer,0.1249,1516
10.707840848318902,1952,120.0,44.7,0.62,0.0,0.0,3.98,1.87,8.08,1,2.19,0.0015,1,19.78,5.81,1.0809,459.4,152.19,delhi,summer,0.5059,1517
21.548880790060284,3958,120.0,38.7,0.62,0.0,0.0,4.47,2.46,5.63,0,2.13,0.0008,0,19.61,6.87,1.1866,504.3,144.64,chennai,summer,1.1086,1518
3.3490961686134035,631,120.0,35.4,0.66,0.0,0.0,5.0,3.58,4.49,0,2.19,0.0032,0,19.17,7.26,1.2261,521.1,103.01,bengaluru,summer,0.2431,1519
19.21054166573844,3712,120.0,39.0,0.61,0.0,0.0,4.72,2.24,5.52,0,2.2,0.0011,0,18.65,6.03,1.1031,468.8,156.0,chennai,summer,0.9053,1520
9.416926929279606,1707,120.0,35.5,0.62,0.0,0.0,4.31,2.65,4.4,0,2.12,0.0018,0,19.89,7.04,1.2035,511.5,124.1,bengaluru,summer,0.546,1521
15.737319094172982,2923,120.0,33.8,0.63,0.0,0.0,3.89,2.16,3.81,0,2.15,0.0007,0,19.39,5.55,1.0548,448.3,156.0,chennai,summer,0.7302,1522
20.104143191971687,3748,120.0,24.7,0.62,0.0,0.0,3.6,1.94,0.78,0,2.18,0.0008,1,19.32,7.66,1.2659,538.0,104.53,chennai,winter,1.4369,1523
12.311831941081897,2263,120.0,22.2,0.62,0.0,0.0,3.95,2.19,0.56,0,2.19,0.0022,1,19.63,7.13,1.2129,515.5,124.69,chennai,winter,0.7156,1524
8.508069303039498,1604,120.0,34.8,0.62,0.0,0.0,4.38,2.12,3.88,0,2.18,0.0025,0,19.14,5.89,1.0894,463.0,156.0,bengaluru,summer,0.4054,1525
13.175561108950856,2481,120.0,27.4,0.62,0.0,0.0,3.9,2.13,2.17,0,2.31,0.002,3,19.15,7.01,1.2014,510.6,123.52,delhi,monsoon,0.8286,1526
6.056360192465689,1170,120.0,24.8,0.63,0.0,0.0,4.96,2.97,0.81,0,2.22,0.0034,0,18.7,6.92,1.1925,506.8,112.43,bengaluru,monsoon,0.4201,1527
15.549983419080993,2902,120.0,33.1,0.62,0.0,0.0,4.3,1.74,3.18,0,2.15,0.0003,0,19.3,7.37,1.2374,525.9,116.42,bengaluru,summer,0.996,1528
10.45865530391167,1918,120.0,32.4,0.64,0.0,0.0,5.46,2.87,3.0,0,2.13,0.001,0,19.65,7.01,1.2014,510.6,147.17,bengaluru,summer,0.5468,1529
19.9307064332414,3708,120.0,32.8,0.62,0.0,0.0,5.26,2.71,3.62,0,2.15,0.0008,0,19.37,6.59,1.1591,492.6,107.93,chennai,monsoon,1.3424,1530
13.455163198434704,2685,120.0,42.9,0.64,0.0,0.0,5.82,3.05,7.74,1,2.38,0.0015,3,18.06,5.32,1.0325,438.8,156.0,delhi,summer,0.6105,1531
8.921413161912739,1609,120.0,28.3,0.61,0.0,0.0,4.5,1.79,2.61,0,2.2,0.0037,1,20.03,5.78,1.0776,458.0,156.0,bengaluru,monsoon,0.4213,1532
4.579709974380498,846,120.0,31.7,0.63,0.0,0.0,5.2,2.4,2.62,0,2.14,0.0012,0,19.51,6.11,1.1108,472.1,152.1,bengaluru,summer,0.2207,1533
12.502960063715953,2346,120.0,26.0,0.63,0.0,0.0,4.41,2.16,2.06,0,2.17,0.0013,0,19.21,5.19,1.0193,433.2,156.0,bengaluru,monsoon,0.569,1534
6.1742925204090895,1160,120.0,35.9,0.61,0.0,0.0,5.47,3.08,4.02,0,2.17,0.0017,0,19.19,6.79,1.1788,501.0,126.49,bengaluru,summer,0.3813,1535
13.313282744312898,2461,120.0,15.9,0.61,0.0,0.0,5.43,3.15,1.79,0,2.14,0.0008,0,19.49,6.16,1.1162,474.4,153.5,bengaluru,winter,0.6424,1536
19.685803015218173,3716,120.0,26.3,0.62,0.0,0.0,4.83,2.49,1.93,0,2.17,0.0005,0,19.08,7.14,1.2141,516.0,127.3,bengaluru,monsoon,1.1434,1537
18.789733473249182,3543,120.0,20.9,0.62,0.0,0.0,4.22,2.34,0.57,0,2.17,0.0003,0,19.1,7.51,1.2513,531.8,130.91,bengaluru,winter,1.1077,1538
2.886431548052242,537,120.0,34.5,0.62,0.0,0.0,4.27,2.08,3.4,0,2.16,0.0019,0,19.39,6.56,1.1558,491.2,104.91,bengaluru,summer,0.2011,1539
2.2627775537498476,429,120.0,27.1,0.59,0.0,0.0,4.02,2.65,1.32,0,2.21,0.0047,0,19.08,5.84,1.0845,460.9,156.0,chennai,winter,0.1026,1540
13.602934699168143,2553,120.0,21.7,0.64,0.0,0.0,4.4,2.43,1.5,0,2.21,0.0012,1,19.2,7.63,1.2631,536.8,110.9,delhi,monsoon,0.9017,1541
4.46201527582036,811,120.0,28.9,0.63,0.0,0.0,4.11,2.02,2.51,0,2.13,0.0025,0,19.85,7.3,1.2304,522.9,100.31,chennai,monsoon,0.317,1542
13.512944374539504,2582,120.0,16.8,0.62,0.0,0.0,3.93,2.74,1.68,0,2.19,0.0008,0,18.85,6.16,1.1165,474.5,149.0,bengaluru,winter,0.6496,1543
4.069335492040912,757,120.0,27.4,0.61,0.0,0.0,4.02,2.21,2.32,0,2.17,0.004,0,19.43,5.41,1.0414,442.6,156.0,delhi,monsoon,0.1845,1544
6.41729380918271,1146,120.0,34.7,0.65,0.0,0.0,4.04,2.03,3.41,0,2.11,0.0035,0,20.23,6.96,1.1955,508.1,110.4,bengaluru,summer,0.4191,1545
5.009247168230271,946,120.0,35.1,0.64,0.0,0.0,3.11,1.4,3.64,0,2.18,0.0021,0,19.1,7.13,1.2127,515.4,120.46,bengaluru,summer,0.3181,1546
5.837916839696394,1091,120.0,28.6,0.62,0.0,0.0,4.23,2.23,2.13,0,2.17,0.0018,0,19.3,6.79,1.1793,501.2,145.52,delhi,monsoon,0.2995,1547
6.098189699688366,1083,120.0,7.1,0.61,0.0,0.0,5.32,2.13,3.35,0,2.09,0.0018,0,20.31,6.07,1.1071,470.5,156.0,delhi,winter,0.2977,1548
12.297873125217901,2262,120.0,29.1,0.63,0.0,0.0,4.12,1.95,2.23,0,2.2,0.0027,1,19.62,5.59,1.0588,450.0,155.32,delhi,monsoon,0.5749,1549
13.660046113012697,2618,120.0,6.0,0.64,0.0,0.0,5.33,2.34,3.89,0,2.29,0.0027,2,18.83,6.55,1.1551,490.9,145.75,delhi,winter,0.6919,1550
20.770293778622328,3836,120.0,16.5,0.63,0.0,0.0,4.51,2.79,1.47,0,2.14,0.0005,0,19.5,7.68,1.2678,538.8,115.31,bengaluru,winter,1.3761,1551
7.855595508238786,1519,120.0,31.8,0.62,0.0,0.0,3.67,2.16,2.55,0,2.28,0.0013,1,18.64,7.34,1.2344,524.6,141.17,chennai,summer,0.4124,1552
1.709923425729887,328,120.0,43.5,0.63,0.0,0.0,4.26,1.17,7.12,1,2.21,0.003,0,18.82,6.75,1.1753,499.5,131.08,delhi,summer,0.0979,1553
4.338477171448298,871,120.0,36.5,0.6,0.0,0.0,2.36,1.15,4.97,0,2.25,0.0011,0,17.95,5.94,1.0944,465.1,156.0,bengaluru,summer,0.1979,1554
19.544742883772813,3692,120.0,23.6,0.62,0.0,0.0,4.18,2.15,1.23,0,2.17,0.0005,0,19.07,6.78,1.1781,500.7,147.54,bengaluru,monsoon,0.9857,1555
16.59327327974501,3035,120.0,21.3,0.63,0.0,0.0,4.43,2.23,1.62,0,2.13,0.0007,0,19.69,7.13,1.2129,515.5,117.85,delhi,monsoon,1.0657,1556
10.958904610744732,2115,120.0,25.8,0.63,0.0,0.0,4.6,2.46,1.5,0,2.39,0.0043,3,18.73,7.07,1.2068,512.9,141.9,chennai,winter,0.572,1557
2.575933662330013,487,120.0,45.3,0.62,0.0,0.0,6.28,3.11,8.8,1,2.43,0.0041,1,19.12,7.67,1.2671,538.5,143.57,delhi,summer,0.1384,1558
19.390695344252162,3605,120.0,34.2,0.64,0.0,0.0,4.59,2.68,3.55,0,2.15,0.0003,0,19.37,7.06,1.2064,512.7,109.09,bengaluru,summer,1.3613,1559
7.89651862490024,1495,120.0,38.8,0.62,0.0,0.0,3.42,2.28,5.86,0,2.26,0.0027,1,19.06,7.5,1.2496,531.1,110.79,bengaluru,summer,0.5158,1560
11.127415500503728,2046,120.0,38.0,0.63,0.0,0.0,4.24,2.34,5.35,0,2.13,0.0005,0,19.59,6.91,1.1908,506.1,123.51,bengaluru,summer,0.7055,1561
10.325830185772036,1949,120.0,6.4,0.64,0.0,0.0,3.84,1.74,3.51,0,2.25,0.0031,1,19.13,7.04,1.2035,511.5,129.75,delhi,winter,0.6066,1562
1.9125176777041875,345,120.0,39.5,0.61,0.0,0.0,6.71,5.23,5.53,0,2.25,0.0203,0,20.35,7.0,1.1995,509.8,127.23,chennai,summer,0.1119,1563
7.523058907531699,1394,120.0,42.4,0.63,0.0,0.0,4.66,2.53,6.66,1,2.25,0.0043,1,19.51,7.37,1.2367,525.6,109.04,bengaluru,summer,0.5336,1564
3.515691398772114,710,120.0,36.1,0.61,0.0,0.0,3.39,1.42,4.16,0,2.26,0.0014,0,17.85,6.13,1.1129,473.0,156.0,bengaluru,summer,0.1677,1565
4.921761606335701,925,120.0,36.6,0.62,0.0,0.0,3.87,1.42,4.91,0,2.18,0.0022,0,19.19,6.63,1.1631,494.3,156.0,chennai,summer,0.2466,1566
2.5911994304713124,471,120.0,12.2,0.63,0.0,0.0,2.88,1.54,2.61,0,2.62,0.0064,2,19.92,7.5,1.2499,531.2,135.35,delhi,winter,0.1453,1567
2.318127576379846,474,120.0,7.2,0.62,0.0,0.0,5.18,2.16,3.52,0,2.3,0.0042,0,17.68,5.21,1.0212,434.0,156.0,delhi,winter,0.1035,1568
2.824336322768124,492,120.0,37.3,0.64,0.0,0.0,4.78,2.12,5.12,0,2.07,0.002,0,20.71,7.17,1.2169,517.2,132.47,bengaluru,summer,0.1541,1569
12.75151299032493,2446,120.0,44.9,0.62,0.0,0.0,5.4,3.37,8.01,1,2.19,0.0008,0,18.78,6.68,1.1675,496.2,115.72,delhi,summer,0.7883,1570
13.888331555326218,2649,120.0,22.5,0.61,0.0,0.0,4.96,2.52,1.01,0,2.18,0.0008,0,18.89,6.58,1.1576,492.0,111.09,delhi,monsoon,0.9376,1571
10.987665671040943,2129,120.0,41.2,0.61,0.0,0.0,5.25,2.64,6.8,1,2.28,0.0033,1,18.64,7.13,1.2129,515.5,134.39,delhi,summer,0.6286,1572
5.864677314736931,1149,120.0,26.3,0.63,0.0,0.0,5.18,2.56,1.8,0,2.38,0.0078,1,18.51,6.54,1.1541,490.5,107.95,delhi,monsoon,0.3951,1573
5.547141806553029,1017,120.0,26.7,0.63,0.0,0.0,3.33,1.44,2.29,0,2.14,0.002,0,19.67,6.66,1.1656,495.4,125.52,bengaluru,monsoon,0.3164,1574
17.040890092617236,3288,120.0,46.4,0.61,0.0,0.0,4.37,1.58,8.5,1,2.2,0.0006,0,18.67,5.19,1.0188,433.0,156.0,delhi,summer,0.7553,1575
2.89183911792211,611,120.0,38.8,0.62,0.0,0.0,3.3,1.38,5.91,0,2.32,0.0016,0,17.07,7.16,1.216,516.8,139.34,chennai,summer,0.1527,1576
13.778635423727486,2573,120.0,20.2,0.64,0.0,0.0,5.05,2.4,1.1,0,2.16,0.0012,0,19.3,7.0,1.2005,510.2,143.08,bengaluru,winter,0.7187,1577
19.412215010284,3694,120.0,40.1,0.64,0.0,0.0,4.05,2.22,6.58,1,2.21,0.0011,1,18.94,6.57,1.1567,491.6,134.1,delhi,summer,1.0975,1578
20.04340339240752,3731,120.0,7.6,0.63,0.0,0.0,4.64,2.49,3.74,0,2.15,0.0005,0,19.35,7.31,1.2311,523.2,104.88,delhi,winter,1.4168,1579
22.001844407439705,3953,120.0,18.0,0.61,0.0,0.0,4.36,2.41,1.09,0,2.1,0.0008,0,20.05,6.8,1.1795,501.3,139.78,bengaluru,winter,1.1243,1580
9.37959688733744,1780,120.0,25.5,0.64,0.0,0.0,4.76,3.2,1.32,0,2.18,0.0011,0,18.99,7.19,1.2186,517.9,117.59,bengaluru,monsoon,0.6071,1581
20.383519200866214,3783,120.0,3.8,0.63,0.0,0.0,4.12,2.01,4.13,0,2.18,0.0011,1,19.42,6.77,1.1769,500.2,141.45,delhi,winter,1.04,1582
20.811490592746846,3961,120.0,20.8,0.63,0.0,0.0,4.89,2.5,0.76,0,2.18,0.001,0,18.93,6.91,1.1906,506.0,150.98,bengaluru,winter,1.0666,1583
7.806969378783106,1478,120.0,33.7,0.59,0.0,0.0,4.0,1.79,3.3,0,2.17,0.0007,0,19.03,5.57,1.0569,449.2,156.0,bengaluru,summer,0.3515,1584
19.988730514679993,3739,120.0,7.0,0.63,0.0,0.0,5.63,2.85,3.82,0,2.22,0.0016,2,19.27,6.01,1.1012,468.0,149.42,delhi,winter,0.9631,1585
14.620903735291705,2758,120.0,32.3,0.61,0.0,0.0,3.94,1.78,3.72,0,2.17,0.0015,0,19.11,5.29,1.0294,437.5,156.0,bengaluru,monsoon,0.655,1586
20.661465251990435,3750,120.0,41.2,0.62,0.0,0.0,4.21,1.94,6.41,1,2.11,0.0003,0,19.84,6.82,1.1819,502.3,112.14,bengaluru,summer,1.4279,1587
19.127265430238637,3448,120.0,4.0,0.64,0.0,0.0,4.52,2.3,4.06,0,2.15,0.002,1,20.01,7.19,1.2193,518.2,139.44,delhi,winter,1.028,1588
16.454182387067505,3031,120.0,22.8,0.61,0.0,0.0,4.78,2.25,1.61,0,2.14,0.001,0,19.56,7.24,1.2245,520.4,123.33,bengaluru,monsoon,0.961,1589
20.48349655272076,3819,120.0,31.6,0.61,0.0,0.0,4.23,1.56,2.52,0,2.15,0.0005,0,19.32,7.22,1.2221,519.4,145.39,bengaluru,summer,1.0695,1590
8.105557490500214,1496,120.0,21.1,0.61,0.0,0.0,5.22,3.21,0.56,0,2.15,0.002,0,19.54,7.43,1.2431,528.3,129.65,bengaluru,winter,0.4799,1591
12.167818025650586,2303,120.0,22.3,0.61,0.0,0.0,4.74,2.79,0.91,0,2.24,0.003,1,19.08,7.7,1.2696,539.6,133.58,bengaluru,winter,0.6526,1592
18.3711500001729,3508,120.0,23.2,0.63,0.0,0.0,5.23,2.83,1.72,0,2.37,0.0037,5,18.92,5.16,1.0165,432.0,156.0,bengaluru,monsoon,0.8184,1593
9.943304434309074,1831,120.0,28.8,0.63,0.0,0.0,4.07,2.61,1.9,0,2.14,0.0011,0,19.57,5.37,1.0367,440.6,156.0,bengaluru,monsoon,0.4533,1594
6.941404310834134,1337,120.0,0.5,0.63,0.0,0.0,4.84,2.45,4.88,0,2.21,0.0022,0,18.73,5.0,1.0002,425.1,156.0,delhi,winter,0.3091,1595
12.134901223388075,2287,120.0,6.8,0.64,0.0,0.0,4.26,2.64,3.82,0,2.17,0.0009,0,19.12,6.74,1.1744,499.1,119.17,delhi,winter,0.7603,1596
10.367980338881898,1865,120.0,31.4,0.61,0.0,0.0,3.19,1.93,3.56,0,2.12,0.0021,0,20.05,6.96,1.1955,508.1,135.93,chennai,monsoon,0.5911,1597
17.519267353298112,3272,120.0,34.4,0.62,0.0,0.0,4.37,2.74,3.71,0,2.15,0.0003,0,19.28,5.26,1.0259,436.0,156.0,bengaluru,summer,0.7879,1598
8.662514506859353,1632,120.0,19.2,0.61,0.0,0.0,5.55,3.46,1.29,0,2.18,0.0018,0,19.14,7.53,1.2529,532.5,113.66,bengaluru,winter,0.5609,1599
3.499683420281033,636,120.0,24.8,0.62,0.0,0.0,4.46,2.29,0.27,0,2.12,0.0016,0,19.84,5.36,1.0358,440.2,155.97,bengaluru,winter,0.1628,1600
9.651872082109797,1793,120.0,11.4,0.61,0.0,0.0,5.41,3.21,2.41,0,2.15,0.0011,0,19.4,6.85,1.1849,503.6,146.73,delhi,winter,0.4888,1601
10.870820113043207,2038,120.0,43.1,0.64,0.0,0.0,4.36,2.12,6.95,1,2.23,0.0025,1,19.25,7.12,1.2115,514.9,101.8,delhi,summer,0.7691,1602
12.879127232305368,2375,120.0,10.4,0.61,0.0,0.0,5.25,2.8,2.88,0,2.14,0.0004,0,19.53,5.63,1.0628,451.7,155.32,delhi,winter,0.5955,1603
10.686085665235696,2074,120.0,42.4,0.62,0.0,0.0,3.95,2.25,6.73,1,2.21,0.0005,0,18.56,5.19,1.0188,433.0,156.0,delhi,summer,0.4779,1604
9.138451382163915,1793,120.0,14.2,0.62,0.0,0.0,4.45,2.08,2.35,0,2.24,0.0028,0,18.4,7.18,1.2184,517.8,103.06,bengaluru,winter,0.634,1605
16.983864788595593,3141,120.0,27.7,0.63,0.0,0.0,5.74,2.94,1.78,0,2.14,0.001,0,19.48,6.86,1.1856,503.9,120.83,delhi,monsoon,1.063,1606
16.71085776638284,3213,120.0,30.8,0.62,0.0,0.0,3.3,2.27,2.3,0,2.19,0.0006,0,18.73,6.74,1.1739,498.9,151.42,bengaluru,summer,0.8376,1607
2.2960572636301366,454,120.0,38.5,0.64,0.0,0.0,3.67,1.31,5.17,0,2.26,0.0044,0,18.29,6.59,1.1591,492.6,156.0,bengaluru,summer,0.1143,1608
16.76877248040245,3214,120.0,37.9,0.63,0.0,0.0,3.29,2.09,5.61,0,2.24,0.0025,1,18.83,6.58,1.1576,492.0,106.03,bengaluru,summer,1.1311,1609
11.211454417294318,2159,120.0,37.6,0.61,0.0,0.0,4.71,2.32,5.0,0,2.19,0.0005,0,18.7,6.91,1.1913,506.3,147.72,bengaluru,summer,0.561,1610
13.914066597132177,2717,120.0,27.9,0.6,0.0,0.0,3.71,2.23,1.63,0,2.21,0.0004,0,18.44,7.65,1.2654,537.8,122.53,bengaluru,monsoon,0.8147,1611
14.977429084393629,2679,120.0,12.3,0.62,0.0,0.0,5.89,2.87,2.39,0,2.19,0.0019,2,20.16,5.67,1.0668,453.4,156.0,delhi,winter,0.7093,1612
10.921726284594886,2125,120.0,21.6,0.63,0.0,0.0,5.06,2.84,1.54,0,2.28,0.0024,1,18.54,6.88,1.188,504.9,107.51,delhi,monsoon,0.7483,1613
2.9653494426416427,575,120.0,45.2,0.62,0.0,0.0,6.48,4.38,8.44,1,2.43,0.0035,1,18.63,5.92,1.0922,464.2,152.83,delhi,summer,0.1401,1614
19.446715694550416,3625,120.0,12.5,0.63,0.0,0.0,4.88,2.57,2.18,0,2.15,0.0006,0,19.32,6.64,1.1635,494.5,112.8,delhi,winter,1.3287,1615
14.404522625942834,2645,120.0,20.7,0.62,0.0,0.0,4.61,2.57,1.53,0,2.18,0.0011,1,19.63,5.48,1.0478,445.3,156.0,delhi,monsoon,0.665,1616
16.23861013164936,3068,120.0,31.0,0.64,0.0,0.0,4.18,2.71,2.87,0,2.17,0.0007,0,19.07,6.82,1.1816,502.2,114.65,bengaluru,monsoon,1.0315,1617
7.296010956786937,1319,120.0,33.5,0.61,0.0,0.0,3.88,1.92,3.03,0,2.12,0.0015,0,19.94,7.52,1.252,532.1,118.63,bengaluru,summer,0.4412,1618
9.39755940430841,1803,120.0,27.2,0.64,0.0,0.0,3.81,1.6,2.16,0,2.19,0.0006,0,18.77,6.81,1.1814,502.1,144.3,chennai,monsoon,0.4824,1619
6.8756051446754345,1268,120.0,29.4,0.64,0.0,0.0,3.76,1.6,2.17,0,2.24,0.0024,1,19.56,7.1,1.2096,514.1,102.1,bengaluru,summer,0.4828,1620
16.969817707093483,3196,120.0,8.2,0.62,0.0,0.0,5.17,2.42,3.1,0,2.21,0.0013,1,19.14,5.8,1.08,459.0,153.36,delhi,winter,0.7956,1621
20.890212478634247,3875,120.0,30.5,0.64,0.0,0.0,4.53,2.39,3.17,0,2.15,0.0008,0,19.42,6.73,1.1732,498.6,151.19,bengaluru,monsoon,1.0688,1622
20.889323758798124,3888,120.0,24.1,0.63,0.0,0.0,4.17,1.63,0.77,0,2.15,0.0003,0,19.35,6.66,1.1664,495.7,150.37,bengaluru,winter,1.0649,1623
3.1461073325804536,619,120.0,40.8,0.63,0.0,0.0,6.26,3.81,6.21,1,2.24,0.0032,0,18.36,7.21,1.2207,518.8,135.96,bengaluru,summer,0.1652,1624
4.9842904674117285,958,120.0,41.3,0.61,0.0,0.0,5.09,2.61,6.13,1,2.2,0.0021,0,18.77,5.34,1.0344,439.6,156.0,bengaluru,summer,0.2214,1625
20.658530269104325,3891,120.0,22.9,0.63,0.0,0.0,4.44,2.86,1.37,0,2.2,0.001,1,19.13,7.57,1.2569,534.2,120.51,bengaluru,monsoon,1.2397,1626
16.938471601280252,3164,120.0,39.4,0.63,0.0,0.0,4.85,2.18,6.17,0,2.24,0.0028,2,19.32,7.26,1.2259,521.0,126.62,bengaluru,summer,0.9894,1627
13.490692489671616,2535,120.0,24.2,0.63,0.0,0.0,4.26,2.59,0.76,0,2.36,0.0036,4,19.22,7.36,1.2362,525.4,122.45,bengaluru,winter,0.8046,1628
3.8057336619606184,676,120.0,17.7,0.63,0.0,0.0,4.35,2.36,1.14,0,2.28,0.0059,1,20.38,7.46,1.2459,529.5,123.18,bengaluru,winter,0.2325,1629
11.974227663469135,2207,120.0,33.3,0.62,0.0,0.0,4.57,2.67,4.76,0,2.14,0.0005,0,19.54,5.71,1.0713,455.3,156.0,chennai,monsoon,0.5555,1630
4.099000870329741,706,120.0,18.1,0.63,0.0,0.0,2.78,0.98,1.42,0,2.07,0.0042,0,20.99,5.91,1.0906,463.5,147.33,bengaluru,winter,0.2032,1631
20.344364993500253,3789,120.0,27.9,0.61,0.0,0.0,4.13,2.16,2.52,0,2.22,0.0013,2,19.35,6.8,1.1802,501.6,124.91,bengaluru,monsoon,1.2663,1632
7.409510553101583,1404,120.0,27.3,0.62,0.0,0.0,4.1,2.97,1.53,0,2.19,0.0028,0,19.05,7.66,1.2659,538.0,103.67,bengaluru,monsoon,0.535,1633
13.626566634478268,2539,120.0,39.6,0.62,0.0,0.0,5.0,2.79,6.32,0,2.25,0.002,2,19.36,7.44,1.2445,528.9,140.41,delhi,summer,0.7309,1634
11.758936365561086,2192,120.0,33.8,0.63,0.0,0.0,5.19,3.23,3.23,0,2.16,0.0014,0,19.34,7.26,1.2261,521.1,121.84,bengaluru,summer,0.69,1635
8.786010508727168,1603,120.0,46.7,0.62,0.0,0.0,3.78,1.82,8.5,1,2.13,0.0012,0,19.75,7.02,1.2016,510.7,136.55,delhi,summer,0.4588,1636
9.469192000829,1780,120.0,21.4,0.62,0.0,0.0,3.8,2.01,0.9,0,2.16,0.0006,0,19.16,5.81,1.0809,459.4,153.7,bengaluru,winter,0.4466,1637
10.494949760451156,1893,120.0,16.6,0.65,0.0,0.0,5.17,3.24,1.94,0,2.11,0.0011,0,19.98,7.15,1.2148,516.3,125.25,bengaluru,winter,0.6293,1638
11.609880328576512,2156,120.0,22.2,0.62,0.0,0.0,3.6,1.98,1.44,0,2.21,0.0023,1,19.43,6.04,1.1038,469.1,156.0,chennai,winter,0.5634,1639
21.455929702873185,3909,120.0,34.9,0.63,0.0,0.0,4.97,2.7,3.97,0,2.12,0.0003,0,19.76,7.27,1.2266,521.3,132.71,bengaluru,summer,1.2596,1640
2.7047157437639395,537,120.0,22.1,0.62,0.0,0.0,3.43,1.48,0.85,0,2.51,0.0074,1,18.26,5.11,1.0111,429.7,156.0,bengaluru,winter,0.1213,1641
13.942168528467224,2539,120.0,20.3,0.64,0.0,0.0,5.12,2.44,0.84,0,2.17,0.0008,1,19.78,6.63,1.1633,494.4,143.37,bengaluru,winter,0.7168,1642
18.414042044879395,3532,120.0,35.7,0.63,0.0,0.0,3.73,2.34,4.3,0,2.23,0.0017,1,18.8,6.62,1.1621,493.9,136.22,bengaluru,summer,1.0348,1643
19.004349626629708,3541,120.0,35.1,0.63,0.0,0.0,3.88,2.58,3.58,0,2.2,0.0023,1,19.36,6.83,1.1831,502.8,146.33,bengaluru,summer,0.9762,1644
14.75997142437676,2821,120.0,27.2,0.63,0.0,0.0,4.09,2.44,1.13,0,2.23,0.0011,1,18.85,7.44,1.2435,528.5,131.69,chennai,winter,0.8721,1645
16.281461775062226,2950,120.0,32.5,0.61,0.0,0.0,3.37,1.78,3.3,0,2.11,0.0007,0,19.88,6.86,1.1864,504.2,104.62,chennai,monsoon,1.1147,1646
13.242389326073866,2504,120.0,3.8,0.63,0.0,0.0,5.08,2.27,4.35,0,2.17,0.0008,0,19.05,7.42,1.2421,527.9,102.2,delhi,winter,0.9393,1647
10.969823649871014,2026,120.0,10.7,0.62,0.0,0.0,5.12,2.46,2.56,0,2.15,0.0025,0,19.54,7.62,1.2616,536.2,108.08,delhi,winter,0.7783,1648
17.539139211239622,3276,120.0,22.5,0.64,0.0,0.0,5.04,2.34,1.57,0,2.23,0.0018,2,19.31,5.88,1.0885,462.6,149.46,delhi,monsoon,0.8475,1649
12.620914730998104,2345,120.0,24.3,0.63,0.0,0.0,4.45,2.69,1.35,0,2.15,0.0009,0,19.39,7.52,1.2525,532.3,130.56,bengaluru,monsoon,0.7555,1650
8.331374036835218,1602,120.0,22.7,0.64,0.0,0.0,4.31,2.28,0.84,0,2.2,0.0012,0,18.74,6.55,1.1553,491.0,110.37,chennai,winter,0.5751,1651
7.691802989946906,1477,120.0,26.8,0.62,0.0,0.0,4.28,1.69,2.28,0,2.19,0.0007,0,18.76,7.04,1.2045,511.9,117.09,bengaluru,monsoon,0.4856,1652
12.377270589588367,2351,120.0,14.2,0.6,0.0,0.0,5.54,2.91,2.39,0,2.18,0.0004,0,18.96,5.66,1.0664,453.2,156.0,delhi,winter,0.5645,1653
14.05689128142091,2663,120.0,27.2,0.62,0.0,0.0,3.32,1.57,1.87,0,2.23,0.0023,1,19.04,7.15,1.2146,516.2,101.74,chennai,monsoon,0.9893,1654
11.845331335213285,2215,120.0,41.3,0.63,0.0,0.0,5.02,2.45,6.87,1,2.21,0.0014,1,19.28,6.68,1.168,496.4,140.86,delhi,summer,0.6006,1655
7.4901811359645665,1404,120.0,26.4,0.61,0.0,0.0,4.51,2.94,2.25,0,2.17,0.0014,0,19.23,7.58,1.2579,534.6,105.41,delhi,monsoon,0.5229,1656
3.539703793653542,682,120.0,32.9,0.63,0.0,0.0,4.43,1.98,2.95,0,2.2,0.0015,0,18.71,7.29,1.2287,522.2,129.95,bengaluru,summer,0.209,1657
5.7962634763250245,1087,120.0,38.1,0.62,0.0,0.0,4.81,2.24,5.6,0,2.17,0.0018,0,19.23,5.2,1.0205,433.7,156.0,bengaluru,summer,0.2607,1658
9.398000961106174,1788,120.0,38.8,0.64,0.0,0.0,4.7,2.34,5.41,0,2.18,0.0006,0,18.93,6.72,1.1715,497.9,153.19,bengaluru,summer,0.4774,1659
6.384073416921501,1155,120.0,21.9,0.61,0.0,0.0,4.67,2.51,2.05,0,2.11,0.0009,0,19.92,7.32,1.2322,523.7,148.48,delhi,monsoon,0.3382,1660
2.446910456339343,476,120.0,37.2,0.66,0.0,0.0,5.49,2.45,5.16,0,2.77,0.0105,2,18.69,6.54,1.1544,490.6,140.43,chennai,summer,0.1248,1661
5.205475977201369,1041,120.0,26.2,0.61,0.0,0.0,4.73,1.92,1.18,0,2.37,0.0019,1,18.03,7.42,1.2419,527.8,107.25,delhi,monsoon,0.3626,1662
8.465598060404728,1569,120.0,35.4,0.63,0.0,0.0,4.18,2.13,3.72,0,2.15,0.0006,0,19.44,7.43,1.2431,528.3,116.13,bengaluru,summer,0.5529,1663
6.6203170585597215,1235,120.0,12.2,0.61,0.0,0.0,3.97,2.11,2.24,0,2.26,0.0024,1,19.34,6.67,1.1666,495.8,132.74,delhi,winter,0.3699,1664
14.181842557241362,2661,120.0,24.8,0.61,0.0,0.0,5.01,2.82,0.92,0,2.21,0.0011,1,19.21,7.59,1.2588,535.0,107.65,bengaluru,monsoon,0.996,1665
15.790776923628957,2848,120.0,20.6,0.63,0.0,0.0,3.78,2.72,0.83,0,2.15,0.0007,1,19.97,6.68,1.1678,496.3,137.03,chennai,winter,0.9016,1666
5.8487420982419245,1117,120.0,38.3,0.61,0.0,0.0,6.12,3.25,5.22,0,2.64,0.0063,4,18.96,7.23,1.2226,519.6,150.17,bengaluru,summer,0.3022,1667
13.288246079922232,2460,120.0,7.3,0.62,0.0,0.0,5.15,2.63,3.39,0,2.16,0.0024,0,19.49,7.11,1.2108,514.6,135.76,delhi,winter,0.7692,1668
6.725402976122274,1244,120.0,44.0,0.62,0.0,0.0,4.63,2.97,8.18,1,2.16,0.0032,0,19.52,7.47,1.2466,529.8,104.29,delhi,summer,0.4761,1669
7.8518133170112705,1431,120.0,41.5,0.63,0.0,0.0,3.81,2.93,7.13,1,2.13,0.0014,0,19.78,7.69,1.2692,539.4,105.68,bengaluru,summer,0.5652,1670
18.84907652753297,3552,120.0,18.8,0.61,0.0,0.0,4.98,2.18,2.27,0,2.16,0.0003,0,19.11,6.64,1.1638,494.6,107.62,delhi,monsoon,1.265,1671
1.9726285069673637,399,120.0,31.2,0.69,0.0,0.0,5.37,1.52,2.53,0,3.28,0.015,3,18.05,6.64,1.1642,494.8,120.97,bengaluru,summer,0.1281,1672
11.552052028756904,2181,120.0,32.9,0.62,0.0,0.0,4.96,3.2,3.02,0,2.18,0.0018,0,19.1,6.79,1.1793,501.2,153.31,bengaluru,summer,0.5848,1673
20.29391589018094,3794,120.0,33.4,0.62,0.0,0.0,3.94,2.81,3.23,0,2.15,0.0003,0,19.26,7.05,1.2052,512.2,142.22,bengaluru,summer,1.0524,1674
4.016132102239705,722,120.0,25.9,0.64,0.0,0.0,4.41,1.99,1.37,0,2.17,0.0097,0,20.21,7.36,1.2355,525.1,141.59,bengaluru,monsoon,0.2183,1675
13.777178277685701,2517,120.0,37.5,0.63,0.0,0.0,5.31,2.76,4.9,0,2.13,0.0008,0,19.72,7.12,1.212,515.1,126.28,bengaluru,summer,0.8022,1676
17.998082775896393,3339,120.0,35.5,0.63,0.0,0.0,4.87,2.5,4.41,0,2.14,0.0003,0,19.41,7.35,1.2348,524.8,143.44,bengaluru,summer,0.9587,1677
19.154499197431395,3568,120.0,46.8,0.63,0.0,0.0,4.37,2.51,8.5,1,2.15,0.0008,0,19.34,5.63,1.0633,451.9,156.0,delhi,summer,0.8916,1678
4.601876580698532,883,120.0,24.1,0.65,0.0,0.0,3.12,1.09,1.34,0,2.2,0.0011,0,18.78,7.14,1.2136,515.8,123.58,bengaluru,winter,0.2715,1679
11.05918830488958,2051,120.0,20.6,0.64,0.0,0.0,4.81,2.89,1.16,0,2.21,0.002,1,19.45,5.44,1.0442,443.8,156.0,bengaluru,winter,0.515,1680
2.1800962525321,451,120.0,25.3,0.65,0.0,0.0,5.42,3.21,1.98,0,2.33,0.0067,0,17.51,6.82,1.1816,502.2,127.67,delhi,monsoon,0.1261,1681
6.71069761429914,1258,120.0,22.2,0.61,0.0,0.0,5.35,2.83,1.59,0,2.17,0.0024,0,19.25,7.29,1.2289,522.3,132.23,delhi,monsoon,0.3907,1682
1.7853724706520575,323,120.0,33.6,0.65,0.0,0.0,4.6,2.8,3.43,0,2.54,0.0124,1,20.13,6.78,1.1776,500.5,114.01,bengaluru,summer,0.1166,1683
14.038838957121461,2629,120.0,28.2,0.63,0.0,0.0,4.42,2.28,2.4,0,2.16,0.0008,0,19.24,7.0,1.2,510.0,132.2,bengaluru,monsoon,0.8157,1684
13.71716503821357,2497,120.0,30.0,0.61,0.0,0.0,5.01,3.43,2.45,0,2.12,0.0012,0,19.8,5.12,1.0118,430.0,156.0,chennai,winter,0.6108,1685
9.10523699995305,1717,120.0,38.9,0.64,0.0,0.0,5.3,3.29,5.22,0,2.17,0.0006,0,19.1,7.28,1.2282,522.0,102.09,chennai,summer,0.6497,1686
2.475108251874918,445,120.0,25.0,0.65,0.0,0.0,3.97,2.83,0.86,0,2.15,0.0067,0,20.15,6.7,1.1696,497.1,127.99,bengaluru,monsoon,0.146,1687
3.7357908280665377,713,120.0,34.1,0.62,0.0,0.0,3.9,2.14,3.91,0,2.2,0.0028,0,18.91,5.64,1.0635,452.0,156.0,bengaluru,summer,0.1787,1688
17.425002118389735,3226,120.0,44.4,0.62,0.0,0.0,4.88,2.64,8.08,1,2.18,0.0009,1,19.46,6.85,1.1847,503.5,147.44,delhi,summer,0.8862,1689
19.044508399849047,3517,120.0,17.9,0.62,0.0,0.0,4.95,2.42,1.14,0,2.14,0.0011,0,19.51,6.85,1.1852,503.7,111.77,bengaluru,winter,1.3047,1690
8.665010063274785,1580,120.0,39.9,0.63,0.0,0.0,4.08,1.73,6.42,0,2.13,0.0019,0,19.78,7.07,1.2071,513.0,106.52,bengaluru,summer,0.6108,1691
15.380083305867636,2883,120.0,29.2,0.63,0.0,0.0,3.79,2.15,2.64,0,2.16,0.0007,0,19.22,5.5,1.0504,446.4,156.0,bengaluru,monsoon,0.7031,1692
12.583865251368106,2435,120.0,14.9,0.63,0.0,0.0,4.99,2.46,1.69,0,2.41,0.0033,4,18.66,6.17,1.1174,474.9,156.0,delhi,winter,0.6115,1693
21.62509054062756,3917,120.0,32.8,0.63,0.0,0.0,4.98,2.45,2.84,0,2.11,0.0008,0,19.89,5.31,1.0306,438.0,156.0,bengaluru,summer,0.99,1694
9.172560037262743,1732,120.0,18.5,0.63,0.0,0.0,4.8,2.73,0.99,0,2.18,0.0023,0,19.11,7.36,1.2355,525.1,107.86,bengaluru,winter,0.6485,1695
5.528778473959358,1046,120.0,27.1,0.62,0.0,0.0,4.78,3.26,2.09,0,2.29,0.0019,1,19.06,7.29,1.2289,522.3,139.14,bengaluru,monsoon,0.2889,1696
16.21585127776537,3032,120.0,22.5,0.61,0.0,0.0,5.55,3.02,0.67,0,2.2,0.001,1,19.27,6.57,1.1567,491.6,152.1,bengaluru,winter,0.799,1697
17.736452962669286,3261,120.0,45.5,0.62,0.0,0.0,5.48,2.59,7.88,1,2.14,0.0012,0,19.6,6.01,1.1007,467.8,156.0,delhi,summer,0.8572,1698
16.114764065485364,3013,120.0,37.4,0.62,0.0,0.0,4.67,2.67,4.6,0,2.19,0.0007,1,19.27,6.1,1.1104,471.9,154.75,bengaluru,summer,0.7769,1699
6.695376918364062,1331,120.0,44.8,0.62,0.0,0.0,4.38,1.19,8.52,1,2.34,0.0023,1,18.15,7.17,1.2174,517.4,125.78,delhi,summer,0.386,1700
20.00289729933366,3780,120.0,28.5,0.61,0.0,0.0,3.93,2.2,2.37,0,2.2,0.0008,1,19.06,5.58,1.0579,449.6,156.0,bengaluru,monsoon,0.9134,1701
20.075385265911763,3761,120.0,29.0,0.61,0.0,0.0,3.99,2.19,1.86,0,2.16,0.0008,0,19.23,5.9,1.0896,463.1,153.74,bengaluru,summer,0.9484,1702
4.697251643812455,875,120.0,33.9,0.61,0.0,0.0,3.82,2.13,4.28,0,2.3,0.0034,1,19.39,7.21,1.2209,518.9,115.78,bengaluru,monsoon,0.2982,1703
12.155907621709636,2238,120.0,30.3,0.61,0.0,0.0,4.56,1.81,2.61,0,2.19,0.0013,1,19.58,5.05,1.0052,427.2,156.0,bengaluru,monsoon,0.5388,1704
8.909309921460432,1613,120.0,45.5,0.62,0.0,0.0,4.61,2.36,8.5,1,2.11,0.0006,0,19.9,7.25,1.2247,520.5,126.76,delhi,summer,0.5235,1705
17.495790701972155,3288,120.0,28.6,0.62,0.0,0.0,5.4,3.09,1.98,0,2.16,0.0003,0,19.16,7.3,1.2304,522.9,107.88,chennai,winter,1.2352,1706
10.620281439932398,1959,120.0,39.8,0.64,0.0,0.0,3.57,1.79,5.63,0,2.14,0.001,0,19.54,6.7,1.1696,497.1,139.25,bengaluru,summer,0.5447,1707
15.076182166369387,2804,120.0,29.1,0.62,0.0,0.0,5.34,3.12,2.09,0,2.2,0.0014,1,19.38,6.79,1.1788,501.0,133.29,bengaluru,monsoon,0.8536,1708
5.964387129796138,1147,120.0,34.4,0.61,0.0,0.0,4.49,2.51,3.65,0,2.2,0.0017,0,18.75,7.29,1.2292,522.4,123.47,bengaluru,summer,0.3792,1709
13.071540528673781,2394,120.0,8.8,0.61,0.0,0.0,4.99,2.22,2.97,0,2.19,0.0021,1,19.7,6.63,1.1633,494.4,131.89,delhi,winter,0.7266,1710
4.679454798359079,857,120.0,31.3,0.62,0.0,0.0,3.91,2.14,3.0,0,2.13,0.0012,0,19.68,5.62,1.0616,451.2,153.76,bengaluru,summer,0.2219,1711
16.557199482778767,3042,120.0,26.4,0.61,0.0,0.0,5.03,2.3,1.41,0,2.17,0.0013,1,19.62,5.63,1.0633,451.9,154.49,delhi,monsoon,0.7641,1712
16.351907730652478,3106,120.0,37.1,0.62,0.0,0.0,3.67,2.14,4.52,0,2.31,0.0029,3,19.0,7.13,1.2132,515.6,151.9,chennai,summer,0.8435,1713
7.493675652606838,1371,120.0,23.2,0.6,0.0,0.0,3.28,2.0,0.41,0,2.13,0.0015,0,19.7,7.15,1.2151,516.4,130.02,chennai,winter,0.4295,1714
11.58713947653598,2057,120.0,39.1,0.63,0.0,0.0,5.11,3.02,5.46,0,2.08,0.0005,0,20.29,6.76,1.1762,499.9,152.74,chennai,summer,0.597,1715
12.21557407795374,2317,120.0,17.9,0.62,0.0,0.0,5.51,3.19,1.25,0,2.18,0.0009,0,19.0,6.78,1.1779,500.6,125.4,bengaluru,winter,0.7577,1716
9.114986536238085,1685,120.0,43.1,0.6,0.0,0.0,5.15,2.3,7.67,1,2.15,0.0012,0,19.5,7.12,1.2125,515.3,117.75,delhi,summer,0.5717,1717
1.434574577850632,301,120.0,35.1,0.58,0.0,0.0,5.22,3.49,4.54,0,2.5,0.0266,0,17.6,5.49,1.0487,445.7,156.0,chennai,summer,0.0655,1718
9.35012116872457,1813,120.0,33.6,0.64,0.0,0.0,4.25,2.67,3.71,0,2.21,0.0017,0,18.6,7.14,1.2136,515.8,125.94,bengaluru,summer,0.5421,1719
3.422395902368195,635,120.0,44.1,0.63,0.0,0.0,4.19,2.63,8.18,1,2.19,0.0063,0,19.51,5.38,1.0376,441.0,153.25,delhi,summer,0.1598,1720
17.44659414853468,3257,120.0,28.1,0.62,0.0,0.0,6.24,3.61,1.85,0,2.15,0.0006,0,19.3,7.24,1.2235,520.0,110.57,delhi,monsoon,1.2292,1721
18.711351750589248,3572,120.0,24.2,0.62,0.0,0.0,3.83,2.62,0.35,0,2.36,0.0028,5,18.91,5.73,1.0734,456.2,156.0,bengaluru,winter,0.8704,1722
12.431101781155718,2398,120.0,35.5,0.62,0.0,0.0,4.05,2.57,4.56,0,2.2,0.0008,0,18.68,6.72,1.1725,498.3,133.56,bengaluru,summer,0.694,1723
14.317484024138178,2612,120.0,28.2,0.62,0.0,0.0,4.99,2.3,2.69,0,2.12,0.0004,0,19.74,5.59,1.0586,449.9,156.0,delhi,monsoon,0.6643,1724
14.692085305628934,2788,120.0,33.8,0.62,0.0,0.0,4.61,2.93,3.08,0,2.19,0.0018,0,19.0,6.91,1.1906,506.0,130.22,bengaluru,summer,0.8302,1725
14.300204253899137,2656,120.0,30.0,0.61,0.0,0.0,5.01,3.29,2.54,0,2.19,0.0008,1,19.4,7.52,1.2518,532.0,127.4,bengaluru,monsoon,0.8366,1726
2.9855544583456255,574,120.0,32.7,0.65,0.0,0.0,4.94,2.01,3.35,0,2.2,0.0017,0,18.76,6.16,1.1162,474.4,151.47,bengaluru,monsoon,0.1487,1727
20.409021216558894,3831,120.0,25.4,0.62,0.0,0.0,4.07,2.01,0.79,0,2.23,0.0021,2,19.22,6.74,1.1741,499.0,131.66,chennai,winter,1.1485,1728
10.394828012460886,1975,120.0,28.9,0.62,0.0,0.0,4.39,2.02,3.21,0,2.24,0.001,1,18.97,5.8,1.0798,458.9,156.0,delhi,monsoon,0.4878,1729
7.370550269662788,1381,120.0,17.0,0.6,0.0,0.0,5.09,2.98,1.56,0,2.26,0.0029,1,19.26,7.48,1.2475,530.2,116.47,bengaluru,winter,0.4735,1730
19.806692584910678,3734,120.0,27.0,0.61,0.0,0.0,4.53,2.32,2.62,0,2.17,0.0008,0,19.11,6.65,1.1654,495.3,117.76,delhi,monsoon,1.2213,1731
14.001894470839641,2694,120.0,24.2,0.61,0.0,0.0,4.36,2.0,0.79,0,2.24,0.0015,1,18.74,7.21,1.2214,519.1,112.98,bengaluru,monsoon,0.967,1732
4.328635004027957,865,120.0,22.3,0.64,0.0,0.0,6.38,3.47,1.15,0,2.26,0.0023,0,18.05,7.22,1.2221,519.4,146.09,delhi,monsoon,0.2324,1733
19.155339162645067,3591,120.0,27.2,0.63,0.0,0.0,4.37,2.45,2.44,0,2.16,0.0003,0,19.21,7.42,1.2424,528.0,106.28,chennai,monsoon,1.3527,1734
3.745610314339152,741,120.0,34.2,0.64,0.0,0.0,3.58,2.14,3.98,0,2.43,0.0054,1,18.29,6.74,1.1736,498.8,105.66,chennai,monsoon,0.2612,1735
3.2741604958326205,603,120.0,33.4,0.62,0.0,0.0,3.89,2.14,3.46,0,2.34,0.0033,1,19.61,6.63,1.1633,494.4,113.78,bengaluru,summer,0.2198,1736
17.700645458481606,3319,120.0,3.4,0.62,0.0,0.0,4.23,2.49,4.59,0,2.27,0.0018,3,19.23,7.42,1.2421,527.9,122.46,delhi,winter,1.0423,1737
15.913447929679748,2936,120.0,46.5,0.62,0.0,0.0,4.0,2.14,8.54,1,2.14,0.0007,0,19.53,5.83,1.0828,460.2,152.21,delhi,summer,0.7489,1738
12.272822224083436,2271,120.0,41.3,0.65,0.0,0.0,4.44,1.71,6.34,1,2.2,0.0018,1,19.49,6.62,1.1616,493.7,115.74,delhi,summer,0.774,1739
2.978169664083891,573,120.0,28.4,0.58,0.0,0.0,5.25,2.69,2.86,0,2.2,0.0017,0,18.74,6.57,1.1569,491.7,116.04,bengaluru,monsoon,0.1938,1740
7.7110478480844025,1399,120.0,9.6,0.65,0.0,0.0,4.02,1.43,2.89,0,2.13,0.0029,0,19.9,7.57,1.2572,534.3,105.46,delhi,winter,0.5659,1741
13.079337578570318,2383,120.0,7.5,0.62,0.0,0.0,5.19,2.68,3.75,0,2.12,0.0008,0,19.77,6.96,1.1965,508.5,127.67,delhi,winter,0.7503,1742
17.79564505297589,3270,120.0,15.3,0.6,0.0,0.0,4.52,2.42,1.72,0,2.17,0.0006,1,19.6,7.16,1.2155,516.6,113.94,bengaluru,winter,1.1261,1743
21.08219467289276,3919,120.0,35.8,0.61,0.0,0.0,5.28,3.13,4.29,0,2.15,0.0008,0,19.38,5.79,1.0793,458.7,156.0,chennai,summer,0.9895,1744
10.934025384236584,2036,120.0,42.5,0.62,0.0,0.0,4.99,2.65,7.69,1,2.15,0.0005,0,19.34,5.76,1.0755,457.1,156.0,delhi,summer,0.5128,1745
19.007887806779713,3648,120.0,22.6,0.62,0.0,0.0,3.57,2.05,0.53,0,2.26,0.0014,2,18.78,5.89,1.0887,462.7,156.0,bengaluru,winter,0.8959,1746
7.877231175107252,1433,120.0,22.2,0.61,0.0,0.0,4.68,3.17,0.36,0,2.12,0.0007,0,19.8,6.17,1.1167,474.6,151.94,chennai,winter,0.3812,1747
8.380234083712045,1571,120.0,24.5,0.61,0.0,0.0,4.29,2.27,1.51,0,2.26,0.0045,1,19.28,5.31,1.0308,438.1,156.0,delhi,monsoon,0.3804,1748
4.956257921182416,992,120.0,26.2,0.61,0.0,0.0,3.82,1.82,1.07,0,2.26,0.002,0,18.02,5.97,1.0969,466.2,156.0,chennai,winter,0.2345,1749
3.4256703139075166,675,120.0,35.9,0.61,0.0,0.0,3.55,1.46,4.33,0,2.23,0.0015,0,18.3,7.0,1.1995,509.8,113.94,bengaluru,summer,0.2352,1750
1.94538986029135,431,120.0,24.4,0.64,0.0,0.0,3.2,1.03,1.55,0,2.42,0.007,0,16.35,7.44,1.2442,528.8,130.35,chennai,monsoon,0.1141,1751
6.090955748848453,1137,120.0,33.6,0.63,0.0,0.0,4.94,2.79,3.62,0,2.16,0.0018,0,19.32,5.5,1.0499,446.2,156.0,chennai,summer,0.2801,1752
2.740527600846591,511,120.0,30.0,0.62,0.0,0.0,3.88,1.82,2.69,0,2.18,0.0039,0,19.38,6.72,1.1718,498.0,120.85,bengaluru,monsoon,0.1724,1753
12.619198427423907,2350,120.0,28.1,0.62,0.0,0.0,4.84,2.62,1.77,0,2.16,0.0013,0,19.36,7.36,1.2355,525.1,120.38,delhi,monsoon,0.8156,1754
21.316659764034384,3928,120.0,14.6,0.61,0.0,0.0,3.79,2.06,2.24,0,2.14,0.0005,0,19.55,7.38,1.2384,526.3,128.33,bengaluru,winter,1.2457,1755
17.45960129300126,3279,120.0,20.2,0.63,0.0,0.0,4.93,2.52,0.89,0,2.25,0.003,2,19.22,7.32,1.232,523.6,135.81,bengaluru,winter,0.9286,1756
8.41116804831655,1561,120.0,29.4,0.62,0.0,0.0,4.58,2.5,2.6,0,2.16,0.0026,0,19.44,7.4,1.2405,527.2,116.41,delhi,monsoon,0.5512,1757
3.751494390848506,769,120.0,23.3,0.62,0.0,0.0,4.22,2.67,1.53,0,2.29,0.0026,0,17.61,5.92,1.0918,464.0,156.0,bengaluru,monsoon,0.1805,1758
18.11600881050685,3553,120.0,10.6,0.61,0.0,0.0,4.6,2.48,3.09,0,2.33,0.0017,3,18.38,7.31,1.2306,523.0,123.77,delhi,winter,1.1473,1759
5.65232875267341,1052,120.0,49.6,0.62,0.0,0.0,3.76,1.95,8.62,1,2.27,0.0029,1,19.39,6.17,1.1174,474.9,151.76,delhi,summer,0.2754,1760
9.19589854729767,1787,120.0,26.3,0.61,0.0,0.0,4.18,1.96,1.82,0,2.21,0.0006,0,18.54,6.86,1.1859,504.0,145.9,delhi,monsoon,0.4615,1761
9.618540806661127,1877,120.0,23.3,0.63,0.0,0.0,4.26,1.98,0.43,0,2.22,0.0021,0,18.48,6.54,1.1544,490.6,140.72,bengaluru,winter,0.537,1762
20.468077041357926,3760,120.0,19.9,0.64,0.0,0.0,5.03,2.39,0.87,0,2.13,0.0005,0,19.61,6.62,1.1621,493.9,140.52,bengaluru,winter,1.0478,1763
16.096400920219267,3024,120.0,47.4,0.62,0.0,0.0,4.56,2.3,8.5,1,2.17,0.0013,0,19.19,7.29,1.2287,522.2,101.54,delhi,summer,1.132,1764
18.929166042577958,3541,120.0,35.7,0.63,0.0,0.0,5.12,2.69,4.28,0,2.15,0.0003,0,19.25,5.22,1.0216,434.2,156.0,bengaluru,summer,0.8507,1765
10.982184354398575,2017,120.0,27.5,0.62,0.0,0.0,4.58,2.46,1.58,0,2.14,0.002,0,19.64,7.1,1.2099,514.2,115.53,chennai,winter,0.7005,1766
14.813404879543286,2671,120.0,43.5,0.64,0.0,0.0,5.75,3.11,7.35,1,2.11,0.0007,0,19.98,7.63,1.2628,536.7,111.12,delhi,summer,0.997,1767
15.71924436227262,2861,120.0,35.4,0.63,0.0,0.0,4.83,3.12,4.28,0,2.16,0.001,1,19.8,7.7,1.2701,539.8,109.84,bengaluru,summer,1.0433,1768
2.841357400927131,534,120.0,9.7,0.6,0.0,0.0,4.01,2.46,2.77,0,2.2,0.0056,0,19.26,7.67,1.2671,538.5,143.42,delhi,winter,0.1531,1769
16.68401461178029,3093,120.0,40.5,0.62,0.0,0.0,3.79,1.86,5.77,1,2.22,0.0013,2,19.44,7.42,1.2416,527.7,139.12,chennai,summer,0.8846,1770
4.550304647256669,923,120.0,36.0,0.65,0.0,0.0,3.89,1.98,4.13,0,2.27,0.0022,0,17.79,6.67,1.1668,495.9,135.61,chennai,summer,0.2587,1771
21.298318313406664,3975,120.0,10.7,0.62,0.0,0.0,4.46,2.68,2.65,0,2.18,0.0005,1,19.3,6.96,1.1958,508.2,125.76,delhi,winter,1.2185,1772
7.240537238185064,1365,120.0,21.9,0.63,0.0,0.0,3.82,2.35,0.76,0,2.27,0.0037,1,19.16,6.98,1.1979,509.1,129.4,bengaluru,winter,0.4213,1773
2.466096410160631,472,120.0,33.6,0.63,0.0,0.0,3.44,1.22,4.06,0,2.22,0.0042,0,18.88,6.89,1.1894,505.5,137.4,bengaluru,summer,0.1396,1774
10.791636296378096,2031,120.0,38.2,0.65,0.0,0.0,4.31,2.69,4.92,0,2.25,0.0039,1,19.2,7.2,1.2202,518.6,101.48,chennai,summer,0.768,1775
7.494409126679353,1442,120.0,20.9,0.62,0.0,0.0,4.1,2.13,0.92,0,2.21,0.0021,0,18.75,5.4,1.0398,441.9,156.0,chennai,winter,0.3379,1776
13.049219823489793,2414,120.0,32.4,0.63,0.0,0.0,4.07,2.84,2.7,0,2.14,0.0008,0,19.48,7.22,1.2219,519.3,125.74,bengaluru,summer,0.7586,1777
10.651096998267017,1907,120.0,44.2,0.64,0.0,0.0,5.17,2.82,7.5,1,2.1,0.001,0,20.13,6.78,1.1784,500.8,126.06,delhi,summer,0.6176,1778
13.45959932961208,2521,120.0,28.9,0.62,0.0,0.0,4.25,2.38,2.57,0,2.16,0.0008,0,19.23,5.13,1.0129,430.5,156.0,bengaluru,monsoon,0.597,1779
19.696920867607922,3591,120.0,29.8,0.63,0.0,0.0,4.57,2.74,2.21,0,2.12,0.0008,0,19.76,5.96,1.0958,465.7,150.15,bengaluru,summer,0.9537,1780
8.787178895930003,1661,120.0,31.3,0.63,0.0,0.0,6.25,4.1,3.56,0,2.26,0.0036,1,19.11,7.32,1.2322,523.7,101.68,bengaluru,monsoon,0.6265,1781
10.359663422847671,1983,120.0,24.4,0.63,0.0,0.0,5.05,2.32,1.05,0,2.19,0.0005,0,18.82,5.47,1.0471,445.0,156.0,bengaluru,monsoon,0.4749,1782
5.586580979482984,1019,120.0,24.1,0.63,0.0,0.0,4.45,2.15,1.75,0,2.13,0.002,0,19.78,6.68,1.1678,496.3,133.68,bengaluru,monsoon,0.3177,1783
20.749411899505454,3876,120.0,31.7,0.62,0.0,0.0,4.17,2.12,3.89,0,2.15,0.0003,0,19.28,6.8,1.1798,501.4,148.77,chennai,monsoon,1.046,1784
20.091198531072536,3777,120.0,21.5,0.63,0.0,0.0,4.35,2.24,1.49,0,2.26,0.0013,3,19.17,7.2,1.22,518.5,105.95,delhi,monsoon,1.4106,1785
14.302884334654406,2718,120.0,27.8,0.63,0.0,0.0,3.98,1.89,2.16,0,2.19,0.0022,0,18.98,6.78,1.1779,500.6,136.48,bengaluru,monsoon,0.808,1786
5.813795072905556,1115,120.0,38.0,0.62,0.0,0.0,4.9,2.92,5.08,0,2.3,0.0018,1,18.8,6.55,1.1546,490.7,137.01,bengaluru,summer,0.3239,1787
7.913785110922819,1470,120.0,19.6,0.63,0.0,0.0,4.9,2.53,1.39,0,2.23,0.002,1,19.42,5.16,1.0165,432.0,156.0,bengaluru,winter,0.3566,1788
15.942432118727673,2923,120.0,32.0,0.62,0.0,0.0,4.17,1.94,3.75,0,2.13,0.0003,0,19.64,5.46,1.0461,444.6,156.0,chennai,monsoon,0.732,1789
17.509961891977188,3393,120.0,7.1,0.63,0.0,0.0,5.65,3.26,3.35,0,2.2,0.0003,0,18.58,7.69,1.2694,539.5,111.54,delhi,winter,1.1514,1790
12.81570205813598,2322,120.0,17.5,0.64,0.0,0.0,5.14,2.42,2.42,0,2.27,0.0026,3,19.92,6.66,1.1664,495.7,145.15,delhi,monsoon,0.6568,1791
9.799103630927878,1869,120.0,37.2,0.62,0.0,0.0,3.98,2.04,5.12,0,2.19,0.0011,0,18.89,5.85,1.0847,461.0,152.11,delhi,summer,0.462,1792
10.795039916766866,2012,120.0,44.8,0.63,0.0,0.0,5.55,3.15,8.52,1,2.21,0.0015,1,19.34,6.74,1.1736,498.8,135.46,delhi,summer,0.6149,1793
4.069772859540048,750,120.0,12.3,0.61,0.0,0.0,5.14,3.44,2.76,0,2.17,0.0053,0,19.63,7.65,1.2649,537.6,110.88,bengaluru,winter,0.2637,1794
6.599629720913058,1273,120.0,38.9,0.65,0.0,0.0,4.89,2.73,5.24,0,2.2,0.0008,0,18.68,6.62,1.1616,493.7,147.08,chennai,summer,0.3362,1795
17.02888313527988,3168,120.0,26.5,0.61,0.0,0.0,4.27,2.35,0.58,0,2.15,0.0006,0,19.36,6.77,1.1769,500.2,119.92,chennai,winter,1.0545,1796
18.21801026448857,3368,120.0,28.9,0.62,0.0,0.0,4.15,1.81,2.52,0,2.14,0.0006,0,19.48,7.28,1.2275,521.7,123.05,bengaluru,monsoon,1.0749,1797
16.652360744924415,3084,120.0,38.2,0.63,0.0,0.0,4.5,2.58,5.64,0,2.22,0.0013,2,19.46,7.0,1.2002,510.1,126.67,bengaluru,summer,0.9609,1798
13.665680305461322,2533,120.0,40.1,0.62,0.0,0.0,5.77,3.29,5.64,1,2.29,0.0024,3,19.46,6.54,1.1544,490.6,126.71,delhi,summer,0.8417,1799
5.857544542935088,1083,120.0,33.2,0.61,0.0,0.0,4.93,2.22,3.29,0,2.16,0.0037,0,19.54,5.88,1.0882,462.5,148.06,bengaluru,summer,0.2828,1800
21.8149389869928,3985,120.0,30.6,0.61,0.0,0.0,4.46,2.93,3.17,0,2.13,0.0008,0,19.72,6.65,1.1649,495.1,111.58,bengaluru,monsoon,1.4652,1801
10.076405354520379,1890,120.0,20.9,0.62,0.0,0.0,3.37,1.59,0.85,0,2.22,0.0011,1,19.21,7.56,1.2562,533.9,122.51,bengaluru,winter,0.6033,1802
9.153186552247552,1731,120.0,6.1,0.62,0.0,0.0,4.34,2.29,3.92,0,2.25,0.0023,1,19.08,5.44,1.044,443.7,156.0,delhi,winter,0.4188,1803
18.22653101355107,3404,120.0,4.3,0.62,0.0,0.0,4.2,2.58,3.99,0,2.16,0.0006,0,19.29,7.06,1.2061,512.6,149.13,delhi,winter,0.9491,1804
6.668359227258155,1231,120.0,7.8,0.63,0.0,0.0,5.08,2.85,3.74,0,2.15,0.0024,0,19.55,7.68,1.2682,539.0,137.62,delhi,winter,0.368,1805
13.411387341720935,2570,120.0,38.2,0.62,0.0,0.0,5.24,3.28,5.66,0,2.19,0.0008,0,18.8,6.8,1.1795,501.3,150.68,bengaluru,summer,0.6797,1806
2.267957577347919,494,120.0,36.8,0.6,0.0,0.0,2.78,0.88,4.39,0,2.69,0.0101,1,16.69,7.17,1.2172,517.3,141.87,bengaluru,summer,0.115,1807
16.22911451418331,2960,120.0,35.7,0.64,0.0,0.0,4.13,2.4,3.93,0,2.12,0.0007,0,19.75,5.79,1.0791,458.6,156.0,bengaluru,summer,0.777,1808
20.291326928556227,3701,120.0,43.0,0.62,0.0,0.0,5.16,2.22,7.44,1,2.12,0.0003,0,19.74,5.47,1.0468,444.9,156.0,delhi,summer,0.9325,1809
14.109292795840323,2632,120.0,34.1,0.61,0.0,0.0,4.46,2.48,3.9,0,2.2,0.0011,1,19.32,5.56,1.056,448.8,156.0,bengaluru,summer,0.6443,1810
14.817272235254263,2772,120.0,7.2,0.61,0.0,0.0,6.06,3.31,3.33,0,2.16,0.0004,0,19.25,7.31,1.2308,523.1,142.21,delhi,winter,0.7838,1811
9.86063364003702,1896,120.0,33.3,0.63,0.0,0.0,3.88,2.74,3.48,0,2.21,0.0032,0,18.78,6.79,1.1786,500.9,127.14,chennai,summer,0.5605,1812
13.210300955996914,2440,120.0,29.7,0.63,0.0,0.0,4.56,2.73,2.92,0,2.19,0.0016,1,19.52,5.88,1.088,462.4,156.0,bengaluru,monsoon,0.6337,1813
17.635991404278844,3313,120.0,6.9,0.64,0.0,0.0,4.77,2.89,3.39,0,2.3,0.0051,3,19.26,6.66,1.1664,495.7,127.08,delhi,winter,1.0072,1814
13.11808789967962,2410,120.0,14.9,0.63,0.0,0.0,4.2,2.82,2.08,0,2.14,0.0012,0,19.62,7.39,1.2388,526.5,109.68,bengaluru,winter,0.933,1815
14.94133877869209,2805,120.0,27.9,0.61,0.0,0.0,4.61,2.74,1.25,0,2.17,0.0011,0,19.2,7.05,1.2049,512.1,112.5,bengaluru,winter,0.9471,1816
6.443132584705136,1189,120.0,31.6,0.61,0.0,0.0,4.35,2.64,3.37,0,2.15,0.0017,0,19.54,7.25,1.2249,520.6,148.42,chennai,monsoon,0.3408,1817
2.975540657916711,568,120.0,23.0,0.62,0.0,0.0,4.72,2.35,1.37,0,2.19,0.0018,0,18.89,7.29,1.2294,522.5,126.56,delhi,monsoon,0.1757,1818
19.99185792013064,3752,120.0,23.4,0.63,0.0,0.0,4.15,2.65,0.53,0,2.16,0.0005,0,19.19,7.09,1.2092,513.9,105.51,bengaluru,winter,1.4013,1819
16.225456809250108,3099,120.0,40.3,0.63,0.0,0.0,3.94,2.22,6.36,1,2.31,0.0029,3,18.9,5.31,1.0306,438.0,156.0,chennai,summer,0.735,1820
11.110552384813026,2063,120.0,16.1,0.61,0.0,0.0,3.82,2.7,1.76,0,2.15,0.001,0,19.41,7.01,1.2014,510.6,133.75,bengaluru,winter,0.6312,1821
6.484283268544626,1243,120.0,18.1,0.64,0.0,0.0,4.44,2.47,1.18,0,2.19,0.0008,0,18.8,6.88,1.1878,504.8,144.28,bengaluru,winter,0.3359,1822
18.203853654777735,3424,120.0,6.4,0.61,0.0,0.0,4.53,2.53,3.56,0,2.2,0.0015,1,19.16,7.05,1.2047,512.0,141.76,delhi,winter,0.9324,1823
3.394941805750462,640,120.0,19.4,0.62,0.0,0.0,5.4,3.53,1.05,0,2.19,0.0031,0,19.15,6.79,1.1793,501.2,110.96,bengaluru,winter,0.2288,1824
14.339858921400875,2681,120.0,24.4,0.63,0.0,0.0,4.38,2.65,1.78,0,2.21,0.0015,1,19.28,6.56,1.1558,491.2,109.9,bengaluru,monsoon,0.9838,1825
15.007366271229857,2807,120.0,25.3,0.63,0.0,0.0,4.82,2.13,0.53,0,2.16,0.0007,0,19.26,6.62,1.1621,493.9,142.02,chennai,winter,0.7552,1826
11.669002159004364,2182,120.0,26.4,0.62,0.0,0.0,4.18,2.74,1.0,0,2.17,0.0023,0,19.29,5.49,1.0494,446.0,156.0,chennai,winter,0.5365,1827
12.184378742115356,2270,120.0,16.3,0.63,0.0,0.0,4.85,3.12,1.64,0,2.21,0.0013,1,19.35,5.66,1.0659,453.0,156.0,bengaluru,winter,0.5686,1828
2.496110291510838,449,120.0,19.1,0.63,0.0,0.0,5.29,4.01,1.07,0,2.17,0.0089,0,20.18,5.39,1.0386,441.4,156.0,bengaluru,winter,0.1167,1829
20.33657114971038,3776,120.0,40.1,0.63,0.0,0.0,4.05,1.92,6.25,1,2.15,0.0008,0,19.4,6.57,1.1574,491.9,137.99,delhi,summer,1.1433,1830
15.146902168133149,2770,120.0,22.1,0.62,0.0,0.0,4.79,2.71,0.68,0,2.12,0.0004,0,19.69,6.63,1.1631,494.3,131.69,chennai,winter,0.8467,1831
16.842451196561676,3175,120.0,21.2,0.63,0.0,0.0,4.44,1.9,0.52,0,2.21,0.0009,1,19.11,6.79,1.1786,500.9,151.68,bengaluru,winter,0.856,1832
5.935309545311802,1138,120.0,24.1,0.6,0.0,0.0,5.31,2.53,1.08,0,2.31,0.0026,1,18.82,6.72,1.1722,498.2,156.0,delhi,monsoon,0.2953,1833
4.1880709332048385,771,120.0,27.2,0.64,0.0,0.0,3.97,1.91,2.17,0,2.15,0.0026,0,19.6,6.62,1.1624,494.0,121.91,delhi,monsoon,0.2611,1834
3.6458939930332126,699,120.0,21.1,0.62,0.0,0.0,2.65,0.82,0.72,0,2.41,0.0086,1,18.93,7.22,1.2216,519.2,126.14,chennai,winter,0.2148,1835
14.81389026354082,2813,120.0,37.5,0.61,0.0,0.0,4.76,2.09,5.25,0,2.22,0.0014,1,18.98,6.76,1.176,499.8,127.57,delhi,summer,0.8315,1836
10.998174398989722,2055,120.0,40.6,0.62,0.0,0.0,5.31,2.55,6.87,1,2.16,0.0015,0,19.29,7.32,1.2315,523.4,115.65,delhi,summer,0.715,1837
5.3029084248867155,1043,120.0,26.8,0.61,0.0,0.0,4.3,2.64,1.87,0,2.23,0.0019,0,18.34,7.15,1.2148,516.3,104.33,bengaluru,monsoon,0.3708,1838
17.640483191262142,3215,120.0,34.3,0.61,0.0,0.0,4.62,2.21,4.15,0,2.16,0.0009,1,19.77,7.57,1.2567,534.1,130.66,bengaluru,summer,1.0487,1839
7.2736940571293855,1337,120.0,18.6,0.65,0.0,0.0,5.06,3.02,1.46,0,2.15,0.0022,0,19.63,5.1,1.0104,429.4,156.0,bengaluru,winter,0.3278,1840
2.8784810775442264,472,120.0,29.9,0.64,0.0,0.0,5.42,3.13,2.13,0,1.98,0.0021,0,22.0,5.14,1.0136,430.8,156.0,bengaluru,summer,0.1401,1841
14.409790469498446,2639,120.0,20.6,0.62,0.0,0.0,3.89,1.87,0.73,0,2.13,0.0008,0,19.67,7.57,1.2569,534.2,133.63,bengaluru,winter,0.7762,1842
9.846730173088876,1868,120.0,33.8,0.62,0.0,0.0,4.77,2.54,3.54,0,2.19,0.0021,0,19.02,5.53,1.0529,447.5,156.0,bengaluru,summer,0.4505,1843
15.483839340451741,2939,120.0,37.1,0.63,0.0,0.0,4.46,2.0,4.56,0,2.31,0.0024,3,19.01,6.57,1.1567,491.6,147.54,bengaluru,summer,0.7748,1844
12.221581923533277,2272,120.0,32.8,0.63,0.0,0.0,4.26,2.29,4.21,0,2.15,0.0009,0,19.38,7.07,1.2073,513.1,109.55,chennai,monsoon,0.8566,1845
13.1883272557694,2581,120.0,25.8,0.62,0.0,0.0,3.99,2.05,1.74,0,2.27,0.0019,1,18.43,5.65,1.0654,452.8,155.91,bengaluru,monsoon,0.606,1846
17.753136691092433,3549,120.0,34.6,0.62,0.0,0.0,4.34,2.7,3.45,0,2.25,0.0014,0,18.03,7.69,1.2689,539.3,104.32,bengaluru,summer,1.2489,1847
17.174233677715176,3245,120.0,28.2,0.63,0.0,0.0,4.75,2.97,2.61,0,2.25,0.0015,2,19.08,5.24,1.024,435.2,156.0,bengaluru,monsoon,0.7777,1848
17.092920478031175,3261,120.0,38.0,0.63,0.0,0.0,4.18,2.46,4.8,0,2.22,0.0009,1,18.89,6.91,1.1913,506.3,104.44,chennai,summer,1.1782,1849
10.931536307458106,2092,120.0,28.4,0.61,0.0,0.0,3.55,1.74,1.1,0,2.25,0.001,1,18.83,7.38,1.2376,526.0,133.71,bengaluru,summer,0.6402,1850
16.176552182620174,3082,120.0,16.2,0.63,0.0,0.0,4.66,2.41,1.43,0,2.18,0.0003,0,18.9,6.67,1.1668,495.9,147.21,bengaluru,winter,0.8148,1851
12.627022544935913,2394,120.0,42.3,0.63,0.0,0.0,4.38,2.38,6.65,1,2.23,0.0017,1,19.02,6.63,1.1628,494.2,124.58,chennai,summer,0.7866,1852
11.679011705283454,2190,120.0,27.5,0.63,0.0,0.0,4.6,2.83,0.91,0,2.22,0.0014,1,19.22,6.72,1.1715,497.9,118.6,chennai,winter,0.7219,1853
16.410884069269482,3132,120.0,38.0,0.62,0.0,0.0,3.81,2.13,4.76,0,2.18,0.0003,0,18.87,6.96,1.1958,508.2,141.03,bengaluru,summer,0.8381,1854
14.000614914171075,2639,120.0,25.9,0.62,0.0,0.0,4.44,2.5,2.03,0,2.23,0.0034,1,19.16,6.15,1.1146,473.7,148.69,bengaluru,monsoon,0.6753,1855
11.755670926269309,2198,120.0,21.4,0.62,0.0,0.0,4.61,2.38,1.87,0,2.21,0.0014,1,19.28,6.92,1.1918,506.5,107.36,delhi,monsoon,0.806,1856
19.473832712819647,3722,120.0,31.6,0.64,0.0,0.0,3.95,2.67,3.19,0,2.18,0.0003,0,18.84,6.93,1.1932,507.1,149.89,chennai,monsoon,1.0124,1857
19.355567690068792,3590,120.0,38.1,0.61,0.0,0.0,5.2,2.79,4.8,0,2.15,0.0006,0,19.42,6.11,1.1108,472.1,156.0,bengaluru,summer,0.9306,1858
12.24657425778785,2266,120.0,19.9,0.62,0.0,0.0,3.61,1.71,1.05,0,2.15,0.0013,0,19.48,6.78,1.1784,500.8,115.77,bengaluru,winter,0.768,1859
12.348537041534607,2302,120.0,34.2,0.61,0.0,0.0,4.76,3.0,4.52,0,2.21,0.0017,1,19.34,6.58,1.1581,492.2,111.47,bengaluru,monsoon,0.8271,1860
18.75701701348948,3546,120.0,25.0,0.61,0.0,0.0,4.18,2.35,1.38,0,2.17,0.0006,0,19.05,6.56,1.1555,491.1,150.97,bengaluru,monsoon,0.9283,1861
19.651827331312333,3697,120.0,9.6,0.61,0.0,0.0,4.39,2.29,2.89,0,2.2,0.0011,1,19.15,5.11,1.0113,429.8,156.0,delhi,winter,0.8664,1862
20.64243495120586,3947,120.0,43.3,0.62,0.0,0.0,5.0,2.66,7.38,1,2.19,0.0005,0,18.84,6.68,1.1678,496.3,142.5,delhi,summer,1.0355,1863
4.437684749332632,842,120.0,18.9,0.62,0.0,0.0,5.43,3.15,0.92,0,2.35,0.0059,1,19.08,7.64,1.2635,537.0,145.52,bengaluru,winter,0.2387,1864
14.368819916474056,2772,120.0,29.6,0.6,0.0,0.0,4.49,2.71,2.99,0,2.3,0.0032,2,18.72,7.58,1.2576,534.5,147.76,delhi,monsoon,0.7607,1865
10.079189157861407,1844,120.0,5.4,0.61,0.0,0.0,6.48,3.37,4.29,0,2.13,0.0011,0,19.7,6.65,1.1649,495.1,109.92,delhi,winter,0.6711,1866
8.909009685956748,1657,120.0,44.5,0.62,0.0,0.0,4.52,2.02,8.25,1,2.23,0.0024,1,19.4,7.32,1.2322,523.7,131.92,delhi,summer,0.528,1867
17.83747062282694,3366,120.0,25.3,0.62,0.0,0.0,4.09,1.85,1.21,0,2.17,0.0003,0,19.08,6.99,1.1993,509.7,137.28,delhi,monsoon,1.0187,1868
21.069995554507646,3933,120.0,22.8,0.62,0.0,0.0,4.79,2.61,2.15,0,2.25,0.002,3,19.32,7.19,1.2191,518.1,123.35,bengaluru,monsoon,1.343,1869
6.615697102137963,1291,120.0,26.5,0.6,0.0,0.0,3.81,2.42,1.81,0,2.23,0.0023,0,18.49,6.57,1.1569,491.7,125.96,chennai,monsoon,0.4078,1870
2.7291261203988495,565,120.0,33.4,0.64,0.0,0.0,4.7,2.56,3.75,0,2.31,0.0035,0,17.45,6.92,1.1922,506.7,122.15,bengaluru,summer,0.1707,1871
1.7206069497072891,323,120.0,6.0,0.62,0.0,0.0,3.39,0.58,3.95,0,2.18,0.0031,0,19.24,6.86,1.1861,504.1,128.48,delhi,winter,0.0992,1872
2.7696819494424334,543,120.0,35.6,0.62,0.0,0.0,4.87,2.53,3.81,0,2.28,0.0092,0,18.52,7.32,1.2325,523.8,119.0,bengaluru,summer,0.1764,1873
19.421533784115752,3668,120.0,36.3,0.62,0.0,0.0,4.18,2.52,3.99,0,2.2,0.0005,1,19.07,6.54,1.1536,490.3,113.83,bengaluru,summer,1.3,1874
7.110646684440689,1295,120.0,40.8,0.6,0.0,0.0,4.3,2.11,6.03,1,2.13,0.0015,0,19.8,6.93,1.1932,507.1,107.73,delhi,summer,0.4832,1875
5.05504676195347,922,120.0,23.8,0.65,0.0,0.0,4.33,1.98,2.02,0,2.13,0.0022,0,19.78,6.87,1.1866,504.3,123.65,bengaluru,monsoon,0.2937,1876
15.61494693649803,2835,120.0,40.9,0.62,0.0,0.0,4.13,2.24,6.57,1,2.11,0.0004,0,19.84,6.63,1.1633,494.4,127.07,delhi,summer,0.8765,1877
3.2471366580529195,627,120.0,34.6,0.62,0.0,0.0,3.32,1.23,4.43,0,2.49,0.0144,1,18.89,5.0,1.0005,425.2,156.0,bengaluru,summer,0.1428,1878
2.612527730883446,467,120.0,32.1,0.58,0.0,0.0,4.29,2.3,3.71,0,2.12,0.0043,0,20.22,5.09,1.0087,428.7,156.0,bengaluru,monsoon,0.1148,1879
12.591377017081323,2369,120.0,18.7,0.63,0.0,0.0,4.04,2.14,1.15,0,2.18,0.0025,0,19.18,7.42,1.2421,527.9,116.85,bengaluru,winter,0.8206,1880
16.807571160851978,3168,120.0,30.9,0.61,0.0,0.0,4.98,2.97,3.09,0,2.25,0.0022,2,19.14,5.95,1.0951,465.4,154.5,chennai,monsoon,0.7943,1881
8.652823697662013,1597,120.0,6.7,0.64,0.0,0.0,5.1,2.89,4.04,0,2.15,0.0025,0,19.55,7.58,1.2581,534.7,107.28,delhi,winter,0.6296,1882
3.511347574014712,725,120.0,26.6,0.62,0.0,0.0,3.65,1.71,2.34,0,2.33,0.0069,0,17.55,6.66,1.1661,495.6,121.95,bengaluru,monsoon,0.214,1883
11.089282366409613,2092,120.0,34.8,0.63,0.0,0.0,5.74,3.52,4.02,0,2.17,0.001,0,19.1,6.1,1.1096,471.6,156.0,chennai,summer,0.538,1884
2.7356349472015955,515,120.0,41.1,0.59,0.0,0.0,4.97,2.56,6.42,1,2.19,0.0039,0,19.19,7.45,1.2454,529.3,126.01,delhi,summer,0.1586,1885
2.436332433129926,419,120.0,20.7,0.63,0.0,0.0,5.63,3.28,0.6,0,2.05,0.0024,0,20.98,7.7,1.2699,539.7,109.85,bengaluru,winter,0.1666,1886
16.061274616819855,2965,120.0,16.8,0.6,0.0,0.0,3.87,2.18,1.7,0,2.14,0.0003,0,19.51,5.45,1.0454,444.3,156.0,bengaluru,winter,0.7295,1887
20.839927486118693,3892,120.0,47.2,0.64,0.0,0.0,4.66,2.06,8.47,1,2.15,0.0003,0,19.28,6.58,1.1584,492.3,126.29,delhi,summer,1.1837,1888
7.296153790249628,1362,120.0,16.3,0.62,0.0,0.0,5.41,3.7,1.89,0,2.18,0.0044,0,19.36,6.54,1.1539,490.4,111.2,bengaluru,winter,0.49,1889
3.3835864117282153,677,120.0,22.4,0.62,0.0,0.0,6.84,4.73,0.99,0,2.28,0.0059,0,18.1,6.03,1.1028,468.7,156.0,bengaluru,winter,0.1591,1890
16.90229926400012,3205,120.0,25.8,0.62,0.0,0.0,5.56,2.84,1.32,0,2.21,0.0009,1,19.0,7.12,1.2118,515.0,119.22,bengaluru,monsoon,1.0773,1891
9.908030596503991,1860,120.0,18.4,0.62,0.0,0.0,5.0,2.42,1.13,0,2.18,0.0032,0,19.24,6.56,1.1562,491.4,119.74,bengaluru,winter,0.6108,1892
14.138085565551544,2630,120.0,38.9,0.61,0.0,0.0,4.24,2.48,5.54,0,2.15,0.0008,0,19.37,7.28,1.2278,521.8,141.44,chennai,summer,0.7421,1893
14.195553385665798,2649,120.0,34.6,0.63,0.0,0.0,5.28,3.24,3.38,0,2.16,0.0008,0,19.31,7.5,1.2504,531.4,116.76,bengaluru,summer,0.934,1894
15.358494222758383,2826,120.0,42.0,0.62,0.0,0.0,5.35,3.13,6.84,1,2.14,0.0011,0,19.59,5.23,1.0228,434.7,156.0,delhi,summer,0.6861,1895
6.800327571090947,1280,120.0,8.3,0.66,0.0,0.0,4.43,2.35,3.08,0,2.27,0.0031,1,19.18,7.54,1.2539,532.9,114.33,delhi,winter,0.4582,1896
12.08737453537604,2261,120.0,4.9,0.62,0.0,0.0,4.38,1.99,3.85,0,2.16,0.0013,0,19.27,7.32,1.232,523.6,113.56,delhi,winter,0.7806,1897
19.41624719582257,3669,120.0,23.3,0.61,0.0,0.0,4.26,2.58,1.03,0,2.17,0.0011,0,19.07,6.58,1.1576,492.0,111.46,chennai,winter,1.2963,1898
17.491456331442226,3427,120.0,25.6,0.63,0.0,0.0,4.31,2.17,2.06,0,2.22,0.0009,0,18.39,5.04,1.0038,426.6,156.0,bengaluru,monsoon,0.7668,1899
18.763438700590747,3502,120.0,40.1,0.61,0.0,0.0,5.87,3.62,6.03,1,2.15,0.0003,0,19.29,7.3,1.2304,522.9,118.66,bengaluru,summer,1.1946,1900
16.706413280019518,3203,120.0,28.0,0.63,0.0,0.0,5.11,2.63,2.7,0,2.19,0.0006,0,18.79,7.04,1.2038,511.6,134.55,bengaluru,monsoon,0.9551,1901
8.346756396615012,1665,120.0,47.1,0.63,0.0,0.0,5.48,2.64,8.47,1,2.26,0.003,0,18.1,6.92,1.1915,506.4,108.35,delhi,summer,0.5704,1902
16.8451113065023,3137,120.0,25.5,0.63,0.0,0.0,4.02,1.96,1.59,0,2.19,0.001,1,19.35,5.94,1.0939,464.9,153.76,bengaluru,monsoon,0.8077,1903
12.006017150456886,2180,120.0,4.1,0.62,0.0,0.0,5.16,2.25,4.03,0,2.12,0.0009,0,19.84,5.15,1.0153,431.5,156.0,delhi,winter,0.5358,1904
16.248963120222495,2989,120.0,22.0,0.63,0.0,0.0,4.46,2.77,0.64,0,2.14,0.001,0,19.59,7.41,1.2412,527.5,131.62,bengaluru,winter,0.9677,1905
21.285483325206044,3956,120.0,8.6,0.61,0.0,0.0,4.75,1.83,3.52,0,2.21,0.001,2,19.39,7.24,1.2238,520.1,110.12,delhi,winter,1.4742,1906
15.376338925858947,2870,120.0,31.8,0.62,0.0,0.0,4.56,3.12,2.92,0,2.16,0.001,0,19.31,5.19,1.0191,433.1,156.0,bengaluru,summer,0.6869,1907
14.71884163134469,2785,120.0,31.1,0.62,0.0,0.0,3.84,2.38,2.93,0,2.21,0.0007,1,19.04,6.59,1.1586,492.4,127.48,bengaluru,summer,0.9058,1908
12.789733814828026,2422,120.0,36.8,0.62,0.0,0.0,4.26,2.66,5.15,0,2.18,0.0008,0,19.03,7.15,1.2146,516.2,143.33,bengaluru,summer,0.6612,1909
16.20858817853589,3049,120.0,43.9,0.6,0.0,0.0,5.76,2.65,7.75,1,2.17,0.0007,0,19.15,7.09,1.2092,513.9,116.11,delhi,summer,1.0144,1910
17.48116815871953,3269,120.0,5.1,0.62,0.0,0.0,5.19,2.8,3.8,0,2.19,0.0006,1,19.26,5.83,1.0826,460.1,156.0,delhi,winter,0.8223,1911
11.773518132079156,2163,120.0,23.6,0.6,0.0,0.0,4.19,2.38,0.86,0,2.19,0.0014,1,19.62,6.72,1.1718,498.0,122.7,chennai,winter,0.7145,1912
6.950408792246837,1305,120.0,26.4,0.62,0.0,0.0,3.86,2.59,1.66,0,2.27,0.0031,1,19.23,5.8,1.0805,459.2,156.0,bengaluru,monsoon,0.3279,1913
13.911889596660112,2616,120.0,27.0,0.63,0.0,0.0,4.52,2.08,2.57,0,2.17,0.0015,0,19.17,7.08,1.2075,513.2,148.87,bengaluru,monsoon,0.7275,1914
2.7658298462603685,540,120.0,43.7,0.62,0.0,0.0,5.56,3.25,7.48,1,2.29,0.0111,0,18.64,6.89,1.1892,505.4,122.6,delhi,summer,0.1717,1915
10.907593057172996,2055,120.0,36.0,0.6,0.0,0.0,4.1,2.38,4.59,0,2.17,0.0005,0,19.12,7.29,1.2289,522.3,152.0,bengaluru,summer,0.5623,1916
4.15988635391204,772,120.0,25.4,0.59,0.0,0.0,5.4,3.13,1.51,0,2.17,0.0039,0,19.47,6.88,1.1875,504.7,121.49,bengaluru,monsoon,0.255,1917
2.6662096135993294,528,120.0,20.6,0.62,0.0,0.0,4.35,2.25,0.62,0,2.26,0.0038,0,18.24,6.11,1.1108,472.1,150.66,chennai,winter,0.1266,1918
15.179274953191435,2907,120.0,18.2,0.62,0.0,0.0,5.09,2.96,1.08,0,2.19,0.0003,0,18.8,6.84,1.1845,503.4,116.27,bengaluru,winter,0.9456,1919
17.207917189207507,3219,120.0,32.8,0.62,0.0,0.0,3.95,2.21,3.11,0,2.17,0.0019,0,19.28,7.23,1.2226,519.6,109.28,bengaluru,summer,1.1957,1920
14.684302059908656,2791,120.0,43.5,0.62,0.0,0.0,4.69,1.97,7.6,1,2.19,0.0018,0,18.97,6.71,1.1706,497.5,119.11,delhi,summer,0.8984,1921
7.113575575872467,1283,120.0,23.4,0.62,0.0,0.0,5.33,2.67,0.44,0,2.11,0.0008,0,19.98,6.7,1.1701,497.3,145.37,chennai,winter,0.3619,1922
17.466768018640856,3383,120.0,25.7,0.62,0.0,0.0,4.17,2.35,1.64,0,2.25,0.0018,1,18.62,5.35,1.0353,440.0,156.0,delhi,monsoon,0.7832,1923
15.478767253102356,3032,120.0,26.2,0.62,0.0,0.0,3.7,1.87,2.58,0,2.24,0.003,0,18.43,6.55,1.1546,490.7,146.53,bengaluru,monsoon,0.7694,1924
8.617199223452866,1662,120.0,41.4,0.63,0.0,0.0,5.36,3.37,6.78,1,2.2,0.0012,0,18.69,5.66,1.0661,453.1,156.0,delhi,summer,0.4047,1925
17.24977515053223,3183,120.0,18.8,0.62,0.0,0.0,4.4,2.2,1.28,0,2.18,0.0009,1,19.53,5.39,1.0393,441.7,156.0,bengaluru,winter,0.7795,1926
10.824811461073393,2080,120.0,20.2,0.64,0.0,0.0,5.6,2.86,0.69,0,2.27,0.0029,1,18.79,7.13,1.2132,515.6,130.59,bengaluru,winter,0.6346,1927
12.713329838192799,2391,120.0,24.0,0.61,0.0,0.0,4.9,2.75,0.88,0,2.17,0.0008,0,19.16,6.12,1.1118,472.5,155.99,delhi,monsoon,0.6091,1928
14.148655566010103,2689,120.0,16.8,0.63,0.0,0.0,4.22,2.76,1.89,0,2.22,0.0011,1,18.96,7.57,1.2569,534.2,106.49,bengaluru,winter,1.005,1929
3.7443641266500136,704,120.0,34.5,0.65,0.0,0.0,5.81,2.94,3.47,0,2.35,0.0043,1,19.23,5.86,1.0864,461.7,152.23,bengaluru,summer,0.1882,1930
2.547385343717796,506,120.0,37.8,0.64,0.0,0.0,4.63,3.14,5.33,0,2.28,0.0059,0,18.22,5.17,1.0174,432.4,156.0,bengaluru,summer,0.1168,1931
7.852693877378513,1492,120.0,33.4,0.62,0.0,0.0,5.41,3.06,3.26,0,2.27,0.002,1,18.98,6.68,1.1682,496.5,112.02,bengaluru,summer,0.5354,1932
8.13105553740258,1513,120.0,7.2,0.59,0.0,0.0,4.94,2.95,3.33,0,2.4,0.0046,3,19.43,5.99,1.0986,466.9,156.0,delhi,winter,0.3873,1933
19.299207026339158,3587,120.0,41.8,0.62,0.0,0.0,4.88,2.02,6.78,1,2.25,0.0017,3,19.4,7.02,1.2021,510.9,130.7,delhi,summer,1.1059,1934
19.513464157238587,3667,120.0,33.2,0.62,0.0,0.0,4.0,2.25,2.95,0,2.16,0.0005,0,19.17,7.41,1.2407,527.3,114.59,bengaluru,summer,1.2498,1935
15.58125571311052,2912,120.0,25.0,0.61,0.0,0.0,3.07,2.31,1.56,0,2.24,0.0014,2,19.29,7.09,1.2094,514.0,141.25,chennai,monsoon,0.8016,1936
7.266086380080979,1340,120.0,36.8,0.62,0.0,0.0,4.72,2.34,4.8,0,2.14,0.0007,0,19.54,7.43,1.2433,528.4,124.13,bengaluru,summer,0.4361,1937
9.992428257363002,1940,120.0,39.9,0.63,0.0,0.0,4.91,3.4,6.2,0,2.21,0.001,0,18.56,7.57,1.2567,534.1,125.3,bengaluru,summer,0.5984,1938
2.3152348654671293,458,120.0,31.1,0.65,0.0,0.0,4.3,2.16,1.95,0,2.53,0.0066,1,18.31,6.99,1.1988,509.5,116.61,bengaluru,summer,0.151,1939
12.134560337163096,2322,120.0,44.6,0.63,0.0,0.0,4.67,2.23,7.68,1,2.2,0.0022,0,18.85,6.56,1.1555,491.1,131.44,delhi,summer,0.6833,1940
14.80688443891441,2859,120.0,33.6,0.62,0.0,0.0,4.01,2.57,4.02,0,2.24,0.0007,1,18.66,7.55,1.2553,533.5,137.2,chennai,monsoon,0.7962,1941
7.594253504048913,1478,120.0,22.2,0.58,0.0,0.0,4.36,2.63,0.36,0,2.22,0.0014,0,18.52,7.13,1.2132,515.6,152.34,bengaluru,winter,0.3804,1942
21.20579951105472,3996,120.0,44.2,0.62,0.0,0.0,5.37,2.45,8.49,1,2.17,0.001,0,19.12,6.97,1.1972,508.8,125.78,delhi,summer,1.2089,1943
5.592470724680945,1086,120.0,9.7,0.63,0.0,0.0,4.77,2.32,3.17,0,2.21,0.0009,0,18.56,6.69,1.1692,496.9,124.53,delhi,winter,0.3487,1944
14.138442620896658,2660,120.0,28.9,0.63,0.0,0.0,4.45,2.9,2.73,0,2.17,0.0011,0,19.16,5.57,1.0567,449.1,156.0,bengaluru,monsoon,0.6538,1945
2.6809236877806044,507,120.0,32.2,0.63,0.0,0.0,4.17,2.24,3.38,0,2.2,0.0039,0,19.11,7.15,1.2153,516.5,144.34,bengaluru,monsoon,0.1417,1946
2.923009815242923,527,120.0,13.7,0.61,0.0,0.0,4.69,2.74,2.29,0,2.39,0.0114,1,20.19,6.88,1.1875,504.7,131.87,bengaluru,winter,0.1673,1947
18.804254631237434,3534,120.0,29.8,0.63,0.0,0.0,5.09,2.55,3.75,0,2.2,0.0006,1,19.17,5.54,1.0536,447.8,154.6,bengaluru,monsoon,0.871,1948
13.786592609630123,2609,120.0,31.7,0.63,0.0,0.0,4.84,2.68,3.36,0,2.17,0.0008,0,19.04,5.43,1.0433,443.4,156.0,chennai,monsoon,0.6327,1949
4.9288321972122775,983,120.0,25.8,0.61,0.0,0.0,3.31,1.83,1.08,0,2.37,0.002,1,18.09,6.76,1.1758,499.7,149.3,chennai,winter,0.2439,1950
6.538789345114403,1216,120.0,42.0,0.62,0.0,0.0,5.47,3.98,6.6,1,2.27,0.0041,1,19.43,7.27,1.2268,521.4,128.87,chennai,summer,0.3859,1951
1.7845572496259852,354,120.0,10.1,0.64,0.0,0.0,5.09,1.68,2.69,0,2.25,0.0028,0,18.2,7.68,1.2682,539.0,108.74,delhi,winter,0.1246,1952
7.844577604132859,1403,120.0,41.5,0.64,0.0,0.0,4.75,2.55,7.17,1,2.27,0.0029,2,20.18,6.62,1.1619,493.8,124.1,delhi,summer,0.492,1953
8.790728066157747,1631,120.0,21.8,0.64,0.0,0.0,4.12,2.39,0.77,0,2.22,0.0012,1,19.43,7.15,1.2148,516.3,119.79,bengaluru,winter,0.5675,1954
12.96265335439423,2471,120.0,37.2,0.63,0.0,0.0,3.89,2.85,5.25,0,2.24,0.002,1,18.92,7.11,1.2111,514.7,104.07,bengaluru,summer,0.908,1955
6.477692533037411,1255,120.0,37.5,0.64,0.0,0.0,3.94,2.47,6.3,0,2.21,0.0008,0,18.6,7.64,1.2635,537.0,112.94,chennai,monsoon,0.4319,1956
12.101372019803105,2283,120.0,3.2,0.62,0.0,0.0,4.47,2.07,4.64,0,2.33,0.0022,3,19.12,7.04,1.2042,511.8,125.19,delhi,winter,0.761,1957
8.696146292451719,1678,120.0,20.7,0.61,0.0,0.0,3.63,2.3,0.6,0,2.2,0.0006,0,18.67,5.56,1.056,448.8,156.0,bengaluru,winter,0.3949,1958
9.541988478919341,1816,120.0,31.5,0.62,0.0,0.0,4.07,2.1,2.8,0,2.26,0.0028,1,18.97,7.61,1.2612,536.0,126.47,bengaluru,summer,0.567,1959
13.553794474596073,2622,120.0,41.6,0.62,0.0,0.0,4.96,2.66,6.72,1,2.34,0.0019,3,18.64,7.17,1.2172,517.3,147.04,bengaluru,summer,0.7084,1960
21.259899823974038,3974,120.0,4.2,0.61,0.0,0.0,5.41,2.73,4.01,0,2.19,0.0018,1,19.29,6.92,1.1918,506.5,114.44,delhi,winter,1.3262,1961
6.640908692704184,1305,120.0,34.4,0.61,0.0,0.0,4.85,2.56,3.78,0,2.23,0.0023,0,18.36,6.92,1.192,506.6,126.42,bengaluru,summer,0.4096,1962
7.91728376421294,1496,120.0,43.9,0.62,0.0,0.0,4.17,1.89,7.87,1,2.18,0.002,0,19.09,5.51,1.0513,446.8,156.0,delhi,summer,0.3685,1963
11.846655232983945,2226,120.0,20.6,0.63,0.0,0.0,4.72,3.04,0.64,0,2.17,0.0013,0,19.18,5.86,1.0864,461.7,156.0,bengaluru,winter,0.5599,1964
9.41905256273983,1731,120.0,24.0,0.64,0.0,0.0,4.81,3.08,0.78,0,2.2,0.0012,1,19.61,5.87,1.0866,461.8,155.91,bengaluru,winter,0.4556,1965
20.94567653243821,3775,120.0,6.9,0.62,0.0,0.0,4.36,2.05,3.54,0,2.11,0.0005,0,19.99,6.77,1.1772,500.3,144.95,delhi,winter,1.0751,1966
4.002290694600539,783,120.0,39.4,0.61,0.0,0.0,5.64,2.75,5.58,0,2.55,0.0051,2,18.49,6.76,1.1762,499.9,108.29,chennai,summer,0.2713,1967
18.07498613761898,3464,120.0,4.6,0.63,0.0,0.0,4.22,1.99,3.92,0,2.19,0.0006,0,18.8,5.16,1.0158,431.7,156.0,delhi,winter,0.8071,1968
12.116167954472367,2283,120.0,29.8,0.63,0.0,0.0,3.97,2.72,2.35,0,2.33,0.0022,3,19.14,7.3,1.2299,522.7,102.33,bengaluru,monsoon,0.8528,1969
13.146687746895118,2439,120.0,27.4,0.63,0.0,0.0,4.65,2.97,2.49,0,2.25,0.0016,2,19.43,6.6,1.1595,492.8,132.87,delhi,monsoon,0.7473,1970
8.356100439997808,1553,120.0,28.4,0.6,0.0,0.0,6.27,3.47,2.72,0,2.16,0.0019,0,19.4,7.62,1.2624,536.5,139.95,bengaluru,monsoon,0.4463,1971
10.051623633370067,1879,120.0,39.7,0.64,0.0,0.0,5.03,2.39,6.08,0,2.16,0.0005,0,19.27,6.85,1.1849,503.6,140.21,delhi,summer,0.5194,1972
3.1767126743847705,623,120.0,45.5,0.61,0.0,0.0,3.55,1.89,8.37,1,2.24,0.0032,0,18.42,7.35,1.2351,524.9,113.64,chennai,summer,0.2033,1973
18.71483781273062,3585,120.0,24.6,0.64,0.0,0.0,5.01,3.05,1.26,0,2.2,0.0017,0,18.82,5.89,1.0889,462.8,152.92,bengaluru,monsoon,0.8913,1974
14.789449176127746,2792,120.0,22.7,0.61,0.0,0.0,5.61,2.43,0.89,0,2.17,0.0011,0,19.09,7.23,1.2226,519.6,125.38,delhi,monsoon,0.8522,1975
11.043038873832144,2128,120.0,18.1,0.59,0.0,0.0,3.87,1.99,1.07,0,2.2,0.0009,0,18.7,6.9,1.1904,505.9,128.0,bengaluru,winter,0.6785,1976
16.40678149562505,3103,120.0,33.8,0.63,0.0,0.0,4.31,2.19,3.12,0,2.23,0.0032,1,19.09,5.95,1.0946,465.2,150.34,bengaluru,summer,0.7847,1977
4.642158405941431,922,120.0,7.8,0.64,0.0,0.0,6.2,3.66,3.44,0,2.38,0.0033,1,18.18,6.03,1.1028,468.7,156.0,delhi,winter,0.2208,1978
3.320956988551655,612,120.0,5.5,0.63,0.0,0.0,5.32,2.71,3.89,0,2.35,0.0049,1,19.63,6.99,1.1986,509.4,114.04,delhi,winter,0.212,1979
9.086654170029368,1716,120.0,36.1,0.62,0.0,0.0,3.81,1.98,4.2,0,2.18,0.0017,0,19.1,5.14,1.0136,430.8,156.0,bengaluru,summer,0.399,1980
16.812294287691962,3199,120.0,39.0,0.63,0.0,0.0,4.56,2.2,5.87,0,2.26,0.0016,2,18.95,5.55,1.0546,448.2,156.0,delhi,summer,0.777,1981
13.092745407185156,2498,120.0,8.0,0.64,0.0,0.0,4.84,2.75,3.15,0,2.18,0.0004,0,18.88,7.36,1.2365,525.5,100.51,delhi,winter,0.9327,1982
9.24053908692867,1747,120.0,27.4,0.61,0.0,0.0,4.78,2.81,2.33,0,2.31,0.0023,2,19.08,6.63,1.1633,494.4,110.62,delhi,monsoon,0.6224,1983
18.92617067430182,3528,120.0,17.5,0.62,0.0,0.0,4.72,2.69,1.56,0,2.15,0.0009,0,19.33,5.98,1.0984,466.8,156.0,bengaluru,winter,0.9036,1984
4.459841288954997,845,120.0,30.7,0.64,0.0,0.0,5.56,2.91,2.12,0,2.19,0.0024,0,19.04,6.69,1.1687,496.7,134.32,bengaluru,summer,0.252,1985
4.741352371483423,923,120.0,36.1,0.63,0.0,0.0,4.63,3.16,4.59,0,2.39,0.0076,1,18.63,6.55,1.1553,491.0,116.89,bengaluru,summer,0.3165,1986
17.091557608602212,3278,120.0,7.0,0.63,0.0,0.0,4.83,2.34,3.67,0,2.19,0.0006,0,18.78,7.03,1.2031,511.3,107.2,delhi,winter,1.1885,1987
18.62557846329936,3506,120.0,37.8,0.62,0.0,0.0,5.17,3.33,5.55,0,2.2,0.0014,1,19.15,7.66,1.2664,538.2,108.05,bengaluru,summer,1.3287,1988
18.384734458676466,3576,120.0,19.1,0.62,0.0,0.0,4.61,2.61,0.94,0,2.24,0.0006,1,18.52,6.72,1.172,498.1,116.5,bengaluru,winter,1.1312,1989
15.09197892278247,2823,120.0,22.0,0.62,0.0,0.0,4.57,2.58,1.21,0,2.16,0.0014,0,19.27,5.41,1.0412,442.5,156.0,bengaluru,winter,0.6831,1990
4.03287545756998,799,120.0,34.6,0.64,0.0,0.0,5.87,3.72,3.6,0,2.73,0.0075,3,18.3,7.29,1.2289,522.3,134.22,bengaluru,summer,0.2174,1991
6.915989166039455,1292,120.0,8.1,0.64,0.0,0.0,6.51,3.9,3.13,0,2.27,0.0039,1,19.34,6.68,1.1682,496.5,149.0,delhi,winter,0.3539,1992
8.88479701299161,1716,120.0,23.2,0.62,0.0,0.0,3.82,2.14,1.5,0,2.2,0.0012,0,18.66,6.78,1.1776,500.5,135.14,delhi,monsoon,0.4996,1993
4.737688644883077,904,120.0,24.8,0.6,0.0,0.0,5.2,2.53,1.25,0,2.32,0.0022,1,18.91,6.8,1.1805,501.7,154.32,bengaluru,monsoon,0.2382,1994
13.939238867987413,2571,120.0,16.5,0.65,0.0,0.0,3.93,1.72,1.37,0,2.32,0.0023,4,19.56,7.56,1.2555,533.6,127.91,bengaluru,winter,0.844,1995
14.985869817363628,2762,120.0,28.2,0.63,0.0,0.0,4.86,2.6,1.9,0,2.14,0.0004,0,19.54,7.3,1.2296,522.6,111.02,delhi,monsoon,0.9744,1996
6.650185626562768,1298,120.0,6.7,0.64,0.0,0.0,5.1,3.01,3.62,0,2.21,0.0008,0,18.46,5.18,1.0179,432.6,156.0,delhi,winter,0.298,1997
2.7406851277348707,478,120.0,36.0,0.63,0.0,0.0,4.17,2.19,4.58,0,2.32,0.0063,1,20.76,6.1,1.1101,471.8,156.0,bengaluru,summer,0.1351,1998
20.33219838947203,3769,120.0,28.9,0.63,0.0,0.0,5.13,2.71,2.28,0,2.14,0.0005,0,19.43,6.92,1.1918,506.5,133.39,delhi,monsoon,1.1731,1999
